activity_id,cluster,cluster_name,daily_views_log1p,daily_views,scrap_rate (%)
240777,1,혜택·대학생 특화형,3.01148063052213,19.31746031746032,4.1085
246020,1,혜택·대학생 특화형,2.138556729247417,7.4871794871794926,0.3425
243129,1,혜택·대학생 특화형,2.0427177087251414,6.711538461538458,0.0
245866,1,혜택·대학생 특화형,3.2910772187513406,25.87179487179486,3.9643
249050,0,일반·범용 모집형,2.5089215259918745,11.29166666666667,0.738
251705,1,혜택·대학생 특화형,7.58294213416509,1963.4000000000005,3.9676
251792,1,혜택·대학생 특화형,4.234736425877931,68.04347826086953,2.3003
251909,1,혜택·대학생 특화형,5.751706462937784,313.72727272727263,2.579
252474,1,혜택·대학생 특화형,3.7800488412522295,42.818181818181806,3.6093
252874,0,일반·범용 모집형,5.084505142662712,160.5000000000001,1.5576
250860,1,혜택·대학생 특화형,5.610844478996932,272.37500000000006,2.1799
251549,1,혜택·대학생 특화형,2.699681951431693,13.874999999999993,0.9009
253422,0,일반·범용 모집형,3.479529224932062,31.444444444444436,2.4735
252113,0,일반·범용 모집형,3.594568774642695,35.400000000000006,0.565
252820,1,혜택·대학생 특화형,4.27820813936787,71.1111111111111,1.875
242827,1,혜택·대학생 특화형,2.261473704751615,8.597222222222225,1.6155
244049,1,혜택·대학생 특화형,2.19508553908747,7.98076923076923,1.9277
240814,1,혜택·대학생 특화형,2.099726212851342,7.16393442622951,0.2288
245830,1,혜택·대학생 특화형,3.835681772171423,45.324999999999974,3.1991
248878,1,혜택·대학생 특화형,3.8411052055316106,45.576923076923094,2.1941
245250,1,혜택·대학생 특화형,3.328397882053641,26.89361702127659,3.1646
248970,1,혜택·대학생 특화형,3.6486582406270713,37.42307692307692,1.0277
250643,1,혜택·대학생 특화형,4.1683863946225,63.61111111111113,2.9694
251698,1,혜택·대학생 특화형,4.770684624465664,116.99999999999993,4.3393
251812,1,혜택·대학생 특화형,2.3513752571634785,9.500000000000009,2.0243
251999,1,혜택·대학생 특화형,3.871201010907892,47.00000000000005,2.4823
252183,1,혜택·대학생 특화형,5.093750200806763,162.00000000000014,3.0466
252551,0,일반·범용 모집형,4.5576973355979264,94.36363636363635,3.6609
254145,1,혜택·대학생 특화형,3.302548300592316,26.18181818181819,2.0833
254281,1,혜택·대학생 특화형,4.863680881139593,128.50000000000006,0.7782
250107,1,혜택·대학생 특화형,3.6696480921860495,38.23809523809527,1.3699
251030,1,혜택·대학생 특화형,4.935319956869817,138.11764705882348,2.598
251229,1,혜택·대학생 특화형,5.6940126830603965,296.0833333333335,3.4619
252615,1,혜택·대학생 특화형,4.414449821379108,81.63636363636363,2.3385
253719,0,일반·범용 모집형,3.332204510175204,26.999999999999996,0.463
250331,1,혜택·대학생 특화형,3.860175540896183,46.4736842105263,2.6048
250377,0,일반·범용 모집형,3.661791734163188,37.93103448275862,2.1818
251362,0,일반·범용 모집형,2.098784504522967,7.156250000000002,0.8734
251512,1,혜택·대학생 특화형,3.61794370266863,36.260869565217384,1.9185
252457,1,혜택·대학생 특화형,4.239362758486086,68.36363636363635,2.1277
252646,1,혜택·대학생 특화형,3.66612246699132,38.099999999999994,2.6247
253126,1,혜택·대학생 특화형,3.5765502691400166,34.75,0.3597
253298,1,혜택·대학생 특화형,4.530805770699229,91.83333333333331,1.4519
250686,0,일반·범용 모집형,3.840018083471203,45.526315789473685,2.7746
254185,1,혜택·대학생 특화형,2.545531271604436,11.750000000000009,0.0
236137,1,혜택·대학생 특화형,4.169472422276567,63.68131868131863,2.5194
249214,0,일반·범용 모집형,2.487878420177158,11.03571428571429,1.6181
249026,1,혜택·대학생 특화형,2.033771504846648,6.642857142857145,2.1505
249082,1,혜택·대학생 특화형,4.979863635429502,144.4545454545454,5.6849
249296,1,혜택·대학생 특화형,2.6079667425452278,12.571428571428575,1.1364
252024,1,혜택·대학생 특화형,6.838817351040709,932.3846153846179,3.2258
249860,1,혜택·대학생 특화형,4.320262040419036,74.20833333333334,3.7619
250522,1,혜택·대학생 특화형,3.4731488351888524,31.238095238095255,0.7622
251267,1,혜택·대학생 특화형,3.9293716437627593,49.87500000000001,3.8429
251600,1,혜택·대학생 특화형,3.762567169905096,42.05882352941179,2.0979
251810,1,혜택·대학생 특화형,5.399590593240608,220.31578947368413,2.4606
252149,1,혜택·대학생 특화형,4.819040100516972,122.84615384615384,2.2542
252434,1,혜택·대학생 특화형,4.850075229083814,126.74999999999997,3.3531
252621,1,혜택·대학생 특화형,3.8394523125933104,45.49999999999999,2.0147
253316,0,일반·범용 모집형,3.6959969218828,39.28571428571427,0.3636
253930,1,혜택·대학생 특화형,3.1033629377463563,21.27272727272727,0.4274
251126,0,일반·범용 모집형,3.6117621507695055,36.031250000000014,2.4284
251477,1,혜택·대학생 특화형,4.00733318523247,53.999999999999964,0.2924
251610,1,혜택·대학생 특화형,5.170818163796483,175.05882352941174,3.3938
251709,1,혜택·대학생 특화형,5.2326353347083865,186.28571428571428,3.0675
252451,0,일반·범용 모집형,5.051826451236836,155.3076923076923,3.9128
253206,1,혜택·대학생 특화형,3.828641396489096,45.00000000000004,1.1111
253318,1,혜택·대학생 특화형,3.710081661764539,39.85714285714284,0.0
253375,1,혜택·대학생 특화형,4.616533944638406,100.14285714285711,2.7104
252805,1,혜택·대학생 특화형,5.050771339121225,155.14285714285703,2.7164
249748,0,일반·범용 모집형,3.3960559821617364,28.84615384615384,3.2
250625,1,혜택·대학생 특화형,3.668433762953647,38.190476190476204,1.4963
251014,1,혜택·대학생 특화형,4.562030693327474,94.77777777777777,2.5791
251508,0,일반·범용 모집형,4.553876891600541,94.0,1.2878
251759,0,일반·범용 모집형,4.519868576459214,90.82352941176455,2.4611
252293,1,혜택·대학생 특화형,3.066262424359829,20.461538461538467,0.3759
252325,1,혜택·대학생 특화형,6.657714764203478,777.7692307692306,3.6989
252758,1,혜택·대학생 특화형,4.019381523748646,54.666666666666714,2.8963
252955,1,혜택·대학생 특화형,8.203085004727933,3651.1999999999985,2.8073
253104,1,혜택·대학생 특화형,3.713572066704308,40.00000000000001,0.5769
253202,0,일반·범용 모집형,4.305190585725905,73.08333333333337,3.5348
253439,1,혜택·대학생 특화형,5.049856007249537,155.0,2.9493
253448,1,혜택·대학생 특화형,4.121252015142025,60.63636363636361,3.7481
253699,0,일반·범용 모집형,2.939642806902948,17.90909090909092,1.5228
253837,1,혜택·대학생 특화형,4.231545683735586,67.82352941176472,1.4744
254302,0,일반·범용 모집형,3.743604353803183,41.250000000000014,0.6061
254186,0,일반·범용 모집형,2.3978952727983702,9.999999999999996,0.2778
236257,1,혜택·대학생 특화형,1.7410443766490389,4.703296703296705,2.1028
236521,1,혜택·대학생 특화형,3.4389377096450024,30.153846153846157,3.3528
254339,1,혜택·대학생 특화형,5.945420608606575,381.00000000000006,2.3622
254897,1,혜택·대학생 특화형,3.1780538303479453,22.999999999999993,3.4783
250471,0,일반·범용 모집형,2.981343536101892,18.714285714285726,0.2545
252081,1,혜택·대학생 특화형,3.4059479844207536,29.142857142857157,1.4706
250370,1,혜택·대학생 특화형,3.726788118095834,40.54545454545454,0.6726
251793,1,혜택·대학생 특화형,5.286244785313767,196.59999999999988,2.0346
252066,1,혜택·대학생 특화형,5.251525205041278,189.85714285714295,2.784
254292,1,혜택·대학생 특화형,5.4638318050256105,235.0000000000001,3.234
251262,1,혜택·대학생 특화형,3.0691597421088086,20.523809523809533,0.9281
253790,1,혜택·대학생 특화형,3.899082494152411,48.35714285714284,1.3294
250740,1,혜택·대학생 특화형,6.868519327617516,960.5238095238091,2.226
253811,0,일반·범용 모집형,7.147952584862176,1270.5000000000016,3.2369
221088,1,혜택·대학생 특화형,1.455670300989232,3.2873563218390816,3.8462
217422,1,혜택·대학생 특화형,1.78058616862993,4.9333333333333345,1.7672
217428,1,혜택·대학생 특화형,1.931892951640927,5.9025641025641065,2.8671
218825,1,혜택·대학생 특화형,1.8396154904056905,5.294117647058826,2.6263
241152,1,혜택·대학생 특화형,1.153488898893944,2.1692307692307695,0.0
247771,1,혜택·대학생 특화형,2.2583790004895503,8.56756756756757,0.9464
248984,1,혜택·대학생 특화형,3.3198127778800406,26.655172413793107,2.1992
249095,0,일반·범용 모집형,3.0418734295518464,19.94444444444445,1.2535
250883,0,일반·범용 모집형,4.346752668313616,76.22727272727275,2.6834
251660,1,혜택·대학생 특화형,3.0497994948242666,20.111111111111107,1.9337
253434,1,혜택·대학생 특화형,2.268683541318364,8.666666666666664,0.0
254305,1,혜택·대학생 특화형,4.319391063682397,74.14285714285715,1.3487
252606,1,혜택·대학생 특화형,3.407427931412792,29.187500000000018,2.5696
253062,1,혜택·대학생 특화형,5.723948144250795,305.1111111111111,4.5885
246246,0,일반·범용 모집형,1.7211419020141014,4.59090909090909,0.9901
253682,1,혜택·대학생 특화형,6.091913018404787,441.26666666666637,3.8072
230047,0,일반·범용 모집형,3.4166511255639955,29.467213114754095,2.8373
236890,1,혜택·대학생 특화형,2.0656100625313747,6.890109890109894,1.2759
237069,1,혜택·대학생 특화형,2.5102244577722903,11.307692307692308,3.9845
237216,1,혜택·대학생 특화형,3.1553624191458747,22.461538461538456,3.2779
248827,1,혜택·대학생 특화형,3.405489233743696,29.12903225806451,2.1041
250552,1,혜택·대학생 특화형,3.350666573014939,27.52173913043477,1.7378
250962,0,일반·범용 모집형,3.624340932976366,36.500000000000036,1.3699
252628,1,혜택·대학생 특화형,3.180827757230671,23.066666666666666,1.7341
253015,1,혜택·대학생 특화형,3.912023005428146,48.99999999999999,3.2967
253032,1,혜택·대학생 특화형,5.603435823572367,270.35714285714283,4.465
253636,0,일반·범용 모집형,4.718498871295094,110.99999999999996,3.3033
254238,1,혜택·대학생 특화형,7.400446026838313,1635.7142857142871,3.0044
254892,1,혜택·대학생 특화형,3.476834795867775,31.357142857142847,2.0501
253467,0,일반·범용 모집형,4.350277936359301,76.5,3.3613
249709,1,혜택·대학생 특화형,2.7725887222397816,15.000000000000007,0.8772
253717,1,혜택·대학생 특화형,4.254725791799995,69.4375,1.8002
254192,1,혜택·대학생 특화형,5.564520407322693,259.99999999999983,4.8077
254493,1,혜택·대학생 특화형,4.7461735934513145,114.14285714285708,3.3792
254806,1,혜택·대학생 특화형,3.655839600035737,37.70000000000003,0.2653
252132,1,혜택·대학생 특화형,4.564999021298814,95.0624999999999,0.6575
252188,1,혜택·대학생 특화형,4.365461617799186,77.68571428571424,2.3906
254089,1,혜택·대학생 특화형,4.168601332828593,63.624999999999986,1.7682
249734,1,혜택·대학생 특화형,4.455949860699048,85.1379310344827,3.3212
254174,1,혜택·대학생 특화형,2.9391619220655967,17.9,0.5587
254412,1,혜택·대학생 특화형,4.782269798800894,118.37499999999999,0.9504
255220,0,일반·범용 모집형,4.438721978350427,83.66666666666664,0.3984
244313,0,일반·범용 모집형,4.447964530004092,84.45283018867924,2.815
252962,1,혜택·대학생 특화형,6.096424982744469,443.26666666666677,5.0684
253244,0,일반·범용 모집형,4.28653786749521,71.71428571428575,3.6853
253036,1,혜택·대학생 특화형,4.272800632950478,70.72222222222223,1.9639
253477,1,혜택·대학생 특화형,3.7316994512968646,40.75000000000001,1.6871
253570,1,혜택·대학생 특화형,3.565684070820076,34.363636363636374,1.0582
253823,0,일반·범용 모집형,3.784189633918261,42.99999999999999,0.6977
232883,1,혜택·대학생 특화형,1.7183320006732377,4.575221238938052,0.7737
253970,1,혜택·대학생 특화형,3.761200115693562,41.99999999999998,4.2857
254044,1,혜택·대학생 특화형,4.454347296253508,85.00000000000004,3.5986
248622,1,혜택·대학생 특화형,3.76937454813312,42.35294117647056,3.0556
248544,0,일반·범용 모집형,4.6812891218112975,106.9090909090909,0.5952
253666,1,혜택·대학생 특화형,4.694678443176308,108.3636363636363,3.5235
254269,1,혜택·대학생 특화형,3.961870811155713,51.55555555555553,2.8017
255674,1,혜택·대학생 특화형,3.0985896589936983,21.166666666666657,0.0
250724,0,일반·범용 모집형,2.306423869301212,9.038461538461545,0.8511
251865,0,일반·범용 모집형,2.749405386784124,14.633333333333336,2.5057
252366,1,혜택·대학생 특화형,7.302159439730874,1482.4999999999957,3.3989
251602,0,일반·범용 모집형,2.2994551999851183,8.968750000000002,0.3484
251661,1,혜택·대학생 특화형,3.207381445442466,23.71428571428572,2.008
252398,1,혜택·대학생 특화형,5.0712186353909,158.36842105263173,2.7584
252493,0,일반·범용 모집형,4.405283496838149,80.88235294117649,3.5636
252819,1,혜택·대학생 특화형,2.684239552408491,13.647058823529408,0.8621
253037,0,일반·범용 모집형,3.207906793497627,23.727272727272734,0.7663
254096,1,혜택·대학생 특화형,3.0540011816779664,20.199999999999992,1.4851
254546,1,혜택·대학생 특화형,4.408242476804775,81.12500000000001,2.3112
250461,1,혜택·대학생 특화형,4.487771691770786,87.92307692307692,2.6684
251837,0,일반·범용 모집형,1.396244691973059,3.040000000000001,0.6579
252881,1,혜택·대학생 특화형,6.571154001777481,713.1935483870965,3.5054
253335,0,일반·범용 모집형,3.944812828251137,50.66666666666668,2.4671
253474,1,혜택·대학생 특화형,4.73765936903417,113.16666666666666,3.0191
253538,0,일반·범용 모집형,4.599319772309916,98.41666666666669,2.4555
253620,1,혜택·대학생 특화형,4.671128153779889,105.81818181818181,3.3505
254922,1,혜택·대학생 특화형,7.404279118037268,1641.9999999999995,0.7917
254996,1,혜택·대학생 특화형,4.725616339063959,111.80000000000003,1.5206
255243,1,혜택·대학생 특화형,4.51085950651685,89.99999999999997,1.9444
241863,0,일반·범용 모집형,1.809908787733732,5.109890109890109,1.0753
255491,1,혜택·대학생 특화형,7.507781548206429,1821.1666666666656,3.0841
253767,1,혜택·대학생 특화형,2.53202457276507,11.578947368421048,0.4545
256051,0,일반·범용 모집형,4.653960350157523,103.99999999999997,0.641
237799,1,혜택·대학생 특화형,2.422563519213865,10.274725274725277,0.7487
248680,1,혜택·대학생 특화형,3.7783283341682714,42.742857142857204,1.8048
249042,1,혜택·대학생 특화형,3.022513296231633,19.542857142857144,2.3392
251559,1,혜택·대학생 특화형,3.3660635439402085,27.964285714285698,1.9157
251604,1,혜택·대학생 특화형,2.5893739094686112,12.321428571428566,2.029
251914,0,일반·범용 모집형,3.118265911968972,21.60714285714285,2.6446
252816,1,혜택·대학생 특화형,4.456835891482273,85.21428571428571,3.772
253119,1,혜택·대학생 특화형,4.94718260298492,139.77777777777789,1.5501
253203,0,일반·범용 모집형,3.126133773169586,21.785714285714285,1.6393
253284,1,혜택·대학생 특화형,4.100209681674499,59.35294117647058,2.4777
253498,1,혜택·대학생 특화형,4.085976312551584,58.50000000000001,2.442
254371,1,혜택·대학생 특화형,3.7267881180958335,40.54545454545452,1.1211
254538,1,혜택·대학생 특화형,6.481423978192589,651.9000000000005,2.9606
255023,1,혜택·대학생 특화형,5.114175973037096,165.3636363636363,3.1336
255067,1,혜택·대학생 특화형,4.562858987916369,94.85714285714286,1.9578
255093,1,혜택·대학생 특화형,4.53413441287134,92.14285714285714,0.9302
255776,0,일반·범용 모집형,4.082368371175385,58.285714285714306,3.6765
250316,0,일반·범용 모집형,2.2863245721222656,8.838709677419358,0.365
250611,1,혜택·대학생 특화형,4.1311585353448175,61.25000000000003,2.6822
250913,1,혜택·대학생 특화형,4.66814498514948,105.50000000000003,2.8436
254260,1,혜택·대학생 특화형,4.044512188474225,56.08333333333332,1.7831
254896,1,혜택·대학생 특화형,4.15603813122744,62.81818181818179,3.1838
252155,1,혜택·대학생 특화형,4.414240254657536,81.6190476190476,2.3921
252238,0,일반·범용 모집형,5.181502611956201,176.94999999999993,4.7754
253237,0,일반·범용 모집형,3.897804756425866,48.29411764705878,2.5579
253630,1,혜택·대학생 특화형,3.843579433597962,45.692307692307715,2.0202
254054,1,혜택·대학생 특화형,4.5217885770490405,91.00000000000001,2.2823
254090,1,혜택·대학생 특화형,3.661957796547672,37.9375,4.1186
254241,1,혜택·대학생 특화형,3.0513021247088017,20.142857142857142,1.0638
254647,1,혜택·대학생 특화형,4.01509519056796,54.42857142857143,1.0499
254876,1,혜택·대학생 특화형,5.325175654050906,204.44444444444449,2.5543
255319,1,혜택·대학생 특화형,5.093750200806762,162.0,2.3663
255555,0,일반·범용 모집형,3.921211431482553,49.46153846153849,2.1773
243556,1,혜택·대학생 특화형,2.55120772960924,11.822580645161285,2.5921
237948,1,혜택·대학생 특화형,1.4855925821021712,3.417582417582418,0.0
247909,1,혜택·대학생 특화형,6.841129733037719,934.5454545454526,2.4805
249198,1,혜택·대학생 특화형,3.3473946756691797,27.428571428571445,3.2292
254373,1,혜택·대학생 특화형,4.600157644164547,98.49999999999997,0.6526
251630,1,혜택·대학생 특화형,7.240735712061205,1394.1199999999997,3.2135
235795,1,혜택·대학생 특화형,1.580450375560848,3.8571428571428577,1.1396
252555,1,혜택·대학생 특화형,3.821368637160015,44.66666666666666,3.0917
255488,0,일반·범용 모집형,3.988984046564274,52.999999999999986,2.6954
256024,1,혜택·대학생 특화형,3.6488012305465256,37.42857142857142,0.7634
252724,0,일반·범용 모집형,2.5494451709255728,11.800000000000017,1.2712
254092,1,혜택·대학생 특화형,3.5045558946493087,32.26666666666667,2.2727
254414,0,일반·범용 모집형,3.2927456734346565,25.916666666666675,0.0
254561,0,일반·범용 모집형,3.422187657553992,29.636363636363654,1.5337
255115,1,혜택·대학생 특화형,4.975871301659916,143.87500000000009,3.3884
238225,0,일반·범용 모집형,1.69369825605184,4.439560439560439,0.7426
233720,1,혜택·대학생 특화형,2.9729471811489847,18.54945054945054,1.8957
255601,1,혜택·대학생 특화형,2.427748235948052,10.333333333333337,0.0
256022,1,혜택·대학생 특화형,3.895215887111765,48.166666666666664,0.346
252488,1,혜택·대학생 특화형,3.426277066059179,29.76190476190476,1.6
253008,1,혜택·대학생 특화형,5.267858159063328,193.00000000000003,2.3725
251893,0,일반·범용 모집형,1.9178709289909208,5.8064516129032295,0.0
253425,1,혜택·대학생 특화형,4.110873864173311,60.00000000000001,2.5397
253656,1,혜택·대학생 특화형,2.476538400117484,10.900000000000006,1.2232
254455,1,혜택·대학생 특화형,4.196623411342519,65.46153846153847,2.2327
255400,1,혜택·대학생 특화형,3.0325462466767084,19.75000000000002,0.0
256645,1,혜택·대학생 특화형,3.486355190002462,31.666666666666657,1.0526
239332,1,혜택·대학생 특화형,1.1416296737518006,2.1318681318681323,0.0
238428,1,혜택·대학생 특화형,1.7525387560747738,4.76923076923077,1.3825
251248,1,혜택·대학생 특화형,4.193305332782082,65.24137931034481,4.1755
254191,1,혜택·대학생 특화형,4.127134385045091,60.99999999999995,1.6393
255966,0,일반·범용 모집형,4.304065093204169,72.99999999999997,3.5225
256112,1,혜택·대학생 특화형,5.674304621519142,290.2857142857144,4.2323
254263,1,혜택·대학생 특화형,4.274680021044426,70.85714285714285,2.2177
254352,0,일반·범용 모집형,2.3707933430205794,9.705882352941178,0.0
254555,1,혜택·대학생 특화형,5.235301495114623,186.78571428571433,4.1683
255998,1,혜택·대학생 특화형,3.608211551046482,35.90000000000002,2.7855
256726,1,혜택·대학생 특화형,4.722953221644475,111.49999999999999,2.6906
253189,1,혜택·대학생 특화형,3.425889994252527,29.750000000000007,5.7143
254390,0,일반·범용 모집형,3.346389145167161,27.400000000000013,0.9732
254845,1,혜택·대학생 특화형,4.187321018680206,64.84615384615387,0.949
256288,1,혜택·대학생 특화형,3.209947194123899,23.777777777777764,0.4673
215350,1,혜택·대학생 특화형,5.136931092709231,169.19266055045898,2.8549
226392,1,혜택·대학생 특화형,5.144679800088707,170.5165562913906,3.1614
249738,1,혜택·대학생 특화형,6.9347758031887095,1026.3888888888864,2.8958
256337,1,혜택·대학생 특화형,4.795790545596741,120.00000000000003,0.2381
256367,1,혜택·대학생 특화형,4.59511985013459,97.99999999999999,1.7493
254176,1,혜택·대학생 특화형,2.6680448664885112,13.411764705882359,0.8772
255016,1,혜택·대학생 특화형,3.5226772791998653,32.87500000000001,3.0418
256651,0,일반·범용 모집형,5.236441962829949,187.0,2.139
257110,1,혜택·대학생 특화형,2.477937980471907,10.916666666666668,0.0
252796,1,혜택·대학생 특화형,2.679062664228958,13.571428571428577,1.3158
250233,0,일반·범용 모집형,4.300257176607948,72.71874999999997,4.5982
254768,1,혜택·대학생 특화형,6.437751649736402,624.0000000000003,2.4239
257187,1,혜택·대학생 특화형,4.35242616489759,76.66666666666661,0.4348
253579,0,일반·범용 모집형,7.219235254948375,1364.4444444444403,4.0961
209874,1,혜택·대학생 특화형,1.5474784079632615,3.699604743083004,4.4872
232491,1,혜택·대학생 특화형,2.097716161923317,7.147540983606554,3.7844
252521,0,일반·범용 모집형,4.089259189838821,58.69565217391304,4.5926
240919,0,일반·범용 모집형,2.8475745291243437,16.245901639344257,3.0272
252340,0,일반·범용 모집형,5.763434074220378,317.44000000000005,1.8775
252342,0,일반·범용 모집형,4.987161937910615,145.52000000000027,2.144
254012,0,일반·범용 모집형,4.573497386121424,95.88235294117648,4.4172
254312,1,혜택·대학생 특화형,3.7390691986377913,41.058823529411754,3.0086
255680,1,혜택·대학생 특화형,3.8677227465315664,46.83333333333335,2.1352
255762,1,혜택·대학생 특화형,1.9549873672064295,6.06382978723404,3.8596
252490,0,일반·범용 모집형,3.9193644122865137,49.368421052631575,4.2644
254403,0,일반·범용 모집형,2.7700855920216627,14.96,0.2674
255816,1,혜택·대학생 특화형,4.210645017918261,66.39999999999998,1.2048
256418,1,혜택·대학생 특화형,4.17694809075731,64.16666666666664,1.5584
256900,1,혜택·대학생 특화형,4.421848128860553,82.24999999999999,3.3435
251743,1,혜택·대학생 특화형,3.0035960100142063,19.15789473684212,2.1978
252252,1,혜택·대학생 특화형,7.284546526505694,1456.6000000000001,3.3997
253705,1,혜택·대학생 특화형,4.885986638653891,131.42105263157893,4.6055
254813,0,일반·범용 모집형,2.7808875250544767,15.13333333333334,1.7621
255019,1,혜택·대학생 특화형,3.895215887111765,48.166666666666664,3.9792
255327,1,혜택·대학생 특화형,3.5858310782144898,35.08333333333334,1.4252
256409,1,혜택·대학생 특화형,5.2331119564227615,186.37499999999994,3.9571
256633,1,혜택·대학생 특화형,2.9166890662135385,17.480000000000008,2.0595
257035,0,일반·범용 모집형,3.328438027379727,26.894736842105267,1.1742
256289,1,혜택·대학생 특화형,4.864571485324925,128.61538461538456,4.0072
251333,1,혜택·대학생 특화형,3.733821979831297,40.838709677419324,0.8689
253428,1,혜택·대학생 특화형,3.582129084167055,34.94999999999998,0.7153
238880,1,혜택·대학생 특화형,4.085514482773828,58.47252747252743,2.8566
248242,0,일반·범용 모집형,3.426070646407295,29.755555555555553,2.2405
256271,1,혜택·대학생 특화형,6.466033631641827,641.9285714285718,3.8723
252115,1,혜택·대학생 특화형,6.409931187557748,606.8518518518522,2.3436
252166,0,일반·범용 모집형,3.1807383957186146,23.06451612903226,4.4755
254034,1,혜택·대학생 특화형,4.364103818372749,77.578947368421,2.3066
255326,1,혜택·대학생 특화형,4.416255513724494,81.78571428571433,4.0175
255779,1,혜택·대학생 특화형,5.657738536154794,285.49999999999983,5.1956
256364,1,혜택·대학생 특화형,5.450609176890295,231.9,1.8542
256581,1,혜택·대학생 특화형,3.8976342679760463,48.28571428571428,1.1834
256598,1,혜택·대학생 특화형,5.5639729120996,259.8571428571427,1.9241
256838,0,일반·범용 모집형,4.9608446295932405,141.71428571428575,3.0242
252121,0,일반·범용 모집형,2.752221419415348,14.677419354838714,1.0989
253355,0,일반·범용 모집형,5.198760085324952,180.04761904761907,3.7821
254417,0,일반·범용 모집형,3.706773943990487,39.722222222222236,0.4196
254902,1,혜택·대학생 특화형,3.9484926852095374,50.857142857142854,0.5618
255647,1,혜택·대학생 특화형,4.409329079106624,81.21428571428571,3.518
255766,1,혜택·대학생 특화형,6.7070369633385445,817.1428571428576,4.7115
255983,1,혜택·대학생 특화형,3.792273752318221,43.35714285714289,3.1301
256793,1,혜택·대학생 특화형,5.122261851332729,166.71428571428575,2.2279
256801,1,혜택·대학생 특화형,3.5430275771013737,33.57142857142859,1.7021
257094,1,혜택·대학생 특화형,3.6313007839114255,36.76190476190478,2.8497
257784,1,혜택·대학생 특화형,5.216745712854226,183.33333333333346,2.3636
252801,1,혜택·대학생 특화형,3.9318256327243257,50.0,3.7037
253408,0,일반·범용 모집형,2.477937980471907,10.916666666666668,0.3817
254394,1,혜택·대학생 특화형,5.06059436547067,156.6842105263158,3.7286
255573,1,혜택·대학생 특화형,3.778110587841879,42.733333333333334,4.5242
255597,1,혜택·대학생 특화형,4.172187048986035,63.857142857142875,4.5861
255949,0,일반·범용 모집형,4.286716454869557,71.72727272727276,3.1686
256752,1,혜택·대학생 특화형,5.005862015343598,148.28571428571428,4.0462
254773,1,혜택·대학생 특화형,3.004031076368685,19.166666666666647,1.1594
255163,1,혜택·대학생 특화형,4.222444564849416,67.2,3.0754
255197,1,혜택·대학생 특화형,4.554578399872031,94.06666666666663,2.3388
256322,1,혜택·대학생 특화형,4.686750172980514,107.50000000000001,4.5847
256841,1,혜택·대학생 특화형,4.375757021660287,78.50000000000006,2.707
256903,1,혜택·대학생 특화형,3.9374122394329656,50.285714285714285,1.4205
257611,1,혜택·대학생 특화형,3.801711984610464,43.77777777777779,2.5381
254360,0,일반·범용 모집형,4.341855469984605,75.85,3.4937
256631,1,혜택·대학생 특화형,4.990432586778736,145.99999999999997,3.5103
254334,1,혜택·대학생 특화형,3.406446737548299,29.157894736842106,1.444
255056,1,혜택·대학생 특화형,5.218274658874501,183.61538461538473,1.3825
255644,1,혜택·대학생 특화형,4.56594947283481,95.15384615384617,1.6168
256751,1,혜택·대학생 특화형,5.357871897304627,211.2727272727273,1.7642
256836,0,일반·범용 모집형,4.481589124216737,87.37500000000001,2.7182
255047,1,혜택·대학생 특화형,7.362146596426939,1574.2142857142862,2.5137
243110,1,혜택·대학생 특화형,5.023324398855857,150.91549295774655,3.2105
255912,1,혜택·대학생 특화형,4.764144378785056,116.23076923076933,0.9927
239629,0,일반·범용 모집형,2.543590151616091,11.72527472527473,1.0309
250614,1,혜택·대학생 특화형,3.418818983011975,29.53333333333333,0.2257
251135,1,혜택·대학생 특화형,4.344950678707245,76.08823529411765,4.9865
252146,1,혜택·대학생 특화형,2.750801368054874,14.655172413793107,1.8824
256376,0,일반·범용 모집형,3.3172117255890625,26.583333333333332,0.627
257283,1,혜택·대학생 특화형,3.834833366737016,45.285714285714285,0.9464
256734,1,혜택·대학생 특화형,5.247681750579456,189.12499999999991,1.9167
256466,1,혜택·대학생 특화형,5.003946305945459,148.0,3.4304
256648,0,일반·범용 모집형,8.139683659321406,3426.8333333333385,2.9327
240058,1,혜택·대학생 특화형,2.907921376233944,17.318681318681318,2.9188
239256,1,혜택·대학생 특화형,2.1923286067240126,7.956043956043956,1.105
239716,1,혜택·대학생 특화형,1.889397938791971,5.615384615384616,0.9785
251912,1,혜택·대학생 특화형,2.968905031320847,18.470588235294123,3.6624
254660,0,일반·범용 모집형,3.234749174024491,24.400000000000006,1.0246
254954,1,혜택·대학생 특화형,2.89867056071086,17.150000000000006,2.3324
255656,1,혜택·대학생 특화형,4.071871706370042,57.66666666666668,0.8092
256649,1,혜택·대학생 특화형,4.39197696552705,79.80000000000003,3.8847
255793,0,일반·범용 모집형,4.7114588422187405,110.2142857142858,4.5366
255796,1,혜택·대학생 특화형,3.757872325600888,41.85714285714286,3.7543
255974,1,혜택·대학생 특화형,4.039536325727106,55.800000000000004,2.1505
256535,1,혜택·대학생 특화형,3.264763229379672,25.17391304347828,1.3817
256692,0,일반·범용 모집형,2.3307559699607423,9.285714285714288,0.0
256722,1,혜택·대학생 특화형,4.130354999745134,61.20000000000003,5.2288
257055,1,혜택·대학생 특화형,4.020085749129862,54.70588235294117,0.8602
257306,0,일반·범용 모집형,2.656756906714659,13.249999999999993,0.9434
258521,1,혜택·대학생 특화형,4.122283930911342,60.7,2.9654
252508,1,혜택·대학생 특화형,2.780887525054476,15.133333333333326,2.4229
256352,1,혜택·대학생 특화형,3.823972127305413,44.78571428571435,2.7113
226605,1,혜택·대학생 특화형,2.6747909789636544,13.50931677018633,3.5862
237801,1,혜택·대학생 특화형,2.2775211243308293,8.752475247524751,1.9231
248459,1,혜택·대학생 특화형,4.146691722866187,62.22448979591835,3.8701
243551,0,일반·범용 모집형,1.81690365102908,5.152777777777775,1.8868
244543,0,일반·범용 모집형,2.6120432612040028,12.626865671641795,3.7825
247331,0,일반·범용 모집형,3.4367883267648582,30.08695652173914,2.6734
251201,0,일반·범용 모집형,2.901421594082749,17.199999999999985,0.4651
251320,0,일반·범용 모집형,3.460037881685089,30.81818181818183,1.0324
252103,0,일반·범용 모집형,2.61648300757672,12.687500000000004,1.7241
252289,1,혜택·대학생 특화형,3.6100456927895386,35.96774193548387,5.2018
253251,1,혜택·대학생 특화형,3.058533174793021,20.29629629629629,1.8248
253739,0,일반·범용 모집형,3.140914283398489,22.125000000000004,0.1883
254800,1,혜택·대학생 특화형,3.2782539954464625,25.529411764705888,0.4608
255191,1,혜택·대학생 특화형,3.624340932976365,36.5,0.3044
255330,1,혜택·대학생 특화형,4.13782967416184,61.66666666666671,3.5135
255489,0,일반·범용 모집형,3.95337819111006,51.111111111111114,1.413
255611,1,혜택·대학생 특화형,4.832571327554943,124.5333333333334,3.5332
256188,1,혜택·대학생 특화형,3.343504065429137,27.31818181818181,2.995
256318,1,혜택·대학생 특화형,4.276666119016055,71.0,4.6948
256469,0,일반·범용 모집형,4.381291070094928,78.94117647058827,1.8629
257104,1,혜택·대학생 특화형,3.56725841758433,34.41935483870969,2.5305
257352,0,일반·범용 모집형,4.837723868268379,125.1818181818182,4.6478
257718,1,혜택·대학생 특화형,4.755504067288649,115.2222222222222,2.9894
254604,0,일반·범용 모집형,3.500410005443412,32.12903225806451,2.3092
254775,1,혜택·대학생 특화형,3.663561646129647,38.00000000000003,1.7943
254949,1,혜택·대학생 특화형,5.083128206128465,160.27777777777771,4.4021
256479,1,혜택·대학생 특화형,4.430816798843313,82.99999999999999,1.2048
256480,1,혜택·대학생 특화형,4.248495242049359,69.00000000000003,3.9337
257562,1,혜택·대학생 특화형,3.288401887516811,25.8,1.0336
257854,1,혜택·대학생 특화형,3.543853682063679,33.60000000000001,2.1825
257881,0,일반·범용 모집형,3.323235840192444,26.750000000000014,1.1682
257084,1,혜택·대학생 특화형,5.435031189863858,228.2999999999999,3.5918
257051,1,혜택·대학생 특화형,6.077329433795364,434.8636363636357,4.3483
254998,1,혜택·대학생 특화형,6.369819440038604,582.9523809523818,4.4355
251729,1,혜택·대학생 특화형,3.0709556947915786,20.5625,3.0395
253330,1,혜택·대학생 특화형,3.510100003744381,32.451612903225794,0.5964
254193,1,혜택·대학생 특화형,2.951590380324065,18.136363636363626,1.5038
254344,1,혜택·대학생 특화형,3.712462804250022,39.95454545454545,1.5927
254793,1,혜택·대학생 특화형,3.361532125269724,27.833333333333332,2.2754
254973,0,일반·범용 모집형,3.2255203675868693,24.166666666666668,1.3793
255051,1,혜택·대학생 특화형,2.762117422372486,14.833333333333332,1.1236
255092,1,혜택·대학생 특화형,3.809832064531599,44.142857142857146,2.9126
255507,0,일반·범용 모집형,3.578604923653681,34.82352941176471,0.8446
256563,1,혜택·대학생 특화형,3.3381392456950185,27.166666666666668,0.9202
256564,1,혜택·대학생 특화형,4.75071249127875,114.66666666666674,3.8517
257475,1,혜택·대학생 특화형,4.449165937511511,84.55555555555561,3.4166
257604,0,일반·범용 모집형,3.6843236375780752,38.818181818181806,1.4052
257630,1,혜택·대학생 특화형,4.421848128860553,82.24999999999999,1.3678
257817,1,혜택·대학생 특화형,3.5695326964813705,34.500000000000014,2.8986
234159,1,혜택·대학생 특화형,1.7735389231145269,4.8916666666666675,1.8739
250303,1,혜택·대학생 특화형,3.71731738943447,40.15384615384616,1.9796
245435,1,혜택·대학생 특화형,3.59033327487584,35.24615384615384,1.5714
244121,1,혜택·대학생 특화형,3.054629914801476,20.213333333333328,1.9789
252742,1,혜택·대학생 특화형,5.863631175598098,351.00000000000017,0.4748
253465,0,일반·범용 모집형,2.5318636328757718,11.576923076923082,1.9934
254759,1,혜택·대학생 특화형,5.094718411306798,162.15789473684222,3.3431
255606,1,혜택·대학생 특화형,3.379919983214871,28.368421052631593,1.6698
255952,1,혜택·대학생 특화형,4.664548356566352,105.11764705882348,1.399
256369,1,혜택·대학생 특화형,4.686479060060323,107.47058823529413,2.2441
257310,1,혜택·대학생 특화형,3.5025498759224427,32.199999999999996,1.8634
257972,1,혜택·대학생 특화형,3.473518043241782,31.250000000000014,0.0
258504,1,혜택·대학생 특화형,4.276666119016055,71.0,2.5822
258858,0,일반·범용 모집형,3.139110856399338,22.083333333333332,1.1321
255747,1,혜택·대학생 특화형,2.6625878270254524,13.333333333333329,2.0833
256481,0,일반·범용 모집형,3.7013019741124937,39.500000000000014,2.5316
256593,1,혜택·대학생 특화형,3.7954891891721942,43.499999999999986,1.341
256832,1,혜택·대학생 특화형,3.5103008835988163,32.45833333333334,1.4121
257958,1,혜택·대학생 특화형,2.904165080028501,17.25000000000001,0.0
255190,1,혜택·대학생 특화형,2.8815611282140097,16.842105263157894,4.375
255527,1,혜택·대학생 특화형,2.543350245658075,11.722222222222223,3.7915
257180,1,혜택·대학생 특화형,3.0270547446830323,19.63636363636364,1.8519
257610,1,혜택·대학생 특화형,3.4375650258330306,30.11111111111112,0.738
257711,0,일반·범용 모집형,4.902307417210627,133.6,2.994
235170,1,혜택·대학생 특화형,2.858252208474052,16.43103448275862,3.83
253396,1,혜택·대학생 특화형,4.194692536056382,65.3333333333333,1.644
257299,1,혜택·대학생 특화형,4.585894692459764,97.09090909090907,2.809
251833,1,혜택·대학생 특화형,4.243862679542624,68.67647058823529,4.197
254688,0,일반·범용 모집형,3.2252554318322404,24.160000000000014,1.8212
256910,1,혜택·대학생 특화형,7.477151652105907,1766.1999999999996,2.8309
257539,1,혜택·대학생 특화형,5.385412073398969,217.19999999999973,2.5322
257832,1,혜택·대학생 특화형,6.285424946477699,535.6923076923072,4.5663
258188,1,혜택·대학생 특화형,4.254599024987376,69.4285714285714,1.0288
258838,1,혜택·대학생 특화형,4.022371062597011,54.8333333333333,1.5198
259316,1,혜택·대학생 특화형,3.6653914728067223,38.07142857142856,0.5629
254265,1,혜택·대학생 특화형,4.5119223941279865,90.09677419354838,4.5113
255138,1,혜택·대학생 특화형,5.1029105702054265,163.49999999999997,3.0581
256753,1,혜택·대학생 특화형,4.57312367658281,95.84615384615381,4.4141
257755,0,일반·범용 모집형,3.345107915011112,27.363636363636363,0.9967
258530,1,혜택·대학생 특화형,4.272025739459553,70.66666666666669,0.7075
253247,1,혜택·대학생 특화형,3.067302466055243,20.48387096774194,1.4173
255486,1,혜택·대학생 특화형,4.04567939024082,56.15000000000001,2.7605
255848,0,일반·범용 모집형,4.482110093230864,87.42105263157897,3.0704
255849,0,일반·범용 모집형,3.1603542532485447,22.57894736842105,0.2331
257334,0,일반·범용 모집형,4.706754349425831,109.69230769230764,2.805
257355,1,혜택·대학생 특화형,3.734262459961754,40.85714285714287,2.2727
257676,1,혜택·대학생 특화형,4.584967478670572,97.00000000000004,3.0928
257794,1,혜택·대학생 특화형,4.483334833126761,87.52941176470594,3.8306
258209,1,혜택·대학생 특화형,4.391357962102766,79.74999999999997,1.2539
259100,1,혜택·대학생 특화형,4.77912349311153,118.00000000000003,3.0508
255484,0,일반·범용 모집형,2.1358556309599277,7.464285714285719,0.7177
255590,1,혜택·대학생 특화형,3.372209844788903,28.142857142857142,1.1844
256623,1,혜택·대학생 특화형,5.13186915891037,168.333333333333,2.8911
258363,1,혜택·대학생 특화형,4.437596485828692,83.57142857142854,2.3932
258564,1,혜택·대학생 특화형,5.207141485882167,181.57142857142867,2.6751
259542,1,혜택·대학생 특화형,2.4773020504027814,10.909090909090914,0.0
253191,1,혜택·대학생 특화형,4.513602992462601,90.24999999999999,4.1898
253794,1,혜택·대학생 특화형,3.693866995624976,39.20000000000003,3.863
255050,0,일반·범용 모집형,3.207906793497627,23.727272727272734,1.7241
256319,1,혜택·대학생 특화형,4.375057965357788,78.44444444444446,3.8952
256934,1,혜택·대학생 특화형,6.805131755083577,901.4666666666677,3.498
257869,1,혜택·대학생 특화형,5.41665580349612,224.12499999999994,4.2387
255079,0,일반·범용 모집형,3.746137069382467,41.35714285714286,2.1589
249405,1,혜택·대학생 특화형,2.857581935073174,16.419354838709683,2.947
240431,1,혜택·대학생 특화형,2.7269186854065928,14.285714285714285,1.6923
255461,1,혜택·대학생 특화형,2.2068400360356613,8.086956521739129,1.0753
257624,1,혜택·대학생 특화형,4.304708386889911,73.04761904761901,2.4772
257888,1,혜택·대학생 특화형,3.101477330650896,21.230769230769244,0.0
258372,1,혜택·대학생 특화형,3.20545280453606,23.66666666666667,0.4695
259293,0,일반·범용 모집형,4.199705077879927,65.66666666666669,3.2149
252541,1,혜택·대학생 특화형,3.157608139187656,22.514285714285705,4.8223
254930,1,혜택·대학생 특화형,6.5600872696001895,705.3333333333334,2.6938
256739,1,혜택·대학생 특화형,2.747270914255492,14.600000000000012,0.6849
257741,0,일반·범용 모집형,3.5812014403157475,34.916666666666664,2.3866
257837,1,혜택·대학생 특화형,4.38106463363769,78.92307692307688,1.0721
257937,1,혜택·대학생 특화형,3.277144732992176,25.49999999999999,1.9608
259181,1,혜택·대학생 특화형,3.688879454113936,38.99999999999998,0.5698
255759,1,혜택·대학생 특화형,3.3859299095313675,28.54545454545456,3.1847
257257,0,일반·범용 모집형,4.39268392914787,79.85714285714286,2.5939
257655,1,혜택·대학생 특화형,2.528391761727739,11.533333333333333,0.0
258433,1,혜택·대학생 특화형,4.56954300834494,95.5,2.8796
258609,1,혜택·대학생 특화형,4.143134726391533,61.99999999999999,2.0737
254696,1,혜택·대학생 특화형,3.7791263319617143,42.77777777777777,1.2987
256274,1,혜택·대학생 특화형,3.1780538303479458,23.000000000000004,2.1739
258600,1,혜택·대학생 특화형,4.048300623720694,56.300000000000004,0.8881
259263,1,혜택·대학생 특화형,4.184591440069879,64.6666666666667,2.5773
259417,1,혜택·대학생 특화형,4.808111029984782,121.50000000000004,3.4294
259823,0,일반·범용 모집형,4.99946199349813,147.3333333333333,1.5837
256682,1,혜택·대학생 특화형,3.4011973816621555,29.000000000000004,3.9185
256958,1,혜택·대학생 특화형,5.157905212831292,172.8,3.8194
257109,1,혜택·대학생 특화형,2.9444389791664407,18.000000000000004,1.2626
257321,1,혜택·대학생 특화형,5.855953173636414,348.3076923076922,3.0477
257332,1,혜택·대학생 특화형,4.392548013415414,79.84615384615384,2.3121
257850,1,혜택·대학생 특화형,5.045408260851301,154.3076923076923,4.2373
258051,1,혜택·대학생 특화형,4.304065093204169,72.99999999999997,2.4658
258191,0,일반·범용 모집형,3.058707072715379,20.299999999999994,2.9557
258394,1,혜택·대학생 특화형,3.688879454113936,38.99999999999998,4.6154
258396,1,혜택·대학생 특화형,4.338016693677439,75.55555555555551,4.1176
258533,1,혜택·대학생 특화형,3.592735593561034,35.33333333333333,4.4025
258592,1,혜택·대학생 특화형,4.316153890523173,73.89999999999996,2.0298
258701,1,혜택·대학생 특화형,4.265804879584451,70.22222222222223,1.8987
258743,1,혜택·대학생 특화형,5.1029105702054265,163.49999999999997,3.4404
258911,1,혜택·대학생 특화형,4.330733340286331,75.0,5.6667
259359,1,혜택·대학생 특화형,4.8283137373023015,124.00000000000004,4.5699
259420,0,일반·범용 모집형,4.867534450455582,128.99999999999997,2.9716
251975,0,일반·범용 모집형,4.069926034873955,57.55263157894738,3.3379
254077,1,혜택·대학생 특화형,4.287147396483638,71.75862068965516,3.5079
257964,1,혜택·대학생 특화형,2.540996116439044,11.692307692307693,0.6579
258090,1,혜택·대학생 특화형,3.977810745966149,52.4,4.1985
258552,0,일반·범용 모집형,3.8454082563461625,45.7777777777778,3.1553
258798,1,혜택·대학생 특화형,5.346512115397705,208.87500000000009,2.6332
258833,1,혜택·대학생 특화형,4.391357962102766,79.74999999999997,4.0752
259436,1,혜택·대학생 특화형,4.7664383335842135,116.49999999999999,3.1474
259702,1,혜택·대학생 특화형,5.145554611995626,170.66666666666666,2.5391
240962,1,혜택·대학생 특화형,2.1509952340284606,7.5934065934065895,4.7757
257348,1,혜택·대학생 특화형,2.079441541679836,7.000000000000002,0.6494
257746,1,혜택·대학생 특화형,2.5110763675213845,11.318181818181811,1.2048
255931,1,혜택·대학생 특화형,3.2088254890146994,23.750000000000004,1.5789
258831,0,일반·범용 모집형,5.028568761969732,151.71428571428567,4.8023
260209,1,혜택·대학생 특화형,4.317488113536311,74.00000000000004,1.8018
257953,1,혜택·대학생 특화형,2.7362210780689065,14.42857142857143,1.4851
258114,1,혜택·대학생 특화형,4.00733318523247,53.999999999999964,3.0093
256974,1,혜택·대학생 특화형,4.178651668682094,64.27777777777774,2.6793
241554,1,혜택·대학생 특화형,2.4494882225844576,10.582417582417582,0.7269
257988,1,혜택·대학생 특화형,4.234106504597259,67.99999999999996,1.3655
258793,1,혜택·대학생 특화형,3.399441454959891,28.947368421052648,1.6364
259512,1,혜택·대학생 특화형,3.796237972434436,43.53333333333335,1.5314
253482,1,혜택·대학생 특화형,6.858978751083368,951.3939393939407,3.1628
253218,1,혜택·대학생 특화형,5.257929305642747,191.08333333333312,2.8056
254253,1,혜택·대학생 특화형,5.395778341780594,219.47368421052622,1.0312
255661,1,혜택·대학생 특화형,2.846696694393503,16.230769230769226,1.1848
256023,1,혜택·대학생 특화형,3.226843994517377,24.199999999999985,1.3223
258275,1,혜택·대학생 특화형,3.4458016878989097,30.368421052631593,2.9463
258368,1,혜택·대학생 특화형,4.5281091398516295,91.58333333333331,3.0937
259196,0,일반·범용 모집형,5.902633333401366,364.9999999999999,1.0959
259722,1,혜택·대학생 특화형,4.468204330914935,86.20000000000006,1.8561
252981,0,일반·범용 모집형,3.147176591783506,22.270270270270267,2.3058
257331,1,혜택·대학생 특화형,2.203055497647013,8.052631578947372,0.6536
257730,1,혜택·대학생 특화형,3.005301724570141,19.19230769230768,1.002
258848,1,혜택·대학생 특화형,3.648057459593681,37.39999999999999,2.6738
260788,1,혜택·대학생 특화형,3.1724827852984903,22.866666666666667,1.1662
256355,1,혜택·대학생 특화형,4.465056329846695,85.92592592592601,3.4052
241383,0,일반·범용 모집형,1.3584374066169242,2.8901098901098896,1.1407
241887,1,혜택·대학생 특화형,1.9268921432195512,5.868131868131866,2.6217
243715,1,혜택·대학생 특화형,3.035058644692473,19.802197802197806,0.8879
256197,1,혜택·대학생 특화형,3.878613943297016,47.35714285714285,3.9216
256894,0,일반·범용 모집형,4.804021044733257,121.00000000000003,3.6206
257915,0,일반·범용 모집형,3.622434354705784,36.428571428571445,4.5098
258397,1,혜택·대학생 특화형,3.398813590306879,28.928571428571427,1.7284
258994,0,일반·범용 모집형,3.928552307379357,49.83333333333335,2.6756
259292,1,혜택·대학생 특화형,4.385769620952717,79.30000000000005,1.5132
259602,0,일반·범용 모집형,4.208003880694622,66.2222222222222,3.0201
260002,0,일반·범용 모집형,4.120197941048435,60.57142857142859,0.7075
239946,1,혜택·대학생 특화형,4.870825731539655,129.42857142857136,2.9801
254068,0,일반·범용 모집형,2.3344256988497043,9.323529411764705,1.2618
257827,1,혜택·대학생 특화형,6.068976582803204,431.2380952380952,3.3348
258306,1,혜택·대학생 특화형,6.941259132538788,1033.0714285714312,4.3145
259291,0,일반·범용 모집형,3.944226145922781,50.63636363636365,1.0772
259301,1,혜택·대학생 특화형,4.653007515402251,103.89999999999998,2.8874
259440,1,혜택·대학생 특화형,3.691874963093735,39.120000000000005,3.3742
260254,0,일반·범용 모집형,3.575550768806933,34.71428571428571,0.823
260458,1,혜택·대학생 특화형,4.598145571051127,98.30000000000001,2.1363
261140,1,혜택·대학생 특화형,4.272025739459553,70.66666666666669,0.4717
257086,1,혜택·대학생 특화형,7.486252902267664,1782.3571428571431,3.8993
253677,1,혜택·대학생 특화형,6.671869600148715,788.8709677419357,2.842
256073,1,혜택·대학생 특화형,3.094930987098008,21.08571428571428,1.626
258106,1,혜택·대학생 특화형,4.008631043948071,54.07142857142859,1.4531
258160,1,혜택·대학생 특화형,4.935073273873834,138.0833333333332,2.5951
258517,0,일반·범용 모집형,3.5992672954242493,35.57142857142858,3.012
258991,1,혜택·대학생 특화형,4.957586073006439,141.24999999999983,3.0678
259123,1,혜택·대학생 특화형,3.445442083459913,30.35714285714287,0.4706
259272,1,혜택·대학생 특화형,4.616533944638406,100.14285714285711,4.2083
259393,1,혜택·대학생 특화형,3.453157120592866,30.599999999999984,0.9804
259412,1,혜택·대학생 특화형,4.577798989191959,96.29999999999997,1.973
260012,0,일반·범용 모집형,4.790265669664771,119.33333333333336,2.2346
260144,0,일반·범용 모집형,4.243721963296702,68.6666666666667,2.6699
260279,1,혜택·대학생 특화형,5.422008838890586,225.3333333333333,3.0325
258228,1,혜택·대학생 특화형,6.904177457634253,995.4285714285713,3.0138
224449,1,혜택·대학생 특화형,2.3728364315383046,9.727777777777783,3.5408
241736,1,혜택·대학생 특화형,2.09848973665053,7.1538461538461515,0.3072
247826,1,혜택·대학생 특화형,2.122840857214392,7.3548387096774235,1.3158
257709,1,혜택·대학생 특화형,6.27839633816906,531.9333333333338,2.3311
259413,1,혜택·대학생 특화형,4.2087549133998445,66.27272727272725,4.5267
259968,1,혜택·대학생 특화형,4.577284982498555,96.24999999999994,1.6883
260017,1,혜택·대학생 특화형,5.562877021578963,259.57142857142844,2.0363
260408,1,혜택·대학생 특화형,4.975583656037337,143.8333333333333,0.6952
253462,1,혜택·대학생 특화형,2.523503949286144,11.472222222222221,2.1792
259555,1,혜택·대학생 특화형,6.567950221952567,710.909090909091,3.6189
259777,0,일반·범용 모집형,4.307437777682809,73.25,1.1945
256033,1,혜택·대학생 특화형,4.402518362720886,80.65625,1.6273
256661,1,혜택·대학생 특화형,3.907467188892286,48.772727272727295,2.7959
256807,1,혜택·대학생 특화형,6.223117247256863,503.27272727272685,4.4707
258885,0,일반·범용 모집형,4.876722876509989,130.20000000000005,1.0753
259425,0,일반·범용 모집형,3.5080951766388684,32.384615384615394,1.1876
260066,1,혜택·대학생 특화형,4.537961436294641,92.50000000000001,3.2432
260140,1,혜택·대학생 특화형,4.509288414284809,89.85714285714286,3.0207
260325,0,일반·범용 모집형,4.272025739459553,70.66666666666669,0.9434
260401,1,혜택·대학생 특화형,3.0877904179719384,20.928571428571427,2.0478
257538,1,혜택·대학생 특화형,4.988282048315508,145.6842105263158,2.1676
224801,1,혜택·대학생 특화형,2.2547944291576973,8.533333333333335,2.2135
229479,0,일반·범용 모집형,3.476300812119943,31.33986928104575,3.3368
235344,1,혜택·대학생 특화형,2.618301867563807,12.712418300653592,3.599
260181,1,혜택·대학생 특화형,5.196423058866697,179.625,3.9666
242049,1,혜택·대학생 특화형,2.1145328614911056,7.285714285714283,2.2624
245104,1,혜택·대학생 특화형,3.543980714584175,33.60439560439561,2.1256
242074,1,혜택·대학생 특화형,3.140260669185849,22.10989010989009,3.9264
259445,1,혜택·대학생 특화형,2.41699544417179,10.212121212121213,1.4837
260944,1,혜택·대학생 특화형,4.91705694713669,135.6,1.7699
259176,1,혜택·대학생 특화형,4.087655574071304,58.6,2.3891
259972,1,혜택·대학생 특화형,4.363806088560353,77.55555555555554,2.0057
260636,0,일반·범용 모집형,2.856470206220484,16.400000000000013,0.4065
260665,0,일반·범용 모집형,3.232121051618221,24.333333333333325,1.3699
260842,1,혜택·대학생 특화형,4.543294782270004,93.0,3.2258
260869,1,혜택·대학생 특화형,4.659658371272161,104.59999999999998,3.0593
260949,0,일반·범용 모집형,5.096201182425902,162.39999999999986,1.7241
259984,0,일반·범용 모집형,8.459328645971098,4717.888888888892,1.87
259672,1,혜택·대학생 특화형,7.269771488486624,1435.222222222226,2.6941
242149,1,혜택·대학생 특화형,1.349926716949016,2.8571428571428577,1.5385
259799,1,혜택·대학생 특화형,4.560869927091511,94.66666666666667,2.8169
260734,0,일반·범용 모집형,3.676300671907076,38.5,1.7316
250616,1,혜택·대학생 특화형,2.21021177286303,8.117647058823525,1.9324
259312,1,혜택·대학생 특화형,3.818557277422469,44.53846153846155,0.8636
250622,1,혜택·대학생 특화형,2.0818895233184755,7.019607843137251,5.0279
236648,1,혜택·대학생 특화형,1.5858280467949668,3.8833333333333346,0.6438
242275,1,혜택·대학생 특화형,2.7109763187715994,14.043956043956053,1.4867
258626,1,혜택·대학생 특화형,3.7841896339182615,43.000000000000014,2.1802
259167,0,일반·범용 모집형,4.138589264019858,61.714285714285715,2.5463
259405,0,일반·범용 모집형,2.7725887222397816,15.000000000000007,0.0
260830,1,혜택·대학생 특화형,4.677490847567717,106.49999999999996,4.0689
261713,1,혜택·대학생 특화형,4.15440880296475,62.71428571428566,1.3667
260255,0,일반·범용 모집형,4.805045110362947,121.12500000000003,4.0248
257623,1,혜택·대학생 특화형,4.072129937488326,57.681818181818166,1.8913
261162,1,혜택·대학생 특화형,4.182050142641207,64.50000000000003,3.3592
257267,1,혜택·대학생 특화형,3.731154937262175,40.72727272727275,2.7902
257956,1,혜택·대학생 특화형,3.1780538303479458,23.000000000000004,1.7391
259190,1,혜택·대학생 특화형,4.475061500641071,86.8,3.149
260823,1,혜택·대학생 특화형,4.26619481914876,70.25,2.847
260027,1,혜택·대학생 특화형,3.819907716520341,44.60000000000003,1.5695
253966,1,혜택·대학생 특화형,3.1296014469619986,21.86486486486486,2.843
242331,0,일반·범용 모집형,3.486909605939489,31.684782608695663,1.8182
242526,0,일반·범용 모집형,2.343494995738172,9.417582417582421,1.0502
256259,1,혜택·대학생 특화형,6.015904814994151,408.8965517241383,3.1034
256536,0,일반·범용 모집형,3.473518043241781,31.249999999999986,1.8667
259146,1,혜택·대학생 특화형,4.272955539619519,70.7333333333333,2.4505
260092,1,혜택·대학생 특화형,3.246490991901175,24.700000000000024,0.0
260095,1,혜택·대학생 특화형,3.0819099697950434,20.8,0.0
260989,0,일반·범용 모집형,4.127134385045092,61.00000000000001,1.8735
258524,0,일반·범용 모집형,2.5587764983544554,11.919999999999995,0.6711
259680,0,일반·범용 모집형,3.848211492683193,45.90909090909094,3.5644
260962,1,혜택·대학생 특화형,4.7199858604166725,111.16666666666663,1.4993
258993,1,혜택·대학생 특화형,4.105737746051544,59.6875,0.4188
259203,1,혜택·대학생 특화형,3.7947398448134138,43.46666666666667,3.5276
260435,1,혜택·대학생 특화형,4.608497976080766,99.33333333333336,1.0067
260589,1,혜택·대학생 특화형,4.61015772749913,99.49999999999999,1.005
260875,0,일반·범용 모집형,3.320228319128488,26.666666666666654,0.8333
261160,0,일반·범용 모집형,2.849880396541428,16.28571428571429,0.8772
260931,1,혜택·대학생 특화형,3.543027577101373,33.57142857142856,1.7021
256947,1,혜택·대학생 특화형,2.547038430895006,11.769230769230763,0.6536
258112,1,혜택·대학생 특화형,3.442440340196206,30.263157894736885,1.0435
259570,1,혜택·대학생 특화형,3.146305132033365,22.249999999999993,1.8727
259320,1,혜택·대학생 특화형,5.273683085589675,194.13333333333318,4.7047
260987,1,혜택·대학생 특화형,3.4698939129483906,31.133333333333347,3.212
252147,1,혜택·대학생 특화형,6.163680869747526,474.1739130434792,4.2362
254909,0,일반·범용 모집형,5.882625767073831,357.7500000000001,1.2346
257665,1,혜택·대학생 특화형,2.0235610832853794,6.565217391304349,0.6623
260789,1,혜택·대학생 특화형,2.3588659288926355,9.578947368421055,0.0
261248,1,혜택·대학생 특화형,3.8155121050473024,44.400000000000006,0.9009
253303,1,혜택·대학생 특화형,2.1829386200887426,7.872340425531913,0.8108
259669,1,혜택·대학생 특화형,4.05111582767128,56.46153846153844,3.5422
258337,0,일반·범용 모집형,4.321537873193231,74.30434782608695,3.1597
243291,1,혜택·대학생 특화형,1.9993988340063,6.384615384615389,0.5164
255201,0,일반·범용 모집형,6.093424124836606,441.9354838709678,4.5547
257407,1,혜택·대학생 특화형,3.564175975612979,34.3103448275862,4.1206
257903,1,혜택·대학생 특화형,2.9334135091547324,17.79166666666666,3.0445
258055,1,혜택·대학생 특화형,3.555348061489414,34.00000000000001,2.277
258448,0,일반·범용 모집형,3.647561304783205,37.380952380952365,2.0382
259114,1,혜택·대학생 특화형,6.766530502480779,867.2941176470575,4.2187
259453,1,혜택·대학생 특화형,3.716437398177594,40.11764705882352,2.7859
260363,0,일반·범용 모집형,3.435882939650045,30.058823529411757,1.1742
260455,1,혜택·대학생 특화형,4.218281463452863,66.9166666666667,3.4869
260617,0,일반·범용 모집형,1.968215906569612,6.157894736842109,0.0
261638,1,혜택·대학생 특화형,4.577518654657581,96.27272727272724,2.3607
262097,1,혜택·대학생 특화형,3.77045944110636,42.40000000000004,3.3019
256922,1,혜택·대학생 특화형,4.958171724560514,141.3333333333332,4.586
257629,1,혜택·대학생 특화형,3.84405002184194,45.71428571428571,5.7292
258105,1,혜택·대학생 특화형,3.5725158651117788,34.606060606060595,5.3415
259044,1,혜택·대학생 특화형,4.238238741882171,68.28571428571435,3.3473
259315,1,혜택·대학생 특화형,4.580584710515477,96.57142857142856,3.2544
259604,1,혜택·대학생 특화형,4.085976312551584,58.50000000000001,5.1282
261389,1,혜택·대학생 특화형,5.343768629451954,208.30000000000007,3.5046
261649,0,일반·범용 모집형,4.675495502708822,106.28571428571433,3.4946
261658,1,혜택·대학생 특화형,2.0063192768508733,6.435897435897436,1.992
261797,1,혜택·대학생 특화형,4.436751534363128,83.5,1.3972
261853,1,혜택·대학생 특화형,4.821893169499378,123.19999999999999,2.2727
255333,1,혜택·대학생 특화형,2.96587931040431,18.411764705882355,2.2364
257754,1,혜택·대학생 특화형,3.864232341591799,46.66666666666674,1.8367
258269,1,혜택·대학생 특화형,4.767046051621756,116.57142857142856,2.6552
258902,1,혜택·대학생 특화형,4.06857681047319,57.47368421052635,2.1978
259409,1,혜택·대학생 특화형,4.8188574020602655,122.82352941176468,1.5805
259686,0,일반·범용 모집형,3.1229940531649185,21.714285714285722,0.3289
259794,1,혜택·대학생 특화형,4.101651137404539,59.44,2.0188
260090,1,혜택·대학생 특화형,4.376655090871971,78.57142857142858,2.5455
260104,1,혜택·대학생 특화형,4.337793379697056,75.5384615384615,2.1385
260170,1,혜택·대학생 특화형,4.20293514969432,65.88235294117648,3.125
260197,1,혜택·대학생 특화형,2.9216243014002687,17.571428571428566,1.355
260257,0,일반·범용 모집형,1.115561846981883,2.0512820512820515,0.0
260258,0,일반·범용 모집형,1.1322288994670948,2.102564102564103,0.0
260369,1,혜택·대학생 특화형,3.5457786104732625,33.66666666666665,4.703
260761,1,혜택·대학생 특화형,3.338677024680821,27.181818181818173,0.6689
261322,1,혜택·대학생 특화형,5.033235126013497,152.42857142857144,2.7179
261551,1,혜택·대학생 특화형,5.317711413654672,202.91666666666688,2.7926
262047,1,혜택·대학생 특화형,2.634438383758964,12.93548387096774,0.7481
258099,1,혜택·대학생 특화형,5.660145675727564,286.19047619047615,3.827
260539,1,혜택·대학생 특화형,7.269732806011712,1435.1666666666667,4.0646
259674,1,혜택·대학생 특화형,3.681710964635323,38.71428571428569,0.9225
260206,1,혜택·대학생 특화형,6.183773937802233,483.8181818181823,4.4344
260274,0,일반·범용 모집형,2.976314187696889,18.61538461538461,1.6529
260848,1,혜택·대학생 특화형,4.589210166409362,97.4166666666667,2.4808
261685,0,일반·범용 모집형,5.162333990676228,173.5714285714286,2.5514
242851,1,혜택·대학생 특화형,2.2269709704426397,8.27173913043479,0.5256
243054,1,혜택·대학생 특화형,1.9091354216302925,5.747252747252747,0.3824
244581,1,혜택·대학생 특화형,2.123773851344836,7.362637362637363,0.7463
255582,1,혜택·대학생 특화형,3.185379870440018,23.176470588235283,4.1878
257861,1,혜택·대학생 특화형,4.323337638325202,74.44,3.6539
259283,1,혜택·대학생 특화형,2.658704326999055,13.277777777777779,1.6736
260593,1,혜택·대학생 특화형,5.826938256614976,338.3181818181821,4.2187
260764,0,일반·범용 모집형,2.4375044108934167,10.444444444444448,0.5319
261038,1,혜택·대학생 특화형,5.103670160063445,163.62500000000003,1.7571
261337,0,일반·범용 모집형,4.244917420701476,68.7500000000001,1.4545
258100,1,혜택·대학생 특화형,2.1550019469138726,7.627906976744185,0.9146
258796,0,일반·범용 모집형,3.94510604039222,50.68181818181816,2.3318
260420,1,혜택·대학생 특화형,3.825291309603813,44.84615384615384,0.1715
260772,1,혜택·대학생 특화형,4.074708587705241,57.83333333333329,0.5764
258366,1,혜택·대학생 특화형,3.768572450295886,42.31818181818181,3.1149
259387,1,혜택·대학생 특화형,6.053499938027434,424.5999999999997,3.0146
259838,1,혜택·대학생 특화형,3.6216707044204863,36.400000000000006,0.7326
259949,1,혜택·대학생 특화형,4.571843181872024,95.72222222222223,4.2948
260396,0,일반·범용 모집형,2.254794429157697,8.53333333333333,0.0
260413,1,혜택·대학생 특화형,3.9974947362321833,53.46153846153848,2.3022
261628,1,혜택·대학생 특화형,3.630038954091003,36.714285714285715,2.9183
258704,1,혜택·대학생 특화형,3.2905318137746358,25.857142857142854,2.9466
260970,1,혜택·대학생 특화형,3.4786726938304464,31.41666666666668,1.5915
258855,1,혜택·대학생 특화형,3.71240995152413,39.95238095238093,3.8141
260271,1,혜택·대학생 특화형,7.101558289948229,1212.8571428571438,1.7786
260546,0,일반·범용 모집형,4.324132656254979,74.49999999999999,3.8351
261448,1,혜택·대학생 특화형,5.319208725579413,203.22222222222226,2.8431
261651,1,혜택·대학생 특화형,4.408242476804775,81.12500000000001,2.3112
262144,1,혜택·대학생 특화형,4.48676195493779,87.83333333333336,1.1385
255090,0,일반·범용 모집형,2.718802992878472,14.162162162162165,1.5267
258145,1,혜택·대학생 특화형,3.590739186429597,35.2608695652174,1.4797
260294,1,혜택·대학생 특화형,3.204487087416101,23.642857142857135,1.5106
260671,0,일반·범용 모집형,2.465488563930899,10.769230769230772,0.7143
261255,1,혜택·대학생 특화형,3.7867117033509703,43.11111111111108,2.0619
261784,1,혜택·대학생 특화형,5.082180461259352,160.12500000000006,3.4348
256350,1,혜택·대학생 특화형,4.193778459210288,65.27272727272727,4.1783
259266,1,혜택·대학생 특화형,5.859435784367995,349.52631578947387,2.1985
262272,1,혜택·대학생 특화형,5.403963555683024,221.2857142857144,2.3886
229165,1,혜택·대학생 특화형,2.6447379216878835,13.079754601226998,2.8143
225217,1,혜택·대학생 특화형,2.416178948232333,10.202970297029708,1.116
258187,1,혜택·대학생 특화형,3.548179572010801,33.75,3.4568
258880,1,혜택·대학생 특화형,2.8569925358223296,16.4090909090909,1.9391
259931,1,혜택·대학생 특화형,2.5147596129376817,11.363636363636367,0.8
261234,1,혜택·대학생 특화형,4.014579593753238,54.39999999999999,2.7574
261267,1,혜택·대학생 특화형,4.223909766576744,67.29999999999998,2.6746
261503,1,혜택·대학생 특화형,3.5263605246161616,33.00000000000001,1.2121
261558,1,혜택·대학생 특화형,5.650147258823569,283.3333333333333,1.4902
261633,1,혜택·대학생 특화형,4.395819956806217,80.11111111111106,4.0222
261827,1,혜택·대학생 특화형,4.3694478524670215,78.0,4.4872
261961,1,혜택·대학생 특화형,2.928523523860541,17.7,3.1073
262157,0,일반·범용 모집형,3.352407217492724,27.571428571428594,0.5181
262223,1,혜택·대학생 특화형,4.47408477909183,86.71428571428577,3.2949
262224,0,일반·범용 모집형,4.558378024481333,94.42857142857146,2.118
262573,0,일반·범용 모집형,4.733270188615407,112.66666666666664,2.071
258903,1,혜택·대학생 특화형,3.696459349636705,39.30434782608693,3.5398
260831,1,혜택·대학생 특화형,4.340803918849927,75.76923076923075,2.335
261680,0,일반·범용 모집형,4.02336559276352,54.88888888888891,3.6437
262122,1,혜택·대학생 특화형,4.367637897221782,77.85714285714289,3.1193
262149,1,혜택·대학생 특화형,4.798149037256034,120.28571428571432,3.2067
262228,1,혜택·대학생 특화형,5.25227342804663,190.0,4.5113
262605,1,혜택·대학생 특화형,5.043425116919247,154.00000000000003,2.8139
258557,1,혜택·대학생 특화형,4.304679155243729,73.04545454545453,4.2315
258658,1,혜택·대학생 특화형,4.52819096286849,91.59090909090911,3.871
259718,0,일반·범용 모집형,3.396424102909498,28.857142857142865,0.495
260036,1,혜택·대학생 특화형,4.891757909858836,132.18750000000006,0.7565
260303,1,혜택·대학생 특화형,7.287399687468559,1460.7647058823536,3.7007
261221,1,혜택·대학생 특화형,3.996364153861897,53.39999999999999,3.3708
261464,1,혜택·대학생 특화형,2.287471455183997,8.849999999999996,2.2599
262217,0,일반·범용 모집형,4.767653400562382,116.64285714285714,3.5517
256766,1,혜택·대학생 특화형,4.539631164516937,92.65625000000003,2.1248
244018,1,혜택·대학생 특화형,2.367466961774475,9.670329670329672,0.9091
242380,0,일반·범용 모집형,1.8675666771347368,5.4725274725274735,0.8032
261433,0,일반·범용 모집형,4.97233536900871,143.3636363636363,3.7413
261857,1,혜택·대학생 특화형,3.3058872018578302,26.272727272727266,1.0381
262136,1,혜택·대학생 특화형,3.175272187386069,22.933333333333337,4.0698
262257,1,혜택·대학생 특화형,4.791649752930709,119.49999999999996,1.2552
262552,1,혜택·대학생 특화형,3.8918202981106265,47.99999999999999,1.5625
260324,1,혜택·대학생 특화형,2.5073795056400585,11.272727272727268,0.8065
262625,1,혜택·대학생 특화형,4.279747785553464,71.22222222222223,1.5601
263044,0,일반·범용 모집형,2.5494451709255714,11.799999999999999,0.339
253182,0,일반·범용 모집형,4.931680429880556,137.6122448979591,3.9745
260040,1,혜택·대학생 특화형,3.4857547696902187,31.64705882352942,2.6022
260857,0,일반·범용 모집형,2.824774475410352,15.857142857142868,0.4505
261580,1,혜택·대학생 특화형,3.9357395320454622,50.20000000000001,2.1912
261754,1,혜택·대학생 특화형,6.847179267095331,940.222222222222,2.718
261992,0,일반·범용 모집형,4.728272383122075,112.10000000000002,2.3194
262145,0,일반·범용 모집형,4.237723145067448,68.24999999999999,0.9158
262820,1,혜택·대학생 특화형,4.491441420659748,88.24999999999996,0.8499
236089,1,혜택·대학생 특화형,1.3995646980407874,3.0534351145038174,0.0
221319,1,혜택·대학생 특화형,1.7284323352767808,4.631818181818181,1.8646
222401,1,혜택·대학생 특화형,1.350847612124144,2.860696517412939,0.6957
224231,1,혜택·대학생 특화형,1.5731866082086765,3.821989528795809,3.0137
241375,0,일반·범용 모집형,1.45431588721721,3.281553398058251,0.2959
261210,0,일반·범용 모집형,4.255612709818222,69.49999999999994,2.518
262565,1,혜택·대학생 특화형,4.155753190350744,62.799999999999976,0.0
262648,1,혜택·대학생 특화형,2.45921716367269,10.695652173913048,1.2195
262926,0,일반·범용 모집형,3.80666248977032,44.000000000000014,3.4091
258352,0,일반·범용 모집형,2.9880102274600806,18.846153846153843,2.0408
259774,1,혜택·대학생 특화형,4.3362582162183,75.42105263157889,3.0007
259989,1,혜택·대학생 특화형,3.23431163299804,24.388888888888893,1.8223
260598,1,혜택·대학생 특화형,4.312475571712766,73.625,3.82
260725,1,혜택·대학생 특화형,2.965879310404309,18.411764705882337,0.3195
262778,1,혜택·대학생 특화형,4.447346100794523,84.39999999999993,1.1848
262903,0,일반·범용 모집형,4.162781723775329,63.25,0.7905
258238,0,일반·범용 모집형,2.8422224139985817,16.153846153846146,0.9524
259713,1,혜택·대학생 특화형,4.899017425209675,133.15789473684214,3.9526
259727,0,일반·범용 모집형,3.0972216697242736,21.13636363636363,1.5054
260085,0,일반·범용 모집형,2.9276788103089757,17.684210526315795,2.0833
260635,0,일반·범용 모집형,3.0716243675012143,20.576923076923077,2.0561
261978,1,혜택·대학생 특화형,3.695674497246765,39.272727272727266,2.0833
262091,1,혜택·대학생 특화형,4.912654885736052,135.00000000000006,2.6667
262196,1,혜택·대학생 특화형,3.164067588373206,22.66666666666667,2.2059
262380,1,혜택·대학생 특화형,4.833632898779901,124.66666666666664,2.139
262604,0,일반·범용 모집형,4.51852237926242,90.70000000000005,2.8666
258370,0,일반·범용 모집형,3.986845008315525,52.88461538461538,4.0
262611,1,혜택·대학생 특화형,4.944020545014271,139.33333333333326,1.6746
259761,1,혜택·대학생 특화형,5.197667958398107,179.84999999999997,3.6419
260679,0,일반·범용 모집형,2.8903717578961645,16.999999999999996,1.0381
238736,0,일반·범용 모집형,2.365328971937343,9.647540983606557,2.3789
258652,1,혜택·대학생 특화형,4.670055869080199,105.70370370370371,3.5039
258958,0,일반·범용 모집형,3.633529359030773,36.8461538461539,3.2359
260243,1,혜택·대학생 특화형,2.969388298214389,18.48,1.5152
261125,0,일반·범용 모집형,2.874035338576471,16.70833333333333,1.4963
261714,1,혜택·대학생 특화형,4.10961203435289,59.923076923076955,1.6688
262048,1,혜택·대학생 특화형,2.8233610476132043,15.833333333333332,0.5263
262254,1,혜택·대학생 특화형,3.792420133054777,43.363636363636374,1.0482
262420,1,혜택·대학생 특화형,3.769883238267023,42.37499999999999,4.2281
262574,0,일반·범용 모집형,3.147840051751449,22.28571428571428,0.641
263283,1,혜택·대학생 특화형,2.3307559699607414,9.28571428571428,2.3077
263461,0,일반·범용 모집형,4.02535169073515,55.00000000000002,1.2987
263474,1,혜택·대학생 특화형,4.689511334421843,107.80000000000004,2.2263
257546,1,혜택·대학생 특화형,3.954244020862109,51.15625000000003,3.2987
258161,1,혜택·대학생 특화형,3.622188079615264,36.41935483870968,2.7458
260282,1,혜택·대학생 특화형,5.08336386920387,160.31578947368402,4.8917
261445,1,혜택·대학생 특화형,2.66374994220563,13.35,0.3745
261941,1,혜택·대학생 특화형,4.315263418514199,73.83333333333333,2.1445
262096,0,일반·범용 모집형,2.7354491752903245,14.416666666666666,0.578
262177,0,일반·범용 모집형,3.241769644734054,24.578947368421066,1.9272
262310,1,혜택·대학생 특화형,4.999666262725682,147.36363636363635,1.8507
262541,1,혜택·대학생 특화형,5.142962257983897,170.22222222222237,2.4151
262824,0,일반·범용 모집형,4.124649911717429,60.846153846153825,1.8963
262885,1,혜택·대학생 특화형,4.570282926987651,95.57142857142857,1.7937
260712,1,혜택·대학생 특화형,4.597282013139085,98.21428571428572,3.4182
252453,1,혜택·대학생 특화형,3.558969613659517,34.12698412698412,2.9302
257549,1,혜택·대학생 특화형,3.787026515253461,43.125,2.7536
258667,1,혜택·대학생 특화형,5.352083790703697,210.04761904761904,3.5139
261219,1,혜택·대학생 특화형,3.3855195689429256,28.533333333333335,0.4673
261647,0,일반·범용 모집형,3.6995367485879247,39.428571428571445,1.6304
261810,1,혜택·대학생 특화형,4.2703329756190325,70.54545454545453,0.1289
262103,0,일반·범용 모집형,6.246429710745147,515.1666666666664,3.5911
262319,1,혜택·대학생 특화형,5.070047059487481,158.1818181818182,3.8506
262382,0,일반·범용 모집형,3.6375861597263857,36.99999999999999,1.4742
262555,1,혜택·대학생 특화형,4.821432976210079,123.14285714285714,2.2042
263188,1,혜택·대학생 특화형,2.944438979166441,18.000000000000014,0.0
263311,0,일반·범용 모집형,4.079077090091312,58.09090909090908,1.5649
262198,1,혜택·대학생 특화형,5.927653034363028,374.2727272727273,3.4005
262066,1,혜택·대학생 특화형,4.5818228219911,96.69230769230766,4.6142
230573,1,혜택·대학생 특화형,1.020022014074888,1.7732558139534875,0.3279
259681,1,혜택·대학생 특화형,6.076286028024577,434.4090909090914,1.9671
244771,1,혜택·대학생 특화형,2.900092369066787,17.17582417582418,3.5189
260549,0,일반·범용 모집형,2.4466854369678024,10.549999999999999,0.0
262072,1,혜택·대학생 특화형,4.760199600494039,115.76923076923077,0.9967
254431,1,혜택·대학생 특화형,3.594685672182135,35.40425531914894,0.7212
260335,1,혜택·대학생 특화형,4.091841432003982,58.850000000000016,3.8233
260770,1,혜택·대학생 특화형,3.0951661705421776,21.090909090909083,1.2931
260881,1,혜택·대학생 특화형,4.562262684976814,94.79999999999995,3.2349
261482,1,혜택·대학생 특화형,3.20545280453606,23.66666666666667,1.6901
261603,1,혜택·대학생 특화형,3.267105607963848,25.23529411764706,3.7296
258268,1,혜택·대학생 특화형,2.783306938459805,15.172413793103445,0.6818
260466,1,혜택·대학생 특화형,4.261975403606051,69.94999999999997,2.7162
260933,0,일반·범용 모집형,2.1202635362000914,7.333333333333336,0.6494
261148,1,혜택·대학생 특화형,3.005682604407159,19.200000000000003,2.0833
261459,1,혜택·대학생 특화형,2.137710449803812,7.480000000000004,1.0695
261933,1,혜택·대학생 특화형,2.9957322735539917,19.000000000000014,1.6842
263720,0,일반·범용 모집형,4.363098624788363,77.50000000000003,4.5748
263830,1,혜택·대학생 특화형,3.820245041536188,44.61538461538459,0.1724
264081,1,혜택·대학생 특화형,3.4365645254994464,30.07999999999999,1.3298
263481,1,혜택·대학생 특화형,4.910200896774485,134.66666666666657,1.9802
244905,1,혜택·대학생 특화형,2.97911139231795,18.67032967032966,1.0594
244912,0,일반·범용 모집형,3.273197496123079,25.395604395604405,2.553
263440,1,혜택·대학생 특화형,5.046288397329262,154.4444444444444,3.3813
252875,1,혜택·대학생 특화형,4.470495282661489,86.39999999999996,4.6296
258308,0,일반·범용 모집형,2.7663191092261856,14.899999999999997,0.2237
261371,1,혜택·대학생 특화형,4.625585370730684,101.06250000000006,1.5461
261579,1,혜택·대학생 특화형,4.471257768401824,86.46666666666668,3.1611
262442,1,혜택·대학생 특화형,3.4393491476265314,30.16666666666666,0.5525
262496,1,혜택·대학생 특화형,3.821368637160016,44.6666666666667,0.7463
261660,0,일반·범용 모집형,5.047449267218973,154.62500000000009,3.7187
262218,0,일반·범용 모집형,4.318440041261693,74.07142857142857,2.9894
262680,1,혜택·대학생 특화형,2.772588722239781,14.999999999999998,2.9167
263290,0,일반·범용 모집형,6.037274083139276,417.7499999999999,3.6505
264150,1,혜택·대학생 특화형,4.686750172980514,107.50000000000001,0.0
220868,1,혜택·대학생 특화형,0.5043828955437919,0.6559633027522935,0.0
239012,1,혜택·대학생 특화형,2.4780526133602088,10.918032786885254,2.4775
220864,1,혜택·대학생 특화형,0.3869460603409268,0.4724770642201835,0.0
229015,1,혜택·대학생 특화형,1.9145117275977503,5.783625730994151,0.91
242249,1,혜택·대학생 특화형,1.970202841624358,6.172131147540984,1.992
250970,1,혜택·대학생 특화형,2.4991279625110767,11.171875000000004,2.2378
260571,0,일반·범용 모집형,3.638838508042852,37.04761904761906,3.856
260618,0,일반·범용 모집형,3.654977902438255,37.666666666666664,2.0228
263633,1,혜택·대학생 특화형,5.0238805208462765,151.0,0.3974
263744,0,일반·범용 모집형,5.239628370199357,187.6,1.2793
259115,1,혜택·대학생 특화형,3.367295829986474,28.000000000000004,3.5714
259174,1,혜택·대학생 특화형,5.539082519212066,253.44444444444443,2.4697
262419,0,일반·범용 모집형,3.555348061489414,34.00000000000001,1.6807
263801,1,혜택·대학생 특화형,4.0042982815373165,53.833333333333314,0.6192
256748,1,혜택·대학생 특화형,2.5689897669985418,12.052631578947368,1.5284
256921,1,혜택·대학생 특화형,3.07619069522229,20.675675675675674,1.5686
260777,1,혜택·대학생 특화형,3.042536339751793,19.95833333333332,1.0438
261973,1,혜택·대학생 특화형,4.332486189113746,75.1333333333334,2.8394
261975,1,혜택·대학생 특화형,3.816979456741252,44.466666666666654,2.099
262216,1,혜택·대학생 특화형,3.591424117963223,35.28571428571428,1.0121
262572,1,혜택·대학생 특화형,4.489759334476764,88.10000000000002,3.5187
262681,1,혜택·대학생 특화형,5.150075123406945,171.44444444444454,1.8146
262659,0,일반·범용 모집형,4.347262642237542,76.2666666666667,3.3217
263737,1,혜택·대학생 특화형,4.444788009440051,84.18181818181816,2.9158
257606,1,혜택·대학생 특화형,6.497636502192625,662.5714285714283,2.997
245566,1,혜택·대학생 특화형,2.254179470263692,8.527472527472531,2.7062
260988,0,일반·범용 모집형,3.041115279401809,19.92857142857143,1.0753
263159,0,일반·범용 모집형,3.9480334429511794,50.83333333333335,3.4426
263198,0,일반·범용 모집형,2.602689685444384,12.500000000000005,0.8
264275,1,혜택·대학생 특화형,4.6491870714048655,103.49999999999999,2.4155
262458,0,일반·범용 모집형,2.295416603515433,8.928571428571429,0.8
263233,1,혜택·대학생 특화형,3.972386155155237,52.11111111111113,1.2793
260876,0,일반·범용 모집형,3.3270894095084333,26.857142857142854,3.4574
261699,1,혜택·대학생 특화형,3.823513180122176,44.76470588235296,1.9711
264272,1,혜택·대학생 특화형,5.017279836814924,150.0,2.1667
243763,0,일반·범용 모집형,2.0373595962455227,6.670329670329672,1.9769
243737,1,혜택·대학생 특화형,2.0821850276255867,7.021978021978022,0.4695
256580,0,일반·범용 모집형,2.617929783189384,12.707317073170744,0.7678
262416,0,일반·범용 모집형,3.3050535211092527,26.24999999999999,1.6667
263091,1,혜택·대학생 특화형,4.749270529961849,114.50000000000006,3.1441
263805,0,일반·범용 모집형,4.933574247959794,137.875,3.1732
263922,0,일반·범용 모집형,2.363828718234765,9.631578947368427,0.5464
264278,1,혜택·대학생 특화형,5.231999485510388,186.1666666666667,3.9839
264693,1,혜택·대학생 특화형,4.7978545298175925,120.25,2.4948
257635,0,일반·범용 모집형,3.919653394293837,49.382978723404214,0.8617
257875,1,혜택·대학생 특화형,4.126513845155492,60.96153846153846,0.5047
262303,1,혜택·대학생 특화형,2.738940688121549,14.470588235294127,0.813
262976,1,혜택·대학생 특화형,3.410247217182073,29.27272727272726,0.9317
263175,0,일반·범용 모집형,4.105394398408685,59.666666666666636,3.0726
263828,0,일반·범용 모집형,2.8478121434773684,16.249999999999993,0.0
252469,1,혜택·대학생 특화형,2.312535423847214,9.1,0.1832
260021,1,혜택·대학생 특화형,4.324927042633308,74.55999999999996,2.6824
260432,1,혜택·대학생 특화형,3.210843653170937,23.80000000000001,2.6891
262549,0,일반·범용 모집형,3.903654755757629,48.58333333333331,4.2882
263480,0,일반·범용 모집형,3.292126286607793,25.89999999999999,0.3861
265209,0,일반·범용 모집형,3.8628327612373754,46.60000000000005,0.0
264048,0,일반·범용 모집형,3.148453360571655,22.300000000000008,0.4484
263728,1,혜택·대학생 특화형,5.7551091018215415,314.7999999999999,2.2554
264855,1,혜택·대학생 특화형,4.786850511596239,118.92307692307688,1.423
264884,1,혜택·대학생 특화형,3.0611894902086347,20.35294117647059,0.578
262815,1,혜택·대학생 특화형,4.227395070009273,67.53846153846155,1.2528
263860,0,일반·범용 모집형,4.416985319694851,81.84615384615381,3.0075
247911,1,혜택·대학생 특화형,2.1202635362000914,7.333333333333336,0.8418
246627,1,혜택·대학생 특화형,2.9432815716298286,17.978021978021978,3.2396
249373,0,일반·범용 모집형,2.1453995094716336,7.545454545454547,1.0327
246056,1,혜택·대학생 특화형,2.6039099418496137,12.516483516483524,1.4047
249370,1,혜택·대학생 특화형,2.735989569791452,14.425000000000004,1.9064
258174,0,일반·범용 모집형,2.824774475410352,15.857142857142868,2.1622
258175,0,일반·범용 모집형,2.465675287860113,10.771428571428576,0.0
258346,1,혜택·대학생 특화형,3.033711521619207,19.774193548387093,0.4894
258792,1,혜택·대학생 특화형,2.3264906138476005,9.241935483870972,0.1745
260379,1,혜택·대학생 특화형,2.494476100804151,11.115384615384615,1.3841
261023,0,일반·범용 모집형,3.085344432243678,20.874999999999993,0.5988
261274,1,혜택·대학생 특화형,4.121743536410215,60.66666666666668,4.0031
261918,1,혜택·대학생 특화형,3.0730239478556376,20.607142857142858,1.3865
262273,0,일반·범용 모집형,4.221606341833028,67.14285714285715,4.0426
262383,0,일반·범용 모집형,2.151133470135953,7.5945945945946,0.8897
262777,0,일반·범용 모집형,4.8697298410190175,129.28571428571422,3.8674
262827,1,혜택·대학생 특화형,4.097909628386597,59.214285714285694,2.4125
263012,1,혜택·대학생 특화형,5.472620752442773,237.0833333333334,1.9684
263110,1,혜택·대학생 특화형,4.855629547949263,127.46153846153837,3.44
263124,1,혜택·대학생 특화형,3.818557277422469,44.53846153846155,1.3817
263667,0,일반·범용 모집형,3.7594096049197754,41.92307692307698,1.6514
263842,1,혜택·대학생 특화형,3.1918471524802814,23.333333333333332,3.0952
263918,1,혜택·대학생 특화형,4.2312037449392985,67.80000000000004,1.1799
264385,1,혜택·대학생 특화형,4.593675806562356,97.8571428571428,2.6277
264583,1,혜택·대학생 특화형,2.0564520234551376,6.818181818181821,0.4444
262628,1,혜택·대학생 특화형,4.275121717164681,70.88888888888887,2.8997
259307,0,일반·범용 모집형,3.2154413624195657,23.914285714285707,3.9427
260683,1,혜택·대학생 특화형,3.3077134901669085,26.3225806451613,3.6765
261446,1,혜택·대학생 특화형,4.510859506516851,90.00000000000006,0.8466
261835,1,혜택·대학생 특화형,4.489227560999728,88.05263157894737,3.4071
261889,1,혜택·대학생 특화형,4.721314452695259,111.31578947368426,3.6879
262057,1,혜택·대학생 특화형,2.787360039560094,15.23809523809524,2.1875
262232,1,혜택·대학생 특화형,2.935628349484286,17.83333333333334,4.9844
262532,1,혜택·대학생 특화형,5.788429948716486,325.49999999999994,4.7619
262729,1,혜택·대학생 특화형,6.831645304157743,925.7142857142869,4.3673
263459,1,혜택·대학생 특화형,5.031526653127632,152.1666666666667,4.1073
263840,1,혜택·대학생 특화형,5.099256485749784,162.9,0.5525
264018,1,혜택·대학생 특화형,3.4307561839036995,29.89999999999999,2.0067
264498,1,혜택·대학생 특화형,2.833213344056216,16.0,2.4621
263710,0,일반·범용 모집형,6.819023414537935,914.0909090909095,4.0875
258472,1,혜택·대학생 특화형,4.712800850180456,110.36363636363632,3.9264
259467,0,일반·범용 모집형,2.666331747534918,13.38709677419355,1.2048
260594,0,일반·범용 모집형,3.259469221833454,25.03571428571428,3.1384
261188,1,혜택·대학생 특화형,3.551614391937365,33.86956521739131,1.027
261434,1,혜택·대학생 특화형,3.2304749607115526,24.291666666666664,3.6021
261720,1,혜택·대학생 특화형,3.1680836580280958,22.761904761904763,0.8368
261879,1,혜택·대학생 특화형,3.0113983902983907,19.315789473684216,1.0899
262529,1,혜택·대학생 특화형,4.156648445558256,62.85714285714287,4.4318
262536,1,혜택·대학생 특화형,2.586689344097943,12.285714285714288,1.7442
262821,1,혜택·대학생 특화형,3.0063895680279797,19.21428571428573,1.8587
263093,1,혜택·대학생 특화형,4.371393378372513,78.15384615384617,0.689
263180,1,혜택·대학생 특화형,5.58506149927184,265.41666666666646,0.8163
263281,1,혜택·대학생 특화형,5.1164956847957335,165.75000000000006,2.3127
263462,1,혜택·대학생 특화형,3.993602992420569,53.25,1.4085
263537,1,혜택·대학생 특화형,4.956832588103279,141.1428571428571,4.5209
263548,1,혜택·대학생 특화형,4.376328613559243,78.5454545454545,2.5463
264009,0,일반·범용 모집형,4.486225761895453,87.78571428571429,2.1155
264052,1,혜택·대학생 특화형,2.928523523860541,17.7,0.565
264202,1,혜택·대학생 특화형,3.692444520278433,39.14285714285716,0.365
265195,0,일반·범용 모집형,3.853687428415183,46.16666666666669,3.4898
260256,1,혜택·대학생 특화형,5.585374243605899,265.4999999999999,3.1073
245864,1,혜택·대학생 특화형,2.060236561843785,6.847826086956514,4.7619
217148,1,혜택·대학생 특화형,1.0736109864626922,1.9259259259259252,1.7094
239994,1,혜택·대학생 특화형,1.1098483619350354,2.0338983050847457,1.6667
261139,1,혜택·대학생 특화형,3.841730588599109,45.60606060606061,3.0565
246129,1,혜택·대학생 특화형,2.2237321534560976,8.24175824175824,1.6
259183,1,혜택·대학생 특화형,3.418750749243056,29.53125,2.328
262594,0,일반·범용 모집형,3.2560701948762496,24.94736842105263,3.1646
264003,1,혜택·대학생 특화형,4.1729876895412135,63.90909090909088,2.276
263294,1,혜택·대학생 특화형,6.830565640291008,924.7142857142863,3.4528
262264,1,혜택·대학생 특화형,3.815975711916988,44.421052631578966,2.8436
262786,1,혜택·대학생 특화형,3.180827757230671,23.066666666666666,1.1561
263250,1,혜택·대학생 특화형,2.718254371276452,14.15384615384616,0.5435
263665,0,일반·범용 모집형,3.0445224377234226,19.99999999999999,0.3333
263870,0,일반·범용 모집형,2.6239055245946568,12.789473684210531,0.823
264237,1,혜택·대학생 특화형,2.7230880784667506,14.227272727272728,1.9169
256689,1,혜택·대학생 특화형,2.2319675257800924,8.318181818181818,0.5464
256985,1,혜택·대학생 특화형,1.7831014064849406,4.948275862068967,0.3484
246276,1,혜택·대학생 특화형,2.7725887222397807,14.999999999999991,0.8791
246351,1,혜택·대학생 특화형,2.386845436611785,9.879120879120874,1.6685
246437,0,일반·범용 모집형,2.187408547598563,7.912087912087912,0.8333
260595,0,일반·범용 모집형,2.502429000480203,11.212121212121213,4.3243
262606,1,혜택·대학생 특화형,5.220355825078324,183.99999999999991,2.4796
263314,1,혜택·대학생 특화형,3.967592856582957,51.857142857142854,1.9284
264084,1,혜택·대학생 특화형,4.297285406218791,72.49999999999997,3.3103
260204,1,혜택·대학생 특화형,2.482028949960385,10.96551724137931,0.0
260554,0,일반·범용 모집형,2.3167697279860024,9.142857142857146,4.2969
265084,0,일반·범용 모집형,4.132496328186477,61.33333333333333,1.087
246341,1,혜택·대학생 특화형,3.518899013923973,32.747252747252766,2.5839
260795,1,혜택·대학생 특화형,3.1403135023650983,22.111111111111104,2.5126
264217,0,일반·범용 모집형,4.299550412849643,72.66666666666669,1.5291
265614,0,일반·범용 모집형,2.639057329615259,13.000000000000004,0.8547
257919,1,혜택·대학생 특화형,2.03106795739562,6.62222222222222,0.6711
264801,1,혜택·대학생 특화형,2.825833236758593,15.87499999999999,0.3937
229006,1,혜택·대학생 특화형,1.667282732341372,4.297752808988762,2.7451
247758,0,일반·범용 모집형,2.831272224067872,15.967032967032978,1.7894
246514,1,혜택·대학생 특화형,4.252255823102936,69.2637362637362,0.9361
265173,1,혜택·대학생 특화형,4.78510795142677,118.71428571428578,1.2034
265298,1,혜택·대학생 특화형,3.252586882210513,24.857142857142872,0.0
265332,1,혜택·대학생 특화형,5.323009979138408,203.9999999999999,2.451
264415,0,일반·범용 모집형,3.1580130794645,22.523809523809533,2.9598
265114,0,일반·범용 모집형,3.091042453358316,21.000000000000004,0.6803
265248,1,혜택·대학생 특화형,3.299943647956983,26.111111111111125,0.0
265318,1,혜택·대학생 특화형,5.289108427462726,197.16666666666654,4.3111
265334,1,혜택·대학생 특화형,4.870095271317256,129.33333333333331,2.7062
259786,1,혜택·대학생 특화형,2.6863102144658044,13.677419354838714,0.9434
261873,1,혜택·대학생 특화형,5.752572638825633,314.0,3.3295
262402,1,혜택·대학생 특화형,4.483271549998021,87.52380952380949,3.8629
265316,1,혜택·대학생 특화형,5.374506504905583,214.83333333333337,3.1032
265353,1,혜택·대학생 특화형,5.085536602269374,160.66666666666677,4.0456
263845,1,혜택·대학생 특화형,4.804021044733255,120.9999999999998,3.3694
222553,1,혜택·대학생 특화형,1.0184461165830332,1.7688888888888892,4.2714
264119,1,혜택·대학생 특화형,4.678758542645581,106.63636363636371,2.8986
223158,0,일반·범용 모집형,2.707732690383556,13.995238095238097,3.3685
246559,1,혜택·대학생 특화형,1.9075054294193612,5.736263736263735,1.5326
263492,1,혜택·대학생 특화형,4.242924196999903,68.61111111111107,2.4291
264889,0,일반·범용 모집형,3.651838182433587,37.54545454545454,0.9685
265288,0,일반·범용 모집형,5.0238805208462765,151.0,0.5151
265478,1,혜택·대학생 특화형,5.272999558563747,194.0,2.2091
265105,1,혜택·대학생 특화형,3.831355102360691,45.124999999999986,1.108
265231,0,일반·범용 모집형,4.1488901379621534,62.36363636363637,2.9155
265467,1,혜택·대학생 특화형,4.950784182567399,140.2857142857143,1.6293
257639,1,혜택·대학생 특화형,3.1659437615314334,22.711111111111105,3.229
261117,1,혜택·대학생 특화형,5.615641933755115,273.68965517241367,3.1498
247319,0,일반·범용 모집형,2.444339464799,10.52293577981651,1.1334
261686,1,혜택·대학생 특화형,2.475244738876264,10.884615384615394,1.0601
262146,0,일반·범용 모집형,3.6120923109001657,36.043478260869556,1.6888
262641,1,혜택·대학생 특화형,4.927857367638563,137.08333333333334,2.2492
264199,1,혜택·대학생 특화형,4.098183338529266,59.230769230769184,1.9481
264657,1,혜택·대학생 특화형,3.683866912290392,38.800000000000004,1.5464
264686,1,혜택·대학생 특화형,5.420937171005034,225.09090909090898,4.6446
265115,1,혜택·대학생 특화형,4.382026634673882,79.00000000000004,1.3713
266126,1,혜택·대학생 특화형,4.807294370078226,121.39999999999998,0.4942
262439,0,일반·범용 모집형,3.289644895756408,25.83333333333334,1.6129
263458,1,혜택·대학생 특화형,4.384230087640316,79.17647058823525,1.5602
265258,1,혜택·대학생 특화형,3.619886582626985,36.33333333333334,1.2232
266838,0,일반·범용 모집형,1.9363406980391624,5.933333333333332,0.0
267164,0,일반·범용 모집형,3.284663565406204,25.70000000000001,1.5564
262919,0,일반·범용 모집형,2.058388132482004,6.833333333333336,0.0
264264,1,혜택·대학생 특화형,5.5981132693833295,268.9166666666668,3.8116
264466,0,일반·범용 모집형,3.5361166995615263,33.33333333333334,1.25
265118,0,일반·범용 모집형,3.1354942159291497,22.0,0.4132
266159,1,혜택·대학생 특화형,5.299566585948469,199.25000000000006,1.8821
266939,0,일반·범용 모집형,2.9549102790337365,18.200000000000014,1.6484
261295,1,혜택·대학생 특화형,3.075774981227528,20.666666666666682,0.7168
263925,0,일반·범용 모집형,4.134550982700141,61.46153846153843,1.1264
266891,0,일반·범용 모집형,3.794467216676501,43.454545454545446,1.046
264697,0,일반·범용 모집형,2.4423470353692043,10.499999999999998,0.0
258891,1,혜택·대학생 특화형,3.4487168976301312,30.459999999999983,1.5102
260400,1,혜택·대학생 특화형,3.085834108251177,20.885714285714275,3.5568
263321,1,혜택·대학생 특화형,4.920748975021026,136.10526315789465,1.7788
263354,1,혜택·대학생 특화형,4.787053050079244,118.94736842105267,2.4336
263670,0,일반·범용 모집형,4.151039905898646,62.49999999999999,3.3143
264189,1,혜택·대학생 특화형,4.060443010546419,56.999999999999986,5.6391
264890,1,혜택·대학생 특화형,3.2534704696327,24.880000000000003,0.6431
265592,0,일반·범용 모집형,2.265921108622454,8.64,1.8519
266184,1,혜택·대학생 특화형,4.374858145195269,78.42857142857142,0.7286
262666,1,혜택·대학생 특화형,6.133126856554311,459.8750000000011,4.3399
261670,0,일반·범용 모집형,3.834261644121249,45.259259259259274,3.928
262093,1,혜택·대학생 특화형,3.8918202981106265,47.99999999999999,3.2051
262557,1,혜택·대학생 특화형,3.9729837052178336,52.14285714285716,1.0959
264315,1,혜택·대학생 특화형,2.959364629383116,18.285714285714285,0.7812
264387,1,혜택·대학생 특화형,5.068005325755214,157.85714285714283,3.8914
264696,1,혜택·대학생 특화형,3.30716843201388,26.307692307692335,0.8772
264858,1,혜택·대학생 특화형,3.4578927253387004,30.749999999999993,2.168
264995,0,일반·범용 모집형,4.332611275110531,75.14285714285711,4.0875
265154,1,혜택·대학생 특화형,3.1198444442620223,21.64285714285715,0.33
265171,1,혜택·대학생 특화형,4.2087549133998445,66.27272727272725,1.2346
257049,1,혜택·대학생 특화형,2.8960246841989528,17.10204081632653,2.148
261141,1,혜택·대학생 특화형,2.7725887222397807,14.999999999999991,4.3011
262535,1,혜택·대학생 특화형,2.1906671767900607,7.941176470588239,3.3333
264225,0,일반·범용 모집형,2.9983603959602605,19.05263157894737,1.6575
264488,1,혜택·대학생 특화형,4.507714849837378,89.71428571428571,5.9713
264556,1,혜택·대학생 특화형,2.931977758728628,17.764705882352935,3.6424
264694,1,혜택·대학생 특화형,3.585653410984743,35.07692307692309,1.3158
265442,1,혜택·대학생 특화형,4.044804116661965,56.1,4.8128
266080,0,일반·범용 모집형,3.157000421150114,22.500000000000014,0.0
264120,1,혜택·대학생 특화형,6.21174686614116,497.57142857142895,5.656
264256,1,혜택·대학생 특화형,3.6091144856450734,35.93333333333332,0.1855
264802,1,혜택·대학생 특화형,4.158883083359672,63.00000000000003,2.6862
256167,0,일반·범용 모집형,2.1848020573376625,7.888888888888891,1.4085
263565,0,일반·범용 모집형,4.345171542284727,76.10526315789473,3.3195
263649,1,혜택·대학생 특화형,4.752021563333738,114.8181818181818,2.5337
247434,1,혜택·대학생 특화형,1.8312619122043017,5.2417582417582445,0.4193
247468,0,일반·범용 모집형,1.9630311898354245,6.12087912087912,4.4883
265588,1,혜택·대학생 특화형,4.206048551802102,66.09090909090908,1.6506
265697,1,혜택·대학생 특화형,3.982015377248181,52.62500000000001,0.2375
266110,0,일반·범용 모집형,5.113707479236069,165.2857142857142,0.8643
266668,0,일반·범용 모집형,3.672072335797554,38.3333333333333,1.7391
264164,1,혜택·대학생 특화형,4.562958337178782,94.86666666666666,4.2867
264584,1,혜택·대학생 특화형,4.180959035058872,64.42857142857144,1.4412
264621,1,혜택·대학생 특화형,3.827087394622361,44.928571428571445,0.6359
265367,1,혜택·대학생 특화형,3.158932788901167,22.545454545454543,2.4194
267569,0,일반·범용 모집형,4.962844630259907,141.99999999999994,0.7042
262952,1,혜택·대학생 특화형,2.2833537310661587,8.809523809523816,0.0
264569,1,혜택·대학생 특화형,5.097016843156279,162.5333333333333,3.6916
265206,1,혜택·대학생 특화형,6.566144864504801,709.6250000000001,4.1571
265622,1,혜택·대학생 특화형,5.176149732573829,175.99999999999994,3.9773
266895,0,일반·범용 모집형,3.7562042685001904,41.78571428571427,0.6838
231669,1,혜택·대학생 특화형,0.966760157563307,1.6294117647058823,0.722
266092,1,혜택·대학생 특화형,3.227725440145184,24.222222222222236,0.4587
247896,1,혜택·대학생 특화형,1.827734571686333,5.21978021978022,5.4737
247636,0,일반·범용 모집형,4.023190801965811,54.879120879120904,0.9612
265772,1,혜택·대학생 특화형,4.570118547929172,95.55555555555551,0.9302
259787,1,혜택·대학생 특화형,2.377228635989811,9.774999999999997,2.046
261419,1,혜택·대학생 특화형,4.110873864173311,60.00000000000001,1.0256
262109,0,일반·범용 모집형,3.192825147668258,23.357142857142854,1.3761
264496,0,일반·범용 모집형,2.1321921070653653,7.433333333333337,0.0
266114,1,혜택·대학생 특화형,3.79267624779558,43.375000000000014,2.3055
265178,1,혜택·대학생 특화형,2.24440313761131,8.434782608695654,0.5155
266655,0,일반·범용 모집형,2.367123614131617,9.666666666666668,0.0
247978,0,일반·범용 모집형,1.596163381225404,3.9340659340659325,0.838
248194,1,혜택·대학생 특화형,4.465402749092343,85.95604395604393,2.7359
248104,1,혜택·대학생 특화형,1.8487143621555284,5.351648351648358,1.848
265799,1,혜택·대학생 특화형,6.748407785748004,851.6999999999999,2.6535
265017,0,일반·범용 모집형,2.545531271604436,11.750000000000009,1.7021
265208,1,혜택·대학생 특화형,5.165194053912853,174.07142857142847,2.5851
265559,1,혜택·대학생 특화형,5.164785973923514,173.99999999999991,5.4819
265561,1,혜택·대학생 특화형,4.382026634673882,79.00000000000004,5.1899
266163,0,일반·범용 모집형,3.1918471524802814,23.333333333333332,0.0
266394,1,혜택·대학생 특화형,4.94787297235994,139.875,2.7703
266717,1,혜택·대학생 특화형,4.529522567648776,91.71428571428565,3.1153
267399,1,혜택·대학생 특화형,3.4404180948154366,30.199999999999996,0.6623
267446,1,혜택·대학생 특화형,5.458166067489932,233.66666666666654,2.4251
267728,0,일반·범용 모집형,2.785011242238338,15.199999999999996,0.6579
264022,1,혜택·대학생 특화형,3.5652983923425827,34.35000000000004,2.329
264813,1,혜택·대학생 특화형,2.9273769538897194,17.678571428571438,1.2121
265013,1,혜택·대학생 특화형,4.5558486306553805,94.18749999999999,1.2608
265672,0,일반·범용 모집형,4.276666119016055,71.0,3.0986
266445,1,혜택·대학생 특화형,4.629862798578462,101.49999999999993,2.4631
266703,1,혜택·대학생 특화형,4.667474069324246,105.42857142857143,2.71
266728,1,혜택·대학생 특화형,4.147659620989822,62.28571428571428,3.211
266815,0,일반·범용 모집형,2.98091718776885,18.70588235294117,1.2579
267156,0,일반·범용 모집형,3.332204510175204,26.999999999999996,0.0
236271,1,혜택·대학생 특화형,3.8918202981106265,47.99999999999999,2.2436
260381,0,일반·범용 모집형,2.340736858958421,9.388888888888879,2.071
261364,1,혜택·대학생 특화형,2.877747604667768,16.774193548387096,1.5385
262142,1,혜택·대학생 특화형,4.569375854144801,95.48387096774186,1.8581
265191,1,혜택·대학생 특화형,5.312220271717028,201.80000000000007,3.0723
265421,1,혜택·대학생 특화형,3.64631983969514,37.33333333333333,3.869
266133,0,일반·범용 모집형,3.2809112157876537,25.60000000000001,1.9531
266500,1,혜택·대학생 특화형,4.237723145067448,68.24999999999999,1.2821
266721,1,혜택·대학생 특화형,4.715944591489998,110.71428571428571,4.2581
267026,1,혜택·대학생 특화형,4.457664048879502,85.28571428571428,4.1876
265422,1,혜택·대학생 특화형,3.751854253275325,41.60000000000001,1.6026
265886,1,혜택·대학생 특화형,2.8903717578961645,16.999999999999996,1.6043
265437,1,혜택·대학생 특화형,5.103344692200523,163.57142857142847,2.7948
266155,1,혜택·대학생 특화형,4.846546505563361,126.30000000000001,2.0586
266278,0,일반·범용 모집형,2.977383134885794,18.63636363636363,0.0
267033,1,혜택·대학생 특화형,4.809130917885527,121.62500000000001,2.6721
268040,0,일반·범용 모집형,5.499896739946406,243.6666666666667,0.1368
263055,1,혜택·대학생 특화형,7.204273200096319,1344.1666666666686,2.9262
265424,1,혜택·대학생 특화형,2.8716796248840124,16.66666666666667,0.8
265649,0,일반·범용 모집형,2.8810693652338517,16.833333333333343,0.495
266265,0,일반·범용 모집형,2.3733541638822526,9.73333333333333,0.0
266309,1,혜택·대학생 특화형,6.263588720643813,524.0999999999995,3.1864
266495,0,일반·범용 모집형,3.1685390107066067,22.772727272727266,1.996
267314,0,일반·범용 모집형,3.4657359027997265,31.0,0.0
265687,1,혜택·대학생 특화형,5.655991810819853,285.00000000000017,2.3977
264483,1,혜택·대학생 특화형,4.677735615651181,106.52631578947361,5.9289
264772,0,일반·범용 모집형,3.727817321840357,40.58823529411766,1.4493
265355,0,일반·범용 모집형,4.071871706370042,57.66666666666668,2.4277
266883,1,혜택·대학생 특화형,4.647271362006728,103.3000000000001,4.1626
266888,0,일반·범용 모집형,3.7013019741124937,39.500000000000014,0.4219
267363,0,일반·범용 모집형,5.932245187448011,376.00000000000006,0.5319
268011,1,혜택·대학생 특화형,3.984343667007772,52.74999999999999,0.9479
268323,0,일반·범용 모집형,5.272999558563747,194.0,0.6873
264947,0,일반·범용 모집형,3.321644749960201,26.70588235294116,0.6608
266096,1,혜택·대학생 특화형,4.786733879918945,118.90909090909099,1.9113
266231,1,혜택·대학생 특화형,2.4254832293172,10.307692307692314,0.0
266923,0,일반·범용 모집형,3.6521002026106393,37.555555555555536,0.5917
267755,1,혜택·대학생 특화형,4.65586330030361,104.20000000000002,3.6468
265720,1,혜택·대학생 특화형,4.942832190744893,139.16666666666663,2.8343
265758,0,일반·범용 모집형,4.22683374526818,67.5,4.0741
265908,0,일반·범용 모집형,3.890118170040097,47.9166666666667,2.7826
266196,0,일반·범용 모집형,3.4514295071484886,30.545454545454543,1.4881
267198,1,혜택·대학생 특화형,3.553665975306429,33.94117647058824,0.3466
265593,1,혜택·대학생 특화형,3.6342912638295335,36.87500000000001,1.1864
268572,0,일반·범용 모집형,3.555348061489414,34.00000000000001,0.0
259595,1,혜택·대학생 특화형,1.93939546803412,5.954545454545458,2.6718
264644,0,일반·범용 모집형,2.191653532286764,7.950000000000001,0.0
267327,1,혜택·대학생 특화형,4.524201123454424,91.22222222222221,1.0962
248798,0,일반·범용 모집형,1.7954157804311657,5.021978021978023,0.2188
248761,1,혜택·대학생 특화형,2.8030273251166107,15.494505494505475,0.8511
265753,1,혜택·대학생 특화형,6.054774635459435,425.1428571428572,6.082
263647,1,혜택·대학생 특화형,3.659450643423124,37.84,2.6427
265978,0,일반·범용 모집형,3.352094668654423,27.56249999999999,3.1746
266741,1,혜택·대학생 특화형,4.850354753893461,126.78571428571432,3.8873
267800,1,혜택·대학생 특화형,4.02535169073515,55.00000000000002,0.9091
268020,0,일반·범용 모집형,3.7717154596930857,42.45454545454547,0.2141
262828,1,혜택·대학생 특화형,3.658051990318678,37.785714285714334,1.9849
261105,0,일반·범용 모집형,2.491296447886771,11.076923076923073,0.2315
261281,1,혜택·대학생 특화형,6.168810510848926,476.61764705882365,2.8139
265009,0,일반·범용 모집형,2.808133659659193,15.578947368421055,0.6757
265909,1,혜택·대학생 특화형,4.519227756187367,90.76470588235296,2.8516
265966,1,혜택·대학생 특화형,4.397970285071018,80.28571428571433,5.2491
268197,1,혜택·대학생 특화형,3.6686767467964168,38.199999999999996,0.5236
253123,0,일반·범용 모집형,1.7649482117773982,4.841269841269841,0.6557
265359,1,혜택·대학생 특화형,4.625672848314609,101.07142857142856,2.8975
265594,0,일반·범용 모집형,2.2787744443003275,8.764705882352944,1.3423
266242,1,혜택·대학생 특화형,7.140962308920625,1261.6428571428578,1.3701
266315,1,혜택·대학생 특화형,7.464223260626828,1743.4999999999989,4.1057
266444,1,혜택·대학생 특화형,6.697239987817403,809.1666666666684,3.4398
267170,1,혜택·대학생 특화형,2.431941114208088,10.380952380952385,0.9174
267301,0,일반·범용 모집형,4.123903364463645,60.80000000000002,1.9737
268190,0,일반·범용 모집형,3.4657359027997265,31.0,0.0
268397,1,혜택·대학생 특화형,3.453157120592867,30.600000000000012,0.6536
255630,1,혜택·대학생 특화형,3.085160083455249,20.870967741935477,3.5549
255270,1,혜택·대학생 특화형,2.770602624268152,14.968253968253972,2.1209
227566,1,혜택·대학생 특화형,1.75539182505718,4.785714285714286,3.5181
257358,0,일반·범용 모집형,2.164963715117998,7.7142857142857135,0.6944
262249,1,혜택·대학생 특화형,3.1653471790788306,22.696969696969692,2.6702
264438,1,혜택·대학생 특화형,4.185513949360394,64.72727272727272,2.3876
222795,0,일반·범용 모집형,1.5334763716310555,3.6342592592592595,0.8917
244226,1,혜택·대학생 특화형,1.352771669081247,2.868131868131868,0.0
266987,1,혜택·대학생 특화형,7.354225222037085,1561.7857142857158,3.6771
261309,1,혜택·대학생 특화형,2.7846682478943827,15.19444444444445,1.8282
267050,1,혜택·대학생 특화형,4.968549875529229,142.81818181818187,2.0369
267146,1,혜택·대학생 특화형,3.2000327370667208,23.53333333333333,1.983
262338,1,혜택·대학생 특화형,2.5555816074579365,11.878787878787877,1.2755
265992,0,일반·범용 모집형,2.712484798170076,14.066666666666672,0.4739
267362,1,혜택·대학생 특화형,4.355542645799409,76.90909090909092,1.182
267735,1,혜택·대학생 특화형,5.015622835607295,149.75000000000003,3.0885
268028,1,혜택·대학생 특화형,4.822583062593315,123.28571428571418,1.1587
265260,1,혜택·대학생 특화형,4.39444915467244,80.0000000000001,3.0833
265469,0,일반·범용 모집형,3.376828790645197,28.27777777777776,2.554
268580,1,혜택·대학생 특화형,3.126760535960396,21.800000000000022,0.3058
249484,0,일반·범용 모집형,2.868148621111455,16.60439560439561,2.184
266341,1,혜택·대학생 특화형,3.152736022363656,22.400000000000002,0.0
268189,1,혜택·대학생 특화형,4.19803702077923,65.55555555555557,1.8644
264737,1,혜택·대학생 특화형,3.311585222972468,26.428571428571423,3.6036
265800,0,일반·범용 모집형,2.075266170269355,6.966666666666665,0.0
266079,1,혜택·대학생 특화형,3.521156696741134,32.823529411764696,0.1792
267296,1,혜택·대학생 특화형,6.583562891002709,722.1111111111109,3.6467
267754,1,혜택·대학생 특화형,4.187969821661507,64.88888888888893,2.5685
268462,1,혜택·대학생 특화형,4.187126295673067,64.83333333333331,1.2853
265923,1,혜택·대학생 특화형,3.2425923514855164,24.59999999999999,3.523
265960,0,일반·범용 모집형,1.5546296759391056,3.7333333333333343,0.0
265982,1,혜택·대학생 특화형,3.440017373511738,30.18750000000002,2.4845
266466,1,혜택·대학생 특화형,4.715518243156957,110.66666666666671,3.3735
267052,1,혜택·대학생 특화형,2.484906649788001,11.000000000000005,0.6061
266201,1,혜택·대학생 특화형,6.990453797525202,1085.2142857142874,3.653
262629,1,혜택·대학생 특화형,4.956735322877141,141.12903225806437,3.1086
258056,1,혜택·대학생 특화형,2.3421755602650536,9.403846153846148,3.8855
249646,1,혜택·대학생 특화형,1.3092234238355118,2.703296703296704,0.0
262271,1,혜택·대학생 특화형,3.420065865966538,29.57142857142857,1.5459
266198,1,혜택·대학생 특화형,3.852803645768175,46.125000000000014,3.6585
266722,0,일반·범용 모집형,1.906169820405799,5.727272727272727,0.0
266847,1,혜택·대학생 특화형,5.365308235364315,212.85714285714292,3.5906
267358,1,혜택·대학생 특화형,2.713165301768981,14.076923076923084,0.0
267611,1,혜택·대학생 특화형,5.192401140956488,178.90000000000003,3.0184
268210,1,혜택·대학생 특화형,3.676300671907077,38.50000000000003,1.2987
268892,0,일반·범용 모집형,4.541520158911635,92.83333333333331,0.5386
266513,1,혜택·대학생 특화형,4.690123891868256,107.86666666666682,3.5229
266586,1,혜택·대학생 특화형,4.163754013594269,63.31250000000003,2.8628
266896,0,일반·범용 모집형,5.049478862232809,154.9411764705882,2.3918
266982,1,혜택·대학생 특화형,5.322661486366106,203.92857142857133,1.8214
267263,1,혜택·대학생 특화형,2.5164550075229264,11.384615384615387,0.0
268519,1,혜택·대학생 특화형,3.9631912920025454,51.62499999999999,1.4528
265657,1,혜택·대학생 특화형,4.390811464229614,79.70588235294115,3.1734
253468,1,혜택·대학생 특화형,6.383023892900216,590.7142857142854,2.2975
266240,1,혜택·대학생 특화형,4.47377935786268,86.68750000000006,3.4607
267596,0,일반·범용 모집형,2.268683541318364,8.666666666666664,0.4808
262921,1,혜택·대학생 특화형,3.559802411838795,34.156250000000036,3.8426
249650,0,일반·범용 모집형,1.4309798504651905,3.182795698924732,1.0135
268452,1,혜택·대학생 특화형,7.398709773105716,1632.8749999999995,4.0037
243507,1,혜택·대학생 특화형,4.239958315647395,68.40495867768578,2.3438
267836,1,혜택·대학생 특화형,3.788724789083653,43.20000000000002,0.9259
267852,0,일반·범용 모집형,2.9680807422234805,18.454545454545446,0.4926
268485,0,일반·범용 모집형,3.3096301881366648,26.374999999999996,0.4739
268815,0,일반·범용 모집형,4.54063166485052,92.74999999999997,1.3477
268927,1,혜택·대학생 특화형,3.737669618283368,40.999999999999986,1.3937
269030,0,일반·범용 모집형,7.046025425953833,1147.2857142857144,3.7853
269574,0,일반·범용 모집형,4.4268406504636735,82.6666666666666,0.4032
264029,1,혜택·대학생 특화형,4.23410650459726,68.00000000000001,2.6786
267660,1,혜택·대학생 특화형,4.811444983804539,121.90909090909092,4.0268
268558,0,일반·범용 모집형,2.7043396217056745,13.944444444444446,0.3984
268802,0,일반·범용 모집형,4.147454387536048,62.272727272727224,1.1679
269026,1,혜택·대학생 특화형,4.601413137110379,98.62499999999999,2.1546
268441,1,혜택·대학생 특화형,4.079653846812096,58.124999999999964,2.5806
269094,1,혜택·대학생 특화형,4.862024794644612,128.28571428571422,3.3408
218306,0,일반·범용 모집형,1.1650573880762627,2.2061068702290085,0.0
263327,1,혜택·대학생 특화형,3.540520053219796,33.484848484848484,4.0724
265786,1,혜택·대학생 특화형,2.663481881622334,13.34615384615385,2.3055
265901,0,일반·범용 모집형,2.893291467999499,17.052631578947363,2.4691
266848,0,일반·범용 모집형,2.7408400239252004,14.499999999999993,1.7241
267549,0,일반·범용 모집형,3.440755419831285,30.210526315789476,1.0453
268138,1,혜택·대학생 특화형,4.729156165769083,112.2,2.6738
268170,1,혜택·대학생 특화형,5.176149732573829,175.99999999999994,4.8864
268423,1,혜택·대학생 특화형,5.226940703705809,185.22222222222226,4.5591
268812,1,혜택·대학생 특화형,4.053956501316813,56.62500000000004,0.4415
269248,0,일반·범용 모집형,3.2615869429612507,25.090909090909097,0.7246
259970,0,일반·범용 모집형,2.845651315348433,16.212765957446805,1.5748
262877,1,혜택·대학생 특화형,2.9364325312726987,17.848484848484837,2.0374
265350,1,혜택·대학생 특화형,3.8274965766731617,44.94736842105263,2.6932
265499,1,혜택·대학생 특화형,4.227985597958405,67.57894736842107,2.7259
266028,0,일반·범용 모집형,4.015908749934867,54.47368421052629,3.9614
266852,1,혜택·대학생 특화형,4.1239033644636445,60.79999999999996,2.7412
266936,1,혜택·대학생 특화형,3.1935580168839106,23.374999999999993,1.3369
268101,1,혜택·대학생 특화형,3.72240214615258,40.36363636363637,0.6757
269978,1,혜택·대학생 특화형,5.198497031265825,179.9999999999999,1.1111
269963,0,일반·범용 모집형,3.841242823367099,45.58333333333335,1.0969
264284,1,혜택·대학생 특화형,3.904250945580444,48.6129032258065,1.9244
265767,1,혜택·대학생 특화형,3.1603542532485447,22.57894736842105,1.8648
265968,1,혜택·대학생 특화형,4.042127480239986,55.94736842105262,1.317
266143,1,혜택·대학생 특화형,3.656791139562436,37.736842105263165,4.3236
266549,0,일반·범용 모집형,3.41095355660752,29.294117647058826,2.2088
267466,0,일반·범용 모집형,3.286534473342016,25.750000000000007,0.6472
267528,1,혜택·대학생 특화형,4.456283405280374,85.16666666666663,1.0763
268168,1,혜택·대학생 특화형,5.042133961155627,153.8,4.8765
268890,1,혜택·대학생 특화형,3.935279867592413,50.176470588235276,1.524
269246,0,일반·범용 모집형,1.7829488395459,4.947368421052632,0.0
269429,0,일반·범용 모집형,1.5155060925998969,3.5517241379310347,0.0
269449,0,일반·범용 모집형,1.6739764335716711,4.333333333333331,0.0
269499,1,혜택·대학생 특화형,3.832979798087693,45.2,0.885
239163,0,일반·범용 모집형,2.109618846688677,7.245098039215687,1.4208
265907,1,혜택·대학생 특화형,3.013080911888604,19.350000000000005,0.2584
266199,0,일반·범용 모집형,3.4996922775340003,32.10526315789474,1.3115
268207,0,일반·범용 모집형,2.6519607344511664,13.18181818181818,0.6897
268952,0,일반·범용 모집형,3.821368637160015,44.66666666666666,0.4975
268526,1,혜택·대학생 특화형,6.998592660805296,1094.0909090909095,3.3569
265514,0,일반·범용 모집형,5.616771097666572,274.0000000000001,0.365
265650,0,일반·범용 모집형,4.830976854721785,124.33333333333331,1.0341
250236,0,일반·범용 모집형,2.284846268656665,8.824175824175832,0.9963
266689,0,일반·범용 모집형,3.1377799312100056,22.052631578947366,2.148
267639,0,일반·범용 모집형,3.924798196916869,49.64285714285715,2.1583
267827,1,혜택·대학생 특화형,4.249593539798421,69.07692307692304,3.5635
268326,1,혜택·대학생 특화형,4.267697449033295,70.35714285714288,2.4365
268398,0,일반·범용 모집형,6.813078232040229,908.6666666666666,3.8518
269019,1,혜택·대학생 특화형,4.4343818650078095,83.29999999999998,1.0804
266429,1,혜택·대학생 특화형,6.441982686264216,626.6499999999994,4.1969
250317,0,일반·범용 모집형,1.282154101867294,2.6043956043956054,0.8439
267225,1,혜택·대학생 특화형,4.686750172980514,107.50000000000001,3.1894
267612,1,혜택·대학생 특화형,4.041797349174956,55.92857142857142,0.894
267616,1,혜택·대학생 특화형,4.061673779932552,57.071428571428584,1.5019
269335,1,혜택·대학생 특화형,3.9091617731471135,48.85714285714284,1.7544
269496,0,일반·범용 모집형,4.844187086458591,125.99999999999999,4.0816
269539,0,일반·범용 모집형,3.4231762883809305,29.66666666666666,0.0
266071,0,일반·범용 모집형,4.376385754783796,78.55000000000004,3.6283
266546,1,혜택·대학생 특화형,3.654546775033431,37.650000000000006,2.3904
266744,1,혜택·대학생 특화형,4.266584606719471,70.27777777777773,1.4229
267179,1,혜택·대학생 특화형,4.204692619390966,65.99999999999997,4.5455
268769,0,일반·범용 모집형,3.384390263345774,28.499999999999993,1.4035
268319,1,혜택·대학생 특화형,3.912023005428146,48.99999999999999,3.4537
253687,1,혜택·대학생 특화형,3.755713133477304,41.76470588235297,0.5634
264906,1,혜택·대학생 특화형,3.2257487041559627,24.172413793103445,1.1412
266578,1,혜택·대학생 특화형,4.324132656254979,74.49999999999999,2.953
267802,1,혜택·대학생 특화형,4.365824660097601,77.71428571428574,4.2279
267931,0,일반·범용 모집형,4.003690193953969,53.799999999999955,1.3631
268113,0,일반·범용 모집형,3.0647251450409425,20.42857142857143,1.7483
268294,1,혜택·대학생 특화형,3.02603762304932,19.615384615384613,0.7843
268779,0,일반·범용 모집형,2.8301125663779683,15.947368421052637,1.3201
268946,1,혜택·대학생 특화형,2.925114706340038,17.63636363636364,1.0309
269067,0,일반·범용 모집형,3.315583628939163,26.538461538461526,0.0
263316,0,일반·범용 모집형,3.109060958860994,21.4,0.8011
267145,1,혜택·대학생 특화형,2.271058839347272,8.689655172413797,0.3968
269505,0,일반·범용 모집형,6.272169208946724,528.6250000000002,2.8848
270096,0,일반·범용 모집형,3.7689221617874726,42.33333333333333,0.0
268640,1,혜택·대학생 특화형,2.302585092994046,9.000000000000002,0.7407
268686,1,혜택·대학생 특화형,4.180777067994408,64.41666666666667,3.4929
269497,0,일반·범용 모집형,3.0222993009387125,19.538461538461533,0.3937
269629,0,일반·범용 모집형,2.46080909820894,10.714285714285715,0.0
269794,1,혜택·대학생 특화형,3.534728774286678,33.28571428571429,0.4292
269830,1,혜택·대학생 특화형,4.248495242049359,69.00000000000003,1.2681
270194,1,혜택·대학생 특화형,4.23988686751276,68.40000000000006,2.6316
270291,1,혜택·대학생 특화형,4.391976965527049,79.79999999999995,5.0125
270357,0,일반·범용 모집형,3.186352633162641,23.200000000000003,0.8621
221878,1,혜택·대학생 특화형,0.980292628367778,1.6652360515021454,0.5155
260662,0,일반·범용 모집형,1.8436312999348952,5.319444444444445,0.5222
267264,1,혜택·대학생 특화형,3.7733657158572496,42.52631578947363,1.2376
254920,0,일반·범용 모집형,1.9156963704588168,5.791666666666667,0.0
259569,1,혜택·대학생 특화형,1.2801619426834825,2.5972222222222223,1.0695
266350,1,혜택·대학생 특화형,2.4251874150863784,10.30434782608696,0.4219
267284,1,혜택·대학생 특화형,3.122364924487357,21.7,2.3041
269579,0,일반·범용 모집형,2.7982970789499886,15.416666666666671,1.0811
270226,1,혜택·대학생 특화형,4.408749704814636,81.16666666666676,0.616
267470,1,혜택·대학생 특화형,2.545531271604436,11.750000000000009,0.0
267063,0,일반·범용 모집형,2.440056083622648,10.473684210526311,1.005
268035,1,혜택·대학생 특화형,4.562858987916369,94.85714285714286,2.9367
268166,1,혜택·대학생 특화형,3.821368637160015,44.66666666666666,1.919
268205,1,혜택·대학생 특화형,4.44632098537928,84.31250000000013,3.6323
268327,1,혜택·대학생 특화형,4.192896235950596,65.2142857142857,2.0811
266256,1,혜택·대학생 특화형,3.4616514859575016,30.869565217391298,3.662
266262,1,혜택·대학생 특화형,5.496455212785276,242.82608695652158,3.8854
266596,1,혜택·대학생 특화형,3.698614522884689,39.39130434782609,1.2141
268128,0,일반·범용 모집형,3.005063600982876,19.187500000000018,3.5831
269716,1,혜택·대학생 특화형,4.388257184424518,79.5,2.0126
269889,0,일반·범용 모집형,3.056356895370426,20.25,0.0
270426,0,일반·범용 모집형,3.799227511282802,43.66666666666668,0.7634
266134,1,혜택·대학생 특화형,6.495608809295681,661.2272727272733,3.6159
266259,1,혜택·대학생 특화형,4.621984550655029,100.69565217391296,3.1952
268765,1,혜택·대학생 특화형,2.355335658379575,9.541666666666671,0.8734
269696,1,혜택·대학생 특화형,4.414009680526933,81.60000000000002,5.5147
270313,0,일반·범용 모집형,4.623571271358983,100.85714285714293,1.6997
270482,0,일반·범용 모집형,3.816141233724864,44.428571428571445,0.6431
264559,1,혜택·대학생 특화형,3.711997263229241,39.935483870967715,2.1809
266254,1,혜택·대학생 특화형,3.903289325459392,48.56521739130437,1.0743
266811,1,혜택·대학생 특화형,2.228477120840324,8.285714285714285,0.0
267175,1,혜택·대학생 특화형,4.525044141508806,91.29999999999994,3.3406
267364,1,혜택·대학생 특화형,3.733124155911694,40.80952380952382,2.6838
268486,1,혜택·대학생 특화형,3.1780538303479458,23.000000000000004,2.6465
268925,1,혜택·대학생 특화형,3.968403338864253,51.89999999999996,2.1195
269398,0,일반·범용 모집형,3.528319389101495,33.066666666666684,1.4113
264495,0,일반·범용 모집형,4.334123174040843,75.25806451612907,2.9147
269638,0,일반·범용 모집형,4.204692619390967,66.00000000000004,1.9697
270731,0,일반·범용 모집형,3.8394523125933113,45.500000000000036,0.5495
251254,1,혜택·대학생 특화형,2.014170151326612,6.494505494505495,0.1692
259306,0,일반·범용 모집형,4.371344786327021,78.14999999999998,1.2583
268697,1,혜택·대학생 특화형,2.5494451709255714,11.799999999999999,1.3559
270095,0,일반·범용 모집형,2.456735772821304,10.666666666666666,0.0
271246,0,일반·범용 모집형,3.988984046564274,52.999999999999986,0.0
270807,0,일반·범용 모집형,2.682732393117921,13.625000000000012,0.0
271063,0,일반·범용 모집형,4.770684624465664,116.99999999999993,1.9943
271653,1,혜택·대학생 특화형,5.87493073085203,355.0,0.9859
269205,0,일반·범용 모집형,4.393419818503324,79.91666666666666,3.2325
268002,0,일반·범용 모집형,4.718994780058047,111.05555555555554,2.8014
268690,0,일반·범용 모집형,3.085344432243678,20.874999999999993,0.2994
268943,1,혜택·대학생 특화형,4.3853544247665575,79.26666666666677,1.3457
269776,1,혜택·대학생 특화형,3.973716574433486,52.181818181818194,2.439
270707,0,일반·범용 모집형,5.43197375136071,227.59999999999988,1.9332
270784,1,혜택·대학생 특화형,4.340553386467307,75.75000000000003,0.8251
271157,0,일반·범용 모집형,2.546125272215901,11.757575757575754,1.5464
270669,1,혜택·대학생 특화형,4.231688123732978,67.83333333333333,2.8256
265048,1,혜택·대학생 특화형,4.248495242049359,69.00000000000003,2.9952
266145,0,일반·범용 모집형,2.97756830292632,18.64,0.8584
266683,0,일반·범용 모집형,5.37989735354046,216.00000000000003,1.1574
267325,1,혜택·대학생 특화형,2.409683228550413,10.130434782608699,2.1459
268354,0,일반·범용 모집형,2.610708974611004,12.608695652173921,1.3793
270232,1,혜택·대학생 특화형,4.42430211782212,82.45454545454547,0.6615
271177,1,혜택·대학생 특화형,3.731154937262176,40.72727272727278,2.2321
267159,1,혜택·대학생 특화형,3.335446004099375,27.090909090909097,1.6779
269502,1,혜택·대학생 특화형,3.5361166995615263,33.33333333333334,1.75
269543,1,혜택·대학생 특화형,3.282277336218697,25.636363636363644,0.7092
269623,0,일반·범용 모집형,3.657510190446291,37.764705882352935,2.0249
269813,1,혜택·대학생 특화형,5.094772173302454,162.16666666666646,3.6999
270469,0,일반·범용 모집형,2.977383134885794,18.63636363636363,0.9756
270533,1,혜택·대학생 특화형,3.7113523099659935,39.90909090909085,1.139
271153,0,일반·범용 모집형,3.044522437723423,20.0,0.0
267508,1,혜택·대학생 특화형,3.157000421150113,22.499999999999993,1.3333
266977,1,혜택·대학생 특화형,3.5002882843063863,32.125,2.7237
268177,0,일반·범용 모집형,2.955458374416051,18.210526315789476,0.0
270692,1,혜택·대학생 특화형,4.708242371127905,109.85714285714278,2.3407
268821,1,혜택·대학생 특화형,4.198990536942058,65.61904761904762,2.1045
268829,1,혜택·대학생 특화형,4.272689970636416,70.71428571428575,3.1313
269286,1,혜택·대학생 특화형,4.245429322427524,68.7857142857143,3.4268
269653,1,혜택·대학생 특화형,2.855585641810749,16.384615384615383,0.939
269666,1,혜택·대학생 특화형,2.772588722239781,14.999999999999998,2.716
270802,1,혜택·대학생 특화형,5.535082013814211,252.42857142857133,2.0939
271242,0,일반·범용 모집형,3.3956263366127,28.833333333333332,2.3121
270470,0,일반·범용 모집형,7.226996578674988,1375.0833333333328,3.4483
268574,1,혜택·대학생 특화형,2.904556392888121,17.257142857142856,0.9934
269440,1,혜택·대학생 특화형,3.4507431182135853,30.523809523809526,2.1841
269446,0,일반·범용 모집형,4.379081124444125,78.76470588235293,1.419
269503,1,혜택·대학생 특화형,4.247474312915252,68.92857142857147,4.8705
269537,1,혜택·대학생 특화형,4.979193768261437,144.35714285714292,4.0079
269777,0,일반·범용 모집형,2.6592600369327783,13.28571428571429,0.2688
270277,1,혜택·대학생 특화형,4.286716454869557,71.72727272727276,3.8023
271918,1,혜택·대학생 특화형,4.151039905898647,62.50000000000004,2.8
250803,1,혜택·대학생 특화형,3.2656755216683897,25.197802197802183,2.0933
269361,0,일반·범용 모집형,2.894332159112261,17.071428571428562,1.6736
269722,1,혜택·대학생 특화형,3.859224819861175,46.42857142857142,2.6154
270612,1,혜택·대학생 특화형,3.543027577101373,33.57142857142856,1.4894
271030,1,혜택·대학생 특화형,5.052599493195288,155.42857142857144,3.125
272242,1,혜택·대학생 특화형,2.908720896564361,17.333333333333332,0.0
263570,0,일반·범용 모집형,8.211405336926022,3681.7142857142962,2.689
271205,1,혜택·대학생 특화형,4.415392328517682,81.71428571428574,2.6224
269724,1,혜택·대학생 특화형,7.410992181099452,1653.066666666667,3.0892
264444,1,혜택·대학생 특화형,3.426792928851119,29.77777777777777,4.3843
265747,1,혜택·대학생 특화형,3.451628235289047,30.55172413793102,3.386
269444,0,일반·범용 모집형,2.534578259585237,11.6111111111111,0.0
269857,0,일반·범용 모집형,3.158635744490844,22.538461538461537,1.0239
272110,0,일반·범용 모집형,3.543853682063679,33.60000000000001,0.5952
265698,0,일반·범용 모집형,3.6520008237285695,37.551724137931,4.3159
269217,1,혜택·대학생 특화형,3.9093527768722662,48.86666666666662,2.0464
269329,0,일반·범용 모집형,2.468099531471619,10.8,0.6173
270411,1,혜택·대학생 특화형,4.4865913792444125,87.81818181818184,6.0041
229154,1,혜택·대학생 특화형,2.8903717578961645,16.999999999999996,3.4025
229157,1,혜택·대학생 특화형,1.8566043159921604,5.401960784313728,3.6298
267926,0,일반·범용 모집형,2.835883572612095,16.045454545454547,0.8499
269630,0,일반·범용 모집형,2.8151483366585768,15.695652173913036,2.2161
269681,0,일반·범용 모집형,3.403417138400468,29.066666666666663,1.1468
269936,1,혜택·대학생 특화형,4.816609141352773,122.54545454545449,3.0786
271343,1,혜택·대학생 특화형,4.480881660444746,87.31249999999999,2.4338
272168,1,혜택·대학생 특화형,1.9363406980391624,5.933333333333332,0.0
260362,1,혜택·대학생 특화형,3.346512685843085,27.40350877192983,2.1127
268901,1,혜택·대학생 특화형,4.686750172980514,107.50000000000001,1.5349
269425,1,혜택·대학생 특화형,3.371596911885865,28.125000000000007,0.8889
269436,1,혜택·대학생 특화형,4.103675889650986,59.56250000000004,3.3578
269659,1,혜택·대학생 특화형,1.6835458845878224,4.384615384615385,0.8772
269947,1,혜택·대학생 특화형,5.796925806375436,328.2857142857143,4.6127
269991,1,혜택·대학생 특화형,4.04305126783455,56.00000000000001,0.1276
270076,1,혜택·대학생 특화형,3.549206793467332,33.78571428571432,3.3827
270077,1,혜택·대학생 특화형,5.683093740597645,292.8571428571432,4.439
270628,1,혜택·대학생 특화형,4.548599834499697,93.50000000000001,2.4955
271540,1,혜택·대학생 특화형,3.84405002184194,45.71428571428571,2.1875
271543,1,혜택·대학생 특화형,4.452684785479895,84.85714285714292,2.5253
271558,0,일반·범용 모집형,1.93283806748796,5.909090909090905,0.7692
270483,1,혜택·대학생 특화형,4.57933942595357,96.45000000000005,3.577
249817,0,일반·범용 모집형,1.8325814637483104,5.250000000000002,1.4652
251107,0,일반·범용 모집형,2.273597556120794,8.714285714285719,1.5132
251263,1,혜택·대학생 특화형,4.23571551540296,68.11111111111111,0.9788
252327,1,혜택·대학생 특화형,3.0259172498923887,19.612903225806456,2.9057
254510,0,일반·범용 모집형,3.8566022114867375,46.304347826086925,4.9296
263601,1,혜택·대학생 특화형,2.9642907477191724,18.38095238095239,0.6477
264923,0,일반·범용 모집형,2.2376655468947297,8.371428571428568,0.0
265931,0,일반·범용 모집형,3.801463814861082,43.766666666666666,0.9139
268745,1,혜택·대학생 특화형,3.1423357477458667,22.157894736842113,2.8504
270374,1,혜택·대학생 특화형,3.2250108134357167,24.153846153846157,2.5478
270781,0,일반·범용 모집형,2.62466859216316,12.800000000000015,1.0417
271023,1,혜택·대학생 특화형,4.00125413915609,53.666666666666714,0.8282
271475,0,일반·범용 모집형,2.826655943510057,15.888888888888886,0.6993
252864,1,혜택·대학생 특화형,2.8811720609977414,16.83516483516484,3.1984
269675,1,혜택·대학생 특화형,2.6557243821004706,13.235294117647062,0.8889
252482,1,혜택·대학생 특화형,3.359185991402448,27.765765765765764,4.9643
223785,0,일반·범용 모집형,1.4547148227457631,3.2832618025751064,0.3922
269041,1,혜택·대학생 특화형,3.662278772316757,37.94999999999999,1.1858
271351,1,혜택·대학생 특화형,2.8134107167600364,15.666666666666668,0.0
271478,1,혜택·대학생 특화형,5.948034989180646,381.9999999999999,3.1937
270117,0,일반·범용 모집형,5.802521114005141,330.1333333333335,3.2108
252782,1,혜택·대학생 특화형,2.434191557208984,10.406593406593409,0.3168
269036,1,혜택·대학생 특화형,3.538056564379353,33.40000000000001,1.6467
272418,1,혜택·대학생 특화형,3.0834378539730967,20.833333333333336,0.0
227040,0,일반·범용 모집형,2.744679934122705,14.559633027522942,5.041
253204,1,혜택·대학생 특화형,1.9220805862223296,5.835164835164837,0.7533
271897,0,일반·범용 모집형,3.62100203171085,36.37499999999999,0.0
271997,1,혜택·대학생 특화형,5.139534763788138,169.63636363636357,2.4116
228703,1,혜택·대학생 특화형,1.6084895956252414,3.9952606635071106,2.9656
228125,1,혜택·대학생 특화형,1.477113035137919,3.380281690140846,3.8889
229684,1,혜택·대학생 특화형,2.416693640564915,10.208737864077676,2.7104
230522,1,혜택·대학생 특화형,1.6786297690973129,4.358208955223881,1.7123
269156,0,일반·범용 모집형,2.6007384653131225,12.473684210526322,2.5316
271094,1,혜택·대학생 특화형,4.6443908991413725,102.99999999999999,2.2948
270810,0,일반·범용 모집형,3.069602122120447,20.533333333333342,1.9481
251578,1,혜택·대학생 특화형,1.319773678778328,2.742574257425742,0.722
247871,0,일반·범용 모집형,1.8784115862892656,5.543103448275865,2.7994
252105,1,혜택·대학생 특화형,1.864639392596716,5.453608247422682,0.9452
264913,1,혜택·대학생 특화형,3.235732941934624,24.42500000000001,2.6612
253572,1,혜택·대학생 특화형,3.57954279007647,34.85714285714284,2.6166
253394,1,혜택·대학생 특화형,2.31133788410364,9.087912087912084,0.8464
273581,1,혜택·대학생 특화형,4.172187048986034,63.85714285714282,1.7897
270484,0,일반·범용 모집형,3.5667118201397288,34.4,0.969
253410,1,혜택·대학생 특화형,2.2449094154674056,8.439560439560442,1.4323
253495,1,혜택·대학생 특화형,2.8010266575603144,15.461538461538456,2.1322
254035,1,혜택·대학생 특화형,2.125087049169796,7.3736263736263705,0.4471
254210,0,일반·범용 모집형,1.939610915627326,5.956043956043955,1.845
254457,1,혜택·대학생 특화형,3.0126218060566474,19.34065934065934,3.3523
271210,1,혜택·대학생 특화형,3.463780867963924,30.937500000000032,0.404
272554,0,일반·범용 모집형,4.69866052907543,108.79999999999997,2.9412
272686,1,혜택·대학생 특화형,4.601162164590553,98.60000000000007,1.7241
270761,1,혜택·대학생 특화형,4.22358435166987,67.27777777777776,2.3121
271119,1,혜택·대학생 특화형,3.920224574541564,49.411764705882355,2.8571
271127,1,혜택·대학생 특화형,2.2197607423586323,8.205128205128204,0.625
271507,0,일반·범용 모집형,4.141148628419904,61.87500000000004,1.5152
272427,1,혜택·대학생 특화형,4.125340662591064,60.888888888888864,3.1934
272865,1,혜택·대학생 특화형,5.124389059112104,167.07142857142867,4.1043
273689,0,일반·범용 모집형,2.1785324443240657,7.833333333333323,0.0
270481,1,혜택·대학생 특화형,6.166317809294411,475.4285714285717,4.4872
270627,1,혜택·대학생 특화형,5.5053315359323625,244.99999999999991,3.7123
271100,1,혜택·대학생 특화형,4.045113124235109,56.11764705882354,3.0398
271618,1,혜택·대학생 특화형,6.266132616075584,525.4375000000009,3.6041
271785,1,혜택·대학생 특화형,4.028694312231839,55.187500000000014,1.9253
254686,1,혜택·대학생 특화형,2.3424395866692285,9.406593406593409,0.9346
270581,1,혜택·대학생 특화형,4.435093355610574,83.36000000000001,3.4069
271238,1,혜택·대학생 특화형,2.9343633271776985,17.809523809523803,2.139
271681,0,일반·범용 모집형,2.6611332813144584,13.3125,0.0
272243,1,혜택·대학생 특화형,4.832305758571839,124.50000000000004,3.4423
272744,1,혜택·대학생 특화형,4.04305126783455,56.00000000000001,1.9481
265111,1,혜택·대학생 특화형,2.76974377010755,14.954545454545451,3.3435
263090,1,혜택·대학생 특화형,2.570351855744885,12.070422535211263,0.1167
270503,1,혜택·대학생 특화형,3.0353227408249994,19.807692307692307,1.3592
272726,0,일반·범용 모집형,2.907763500608034,17.31578947368421,0.9119
255137,0,일반·범용 모집형,2.3600421480188327,9.591397849462362,1.9058
270206,1,혜택·대학생 특화형,4.016774640103389,54.52173913043474,2.0734
271404,1,혜택·대학생 특화형,3.2425923514855164,24.59999999999999,3.0894
271466,0,일반·범용 모집형,3.65685021154166,37.73913043478263,2.4194
271659,1,혜택·대학생 특화형,3.6437590188334665,37.23529411764705,4.4234
272625,1,혜택·대학생 특화형,3.355735007585398,27.66666666666667,0.6024
272722,1,혜택·대학생 특화형,2.716708263845325,14.130434782608699,1.2308
272980,1,혜택·대학생 특화형,3.9120230054281455,48.99999999999997,0.9276
273471,0,일반·범용 모집형,3.367295829986474,28.000000000000004,1.5873
269468,1,혜택·대학생 특화형,4.473237514727266,86.64000000000004,3.7396
269617,1,혜택·대학생 특화형,2.6390573296152584,12.999999999999996,0.5917
271979,1,혜택·대학생 특화형,3.216205596312322,23.93333333333334,0.5571
272953,1,혜택·대학생 특화형,2.47092040781326,10.833333333333329,0.0
284694,0,일반·범용 모집형,0.2766322362651959,0.3186813186813186,0.0
271934,1,혜택·대학생 특화형,3.1632387445628054,22.64705882352942,1.2987
272236,1,혜택·대학생 특화형,6.2271177605932575,505.2941176470584,3.1199
255055,1,혜택·대학생 특화형,1.7620175000293172,4.824175824175823,2.0501
269925,1,혜택·대학생 특화형,4.223459163888033,67.26923076923069,3.7164
273875,1,혜택·대학생 특화형,4.350864274693309,76.54545454545455,2.019
273955,1,혜택·대학생 특화형,4.8283137373023015,124.00000000000004,0.5376
255101,1,혜택·대학생 특화형,2.087649522097666,7.065934065934069,0.4666
255145,0,일반·범용 모집형,2.457049695285034,10.67032967032967,1.8538
264292,0,일반·범용 모집형,2.545531271604435,11.749999999999996,1.6717
267602,0,일반·범용 모집형,3.072693314690119,20.59999999999999,4.2996
270418,1,혜택·대학생 특화형,3.5053071154183293,32.29166666666667,2.4516
271356,1,혜택·대학생 특화형,3.3098476030739272,26.380952380952376,3.4296
271492,1,혜택·대학생 특화형,5.730099782973576,307.0000000000004,3.3814
271975,1,혜택·대학생 특화형,5.202065567088451,180.64705882352948,2.7678
272034,0,일반·범용 모집형,4.132810843049897,61.35294117647058,4.0268
272337,0,일반·범용 모집형,3.501840907441843,32.176470588235304,2.3766
272386,0,일반·범용 모집형,2.6782780427685413,13.56000000000002,0.295
273598,1,혜택·대학생 특화형,3.885972328228204,47.71428571428574,2.3952
255152,0,일반·범용 모집형,3.0297620221403023,19.69230769230769,2.1205
270725,1,혜택·대학생 특화형,5.566525329164437,260.5238095238092,4.076
270801,1,혜택·대학생 특화형,4.172187048986035,63.857142857142875,3.8031
271012,1,혜택·대학생 특화형,3.796024091565264,43.52380952380952,4.1575
271128,1,혜택·대학생 특화형,3.256263356939821,24.95238095238095,0.7634
272786,1,혜택·대학생 특화형,3.991160325986869,53.11764705882347,3.1008
273346,1,혜택·대학생 특화형,3.762362230873741,42.050000000000054,0.2378
273722,1,혜택·대학생 특화형,1.7404661748405046,4.700000000000001,0.0
272720,1,혜택·대학생 특화형,5.854662505615336,347.8571428571425,3.217
255693,1,혜택·대학생 특화형,1.7117167615545184,4.538461538461537,0.0
269903,0,일반·범용 모집형,2.00917234583328,6.457142857142861,0.4425
270857,0,일반·범용 모집형,2.0388562615647574,6.68181818181818,0.0
272224,1,혜택·대학생 특화형,5.352174039338747,210.0666666666666,1.9676
255483,1,혜택·대학생 특화형,2.6737696462004643,13.494505494505491,1.6287
270624,0,일반·범용 모집형,3.188004161201114,23.24000000000001,1.2048
272028,1,혜택·대학생 특화형,6.058993384456802,426.9444444444446,2.4854
253411,0,일반·범용 모집형,5.186187961816516,177.7857142857143,0.4419
270943,1,혜택·대학생 특화형,3.290773564047783,25.863636363636378,2.812
272376,1,혜택·대학생 특화형,2.625985248047906,12.818181818181817,1.773
273869,1,혜택·대학생 특화형,2.354544831924757,9.533333333333335,0.6993
235865,0,일반·범용 모집형,2.4061257719348856,10.090909090909086,3.9746
250596,1,혜택·대학생 특화형,2.9346097401895523,17.81415929203539,1.4406
209959,1,혜택·대학생 특화형,2.8208752349253863,15.79154078549849,0.7079
227743,1,혜택·대학생 특화형,2.293207931181449,8.90666666666667,2.7944
272398,1,혜택·대학생 특화형,6.185951389172388,484.8750000000003,3.7896
272752,0,일반·범용 모집형,4.953947357799683,140.73333333333326,5.0687
273020,1,혜택·대학생 특화형,4.429966096963001,82.92857142857142,4.0482
273892,0,일반·범용 모집형,4.090169190811619,58.74999999999996,0.7447
273971,0,일반·범용 모집형,3.433987204485146,29.999999999999986,2.1429
256177,1,혜택·대학생 특화형,1.6855846212776706,4.395604395604396,0.75
269237,1,혜택·대학생 특화형,2.8977518651937872,17.133333333333333,1.5564
272626,1,혜택·대학생 특화형,2.893837965872652,17.06250000000002,1.4652
272852,1,혜택·대학생 특화형,4.044220175039532,56.066666666666684,1.0702
272974,0,일반·범용 모집형,2.724579503053421,14.250000000000005,0.3509
273028,0,일반·범용 모집형,2.8956488149970085,17.0952380952381,0.0
274258,0,일반·범용 모집형,4.5217885770490405,91.00000000000001,0.0
255851,0,일반·범용 모집형,1.9753012824272391,6.20879120879121,1.9469
267954,1,혜택·대학생 특화형,3.851969648980004,46.08571428571432,3.9058
254504,1,혜택·대학생 특화형,2.596309479901789,12.414141414141413,1.3019
235876,1,혜택·대학생 특화형,1.701842521187011,4.4840425531914905,0.8304
270940,0,일반·범용 모집형,2.847812143477369,16.250000000000004,1.5385
272506,1,혜택·대학생 특화형,4.7934264783018605,119.71428571428571,2.8242
272936,1,혜택·대학생 특화형,3.92395157629342,49.6,1.7473
273054,0,일반·범용 모집형,3.0788471802644977,20.733333333333334,4.1801
273238,0,일반·범용 모집형,2.495956485974585,11.133333333333331,0.5988
273265,0,일반·범용 모집형,3.809621071810066,44.133333333333375,1.2085
273355,0,일반·범용 모집형,3.0647251450409425,20.42857142857143,0.3497
273492,1,혜택·대학생 특화형,6.029826375041411,414.6428571428571,2.8768
273691,1,혜택·대학생 특화형,3.705408756065147,39.66666666666668,3.9916
273710,1,혜택·대학생 특화형,3.746558565700614,41.37499999999999,0.3021
274024,1,혜택·대학생 특화형,4.680277658474896,106.79999999999994,3.9326
268510,1,혜택·대학생 특화형,2.174751721484162,7.80000000000001,0.7326
271617,0,일반·범용 모집형,3.041445512218944,19.93548387096775,2.2654
273143,1,혜택·대학생 특화형,2.9338568698359038,17.800000000000004,2.2472
273633,1,혜택·대학생 특화형,2.760009940032921,14.799999999999997,1.3514
274593,0,일반·범용 모집형,2.5980493058878813,12.437499999999996,0.5025
269914,1,혜택·대학생 특화형,3.679670515028626,38.633333333333326,3.1924
273051,0,일반·범용 모집형,3.3603753871419,27.799999999999997,1.199
273711,1,혜택·대학생 특화형,3.327730229780283,26.875000000000007,0.4651
274019,1,혜택·대학생 특화형,3.9889840465642745,53.00000000000001,3.3962
274023,1,혜택·대학생 특화형,4.823502180305079,123.39999999999996,3.5656
273821,0,일반·범용 모집형,3.931825632724325,49.99999999999995,2.0
274595,0,일반·범용 모집형,3.8501476017100593,46.000000000000036,0.0
274630,0,일반·범용 모집형,2.8977518651937872,17.133333333333333,0.0
256403,1,혜택·대학생 특화형,2.5057501773773696,11.252747252747259,0.3906
265848,1,혜택·대학생 특화형,2.6919797310696008,13.760869565217385,1.1058
269779,1,혜택·대학생 특화형,3.2568550729334174,24.967741935483875,2.584
271537,1,혜택·대학생 특화형,5.098274493287948,162.73913043478265,4.4082
273783,0,일반·범용 모집형,2.59338729278207,12.374999999999996,0.5051
271762,1,혜택·대학생 특화형,2.1828771289280784,7.871794871794878,0.3257
264145,1,혜택·대학생 특화형,2.57015092965761,12.06779661016949,1.1236
236880,1,혜택·대학생 특화형,1.8898354524712528,5.618279569892477,2.201
248908,1,혜택·대학생 특화형,4.299660769854666,72.67479674796745,3.4232
270901,1,혜택·대학생 특화형,3.02603762304932,19.615384615384613,0.3922
272362,1,혜택·대학생 특화형,3.3512527051458982,27.538461538461533,3.352
272857,1,혜택·대학생 특화형,3.895215887111766,48.16666666666673,2.6528
273178,1,혜택·대학생 특화형,4.863680881139592,128.49999999999994,3.0156
274148,0,일반·범용 모집형,3.6532522764707855,37.600000000000016,0.0
266504,1,혜택·대학생 특화형,2.4203681286504293,10.250000000000002,1.1257
267873,1,혜택·대학생 특화형,2.528391761727739,11.533333333333333,3.6609
270865,1,혜택·대학생 특화형,2.570849079588725,12.076923076923075,0.6369
271066,0,일반·범용 모집형,2.739548868161581,14.479999999999999,0.8287
272016,0,일반·범용 모집형,2.8033603809065344,15.49999999999999,0.5865
272302,0,일반·범용 모집형,3.2064917656684795,23.6923076923077,2.7597
272858,1,혜택·대학생 특화형,5.152327739001473,171.83333333333346,2.0369
273686,1,혜택·대학생 특화형,2.60463710572878,12.52631578947369,0.8403
273924,1,혜택·대학생 특화형,5.703782474656201,298.99999999999994,3.4114
258132,0,일반·범용 모집형,2.2279141105974323,8.280487804878044,1.4728
270738,0,일반·범용 모집형,2.4976456755654306,11.15384615384616,0.3448
271669,1,혜택·대학생 특화형,3.250051442336651,24.79166666666668,2.521
271699,1,혜택·대학생 특화형,1.5014900732113232,3.488372093023256,0.6667
272313,0,일반·범용 모집형,3.52790731533446,33.052631578947356,3.3439
272452,0,일반·범용 모집형,3.208048186216137,23.730769230769223,1.4587
273259,1,혜택·대학생 특화형,4.177098523251013,64.1764705882353,3.2997
273402,1,혜택·대학생 특화형,3.4434301452854283,30.294117647058826,0.9709
273544,0,일반·범용 모집형,5.2571697982010415,190.93750000000006,3.9935
274299,0,일반·범용 모집형,4.364371699435161,77.59999999999998,1.2887
274896,1,혜택·대학생 특화형,3.488902962081261,31.75,0.7874
270506,1,혜택·대학생 특화형,5.332718793265369,205.99999999999994,2.5405
271654,1,혜택·대학생 특화형,2.0386195471595805,6.679999999999998,0.0
272833,1,혜택·대학생 특화형,3.7421945128816576,41.190476190476176,1.6185
273297,1,혜택·대학생 특화형,2.3978952727983707,10.000000000000002,1.1111
273845,1,혜택·대학생 특화형,3.086486636822455,20.9,0.0
256878,1,혜택·대학생 특화형,3.06318549885535,20.39560439560441,3.2866
270458,0,일반·범용 모집형,2.68273239311792,13.624999999999998,3.8991
270771,1,혜택·대학생 특화형,3.537880368449023,33.393939393939405,4.7187
271028,0,일반·범용 모집형,2.313242387468033,9.10714285714285,0.3922
271525,0,일반·범용 모집형,2.583997552432231,12.25,0.2915
273033,1,혜택·대학생 특화형,4.116895387743996,60.36842105263153,0.2616
273431,0,일반·범용 모집형,4.1089805218595306,59.884615384615415,3.5324
256749,1,혜택·대학생 특화형,1.8417698898027168,5.30769230769231,2.2774
270163,1,혜택·대학생 특화형,3.3366588605245844,27.125000000000004,0.9217
272254,1,혜택·대학생 특화형,2.0003042211211115,6.3913043478260825,2.0408
272724,1,혜택·대학생 특화형,4.532087329249615,91.95238095238096,3.2108
272748,1,혜택·대학생 특화형,5.515347027973252,247.47619047619088,4.9067
273518,1,혜택·대학생 특화형,3.303603895341989,26.21052631578948,0.2008
273930,1,혜택·대학생 특화형,4.440295542797857,83.79999999999998,3.222
274021,0,일반·범용 모집형,3.1498829533812494,22.333333333333336,0.4975
274767,0,일반·범용 모집형,2.9885637840753785,18.857142857142858,0.0
273136,0,일반·범용 모집형,3.94209266336407,50.52631578947369,3.5417
274038,1,혜택·대학생 특화형,6.599326133385568,733.6000000000007,1.4313
274594,0,일반·범용 모집형,2.341805806147327,9.4,2.1277
275661,1,혜택·대학생 특화형,3.367295829986474,28.000000000000004,0.0
273935,1,혜택·대학생 특화형,3.603780123595932,35.736842105263165,0.4418
274679,0,일반·범용 모집형,1.9671123567059168,6.150000000000004,0.0
274760,1,혜택·대학생 특화형,5.4534879342760405,232.57142857142858,2.5184
268199,0,일반·범용 모집형,2.841784825106358,16.14634146341465,1.8127
273418,1,혜택·대학생 특화형,3.938664936374568,50.35000000000003,1.6882
273618,0,일반·범용 모집형,2.872672180796764,16.68421052631579,0.6309
274658,0,일반·범용 모집형,3.3219480100080148,26.71428571428571,0.5348
276041,1,혜택·대학생 특화형,4.060443010546419,56.999999999999986,0.0
274527,0,일반·범용 모집형,3.526360524616161,32.99999999999999,1.8939
257272,1,혜택·대학생 특화형,2.9345580501848376,17.813186813186817,0.9254
257390,0,일반·범용 모집형,2.575041957848761,12.13186813186813,0.3623
272227,0,일반·범용 모집형,2.390877700139724,9.923076923076925,0.3876
272235,1,혜택·대학생 특화형,4.493995700464845,88.47826086956522,4.0786
274036,0,일반·범용 모집형,3.3672958299864746,28.000000000000018,1.9481
274727,1,혜택·대학생 특화형,3.446011397451948,30.375000000000007,2.0576
275669,0,일반·범용 모집형,3.3250360206965914,26.8,0.0
233593,1,혜택·대학생 특화형,2.218673120743704,8.19512195121952,1.7857
268158,1,혜택·대학생 특화형,3.488014941420827,31.720930232558146,1.2463
273357,0,일반·범용 모집형,3.396424102909498,28.857142857142865,1.1551
273526,1,혜택·대학생 특화형,5.175611519428437,175.904761904762,4.575
274663,1,혜택·대학생 특화형,3.5277601049705845,33.047619047619044,5.0432
274681,1,혜택·대학생 특화형,2.6625878270254524,13.333333333333329,1.7857
275484,0,일반·범용 모집형,3.483435479899127,31.571428571428562,0.0
275679,1,혜택·대학생 특화형,4.246707931475263,68.87499999999999,2.3593
273071,0,일반·범용 모집형,3.05314318076733,20.18181818181818,0.6757
273122,1,혜택·대학생 특화형,6.511002111475994,671.5,0.968
273439,0,일반·범용 모집형,3.8749817337477968,47.18181818181817,1.8304
275532,1,혜택·대학생 특화형,6.222377835686553,502.90000000000015,1.1334
258539,1,혜택·대학생 특화형,2.65617837039537,13.241758241758243,1.1618
270711,1,혜택·대학생 특화형,5.2513210470222615,189.81818181818164,4.4061
273302,1,혜택·대학생 특화형,3.570812287186996,34.545454545454575,1.1842
273613,1,혜택·대학생 특화형,2.5575963831562785,11.904761904761912,0.8
274145,0,일반·범용 모집형,3.086486636822455,20.9,0.9569
274899,0,일반·범용 모집형,3.570203162480337,34.52380952380949,3.4483
241253,1,혜택·대학생 특화형,2.4420834960344333,10.496969696969694,4.157
223735,1,혜택·대학생 특화형,2.6636816198607804,13.349019607843134,4.7297
250362,1,혜택·대학생 특화형,1.9913473275513744,6.325396825396828,2.6349
257807,1,혜택·대학생 특화형,2.625623702073397,12.813186813186805,1.8868
274029,1,혜택·대학생 특화형,4.25942431258155,69.76923076923083,1.1025
274725,1,혜택·대학생 특화형,1.5404450409471488,3.666666666666666,0.0
274965,0,일반·범용 모집형,2.687847493784691,13.700000000000006,1.4599
257979,1,혜택·대학생 특화형,1.6268675475693843,4.087912087912089,1.6129
272761,1,혜택·대학생 특화형,2.488234439880675,11.039999999999997,1.087
273542,0,일반·범용 모집형,2.5649493574615367,12.0,1.1364
275737,0,일반·범용 모집형,4.377328113892328,78.62500000000004,3.4976
277016,0,일반·범용 모집형,3.754533424335373,41.71428571428571,0.0
273593,0,일반·범용 모집형,3.620697941697864,36.36363636363636,2.75
274407,0,일반·범용 모집형,4.898517995975549,133.09090909090904,3.4153
276092,1,혜택·대학생 특화형,5.350672596881965,209.74999999999994,4.2908
275896,1,혜택·대학생 특화형,3.521446509813732,32.83333333333333,0.7614
263120,1,혜택·대학생 특화형,2.582024331214116,12.223880597014936,4.0293
272415,1,혜택·대학생 특화형,3.22348059125495,24.115384615384635,3.0303
274753,1,혜택·대학생 특화형,4.875960390769654,130.1,1.3067
275727,0,일반·범용 모집형,3.774037262454243,42.55555555555555,0.7833
257985,1,혜택·대학생 특화형,2.483073468706339,10.978021978021976,1.6016
273589,1,혜택·대학생 특화형,3.915350795520821,49.16666666666667,1.0169
273622,1,혜택·대학생 특화형,2.6010780815500425,12.47826086956522,0.0
273712,1,혜택·대학생 특화형,3.437775087802083,30.117647058823525,0.1953
274596,1,혜택·대학생 특화형,4.231467980639079,67.81818181818186,2.5469
274897,0,일반·범용 모집형,2.3733541638822526,9.73333333333333,0.0
275368,0,일반·범용 모집형,3.487629887434463,31.708333333333336,1.5769
276173,0,일반·범용 모집형,2.254794429157697,8.53333333333333,0.0
276404,1,혜택·대학생 특화형,3.323235840192444,26.750000000000014,0.0
276426,1,혜택·대학생 특화형,4.248495242049359,69.00000000000003,2.1739
276428,0,일반·범용 모집형,1.749199854809259,4.75,0.0
273595,1,혜택·대학생 특화형,3.61326533156253,36.086956521739154,2.4096
275308,1,혜택·대학생 특화형,3.64050586982972,37.111111111111086,1.7964
275349,0,일반·범용 모집형,2.7838882774937144,15.181818181818176,1.7964
276611,1,혜택·대학생 특화형,2.685577345250151,13.66666666666666,1.2195
271930,0,일반·범용 모집형,2.7335292864031957,14.38709677419356,1.5695
274259,1,혜택·대학생 특화형,2.6445367953798846,13.076923076923082,0.0
275571,1,혜택·대학생 특화형,2.772588722239781,14.999999999999998,0.8
275328,1,혜택·대학생 특화형,3.693866995624976,39.20000000000003,1.5306
273329,1,혜택·대학생 특화형,2.484906649788,10.999999999999995,0.3636
273599,1,혜택·대학생 특화형,2.5871372724368986,12.291666666666663,0.339
276660,0,일반·범용 모집형,3.3672958299864746,28.000000000000018,1.6234
258198,1,혜택·대학생 특화형,1.817077277212345,5.153846153846154,1.7058
258217,1,혜택·대학생 특화형,2.294863046900135,8.923076923076922,1.3547
258229,1,혜택·대학생 특화형,2.832566722630517,15.989010989010985,0.9622
272372,1,혜택·대학생 특화형,3.862982810003505,46.60714285714286,2.7586
274175,1,혜택·대학생 특화형,3.9635305625740775,51.64285714285712,2.4896
275818,1,혜택·대학생 특화형,4.526126978647638,91.39999999999996,2.1882
275936,1,혜택·대학생 특화형,4.418840607796598,82.00000000000003,0.8711
275937,0,일반·범용 모집형,3.306363278991317,26.285714285714295,0.5435
276997,0,일반·범용 모집형,3.248434627109745,24.749999999999996,0.0
268770,1,혜택·대학생 특화형,5.838354991789134,342.2142857142857,2.5325
273994,1,혜택·대학생 특화형,4.120470866814321,60.58823529411765,0.8738
275022,0,일반·범용 모집형,3.683507910312025,38.78571428571427,2.3941
275195,1,혜택·대학생 특화형,2.226700395469173,8.26923076923077,0.4651
276370,1,혜택·대학생 특화형,3.880089958325137,47.42857142857143,1.506
276696,0,일반·범용 모집형,3.9332252130787486,50.07142857142855,0.9986
258040,0,일반·범용 모집형,1.006593389947858,1.7362637362637376,2.5316
272699,1,혜택·대학생 특화형,6.77144451728321,871.5714285714287,3.6142
275351,1,혜택·대학생 특화형,4.241326752570746,68.49999999999997,2.6764
276663,0,일반·범용 모집형,4.543294782270004,93.0,1.7204
275829,1,혜택·대학생 특화형,4.189654742026426,65.00000000000003,2.2378
274893,0,일반·범용 모집형,2.777576263750821,15.080000000000013,2.122
276063,0,일반·범용 모집형,3.044522437723423,20.0,1.25
276081,0,일반·범용 모집형,2.7725887222397816,15.000000000000007,0.0
273487,0,일반·범용 모집형,0.8312975190407624,1.2962962962962963,0.0
274975,1,혜택·대학생 특화형,4.476462306333274,86.92307692307693,4.6903
275573,1,혜택·대학생 특화형,3.4487657985812654,30.461538461538474,1.0101
276647,0,일반·범용 모집형,2.2772672850097555,8.749999999999996,0.0
276819,1,혜택·대학생 특화형,2.82785140091483,15.9090909090909,0.0
273333,1,혜택·대학생 특화형,4.485173162807522,87.69230769230765,4.5175
273423,0,일반·범용 모집형,2.9198475760291185,17.538461538461544,1.5351
275690,0,일반·범용 모집형,3.592735593561034,35.33333333333333,0.3774
275733,0,일반·범용 모집형,4.374708253866202,78.41666666666667,2.5505
275850,1,혜택·대학생 특화형,3.2542429687054915,24.899999999999984,2.8112
271529,0,일반·범용 모집형,2.802494205018686,15.485714285714284,2.214
255171,1,혜택·대학생 특화형,1.6901992690785592,4.420560747663553,1.0571
274490,1,혜택·대학생 특화형,4.563653505785158,94.93333333333337,0.9831
275477,1,혜택·대학생 특화형,2.3353749158170367,9.333333333333336,0.7143
275652,0,일반·범용 모집형,2.017369113037458,6.518518518518516,0.5682
276257,0,일반·범용 모집형,3.0518217402050345,20.153846153846153,0.7634
276391,0,일반·범용 모집형,2.4203681286504293,10.250000000000002,1.2195
276613,0,일반·범용 모집형,4.686091628340317,107.42857142857146,2.5266
277604,0,일반·범용 모집형,3.126133773169586,21.785714285714285,1.3115
250734,0,일반·범용 모집형,1.5049519049212068,3.5039370078740166,0.8989
273740,0,일반·범용 모집형,2.1273810039689547,7.392857142857141,0.9662
274677,1,혜택·대학생 특화형,4.360707232656288,77.31250000000004,4.2846
275440,0,일반·범용 모집형,4.07230867382292,57.69230769230766,1.2
275862,1,혜택·대학생 특화형,2.761160026416159,14.818181818181824,0.0
276360,1,혜택·대학생 특화형,5.577368549800543,263.3750000000001,4.6037
258752,1,혜택·대학생 특화형,2.1996636029355776,8.021978021978017,1.7808
273932,0,일반·범용 모집형,3.109060958860994,21.4,1.2461
274835,1,혜택·대학생 특화형,4.088374395235596,58.6428571428571,1.0962
275624,1,혜택·대학생 특화형,2.605155777939577,12.533333333333331,0.0
276028,0,일반·범용 모집형,2.4796847058068483,10.937499999999996,0.0
277040,0,일반·범용 모집형,2.66615925939305,13.384615384615387,0.0
271775,1,혜택·대학생 특화형,3.722341094227899,40.36111111111111,1.6518
264470,1,혜택·대학생 특화형,1.7157071060281448,4.560606060606061,0.0
272927,1,혜택·대학생 특화형,5.250138126837361,189.59259259259267,2.0512
276222,0,일반·범용 모집형,2.862200880929469,16.50000000000001,0.0
276607,0,일반·범용 모집형,2.8507065015037334,16.3,0.6135
276693,0,일반·범용 모집형,4.99946199349813,147.3333333333333,4.3741
277569,1,혜택·대학생 특화형,5.113993807083409,165.33333333333331,1.4113
271460,1,혜택·대학생 특화형,2.836304536625889,16.052631578947373,1.8033
272964,1,혜택·대학생 특화형,3.8308877471154696,45.10344827586209,3.0581
273102,1,혜택·대학생 특화형,3.98000387075669,52.517241379310335,3.1517
276622,1,혜택·대학생 특화형,3.821368637160015,44.66666666666666,6.2189
276913,0,일반·범용 모집형,2.2481910209282465,8.470588235294114,0.0
276931,1,혜택·대학생 특화형,5.229579564568908,185.71428571428564,3.9231
276006,0,일반·범용 모집형,3.462606009790799,30.900000000000002,3.5599
276033,1,혜택·대학생 특화형,3.3032169733019514,26.199999999999992,1.5267
276161,1,혜택·대학생 특화형,4.74493212836325,114.00000000000001,3.2456
276700,0,일반·범용 모집형,4.229263880121471,67.66666666666666,1.642
276779,1,혜택·대학생 특화형,4.933445655405126,137.85714285714283,3.7306
275845,1,혜택·대학생 특화형,4.383947864851776,79.15384615384619,3.4985
276915,1,혜택·대학생 특화형,4.639571612705423,102.49999999999996,4.6341
277231,1,혜택·대학생 특화형,4.147659620989822,62.28571428571428,2.5229
277316,1,혜택·대학생 특화형,4.040541856229124,55.85714285714285,1.7903
278033,0,일반·범용 모집형,2.4142890825740477,10.18181818181819,0.0
259280,0,일반·범용 모집형,1.83652970313916,5.274725274725274,2.0833
262051,0,일반·범용 모집형,2.3221722262693505,9.197802197802197,0.1195
274918,1,혜택·대학생 특화형,3.647406205907361,37.37499999999999,2.8428
276337,0,일반·범용 모집형,3.679460232197445,38.625000000000014,2.589
276596,0,일반·범용 모집형,3.419546520330352,29.55555555555556,0.3759
277133,1,혜택·대학생 특화형,5.519745161078743,248.57142857142844,1.7816
277230,0,일반·범용 모집형,4.087176072743488,58.57142857142856,2.9268
277232,1,혜택·대학생 특화형,4.580584710515477,96.57142857142856,4.5858
277862,0,일반·범용 모집형,4.7535901911063645,114.99999999999999,0.5797
277887,1,혜택·대학생 특화형,2.98496017657208,18.785714285714292,3.4221
277950,0,일반·범용 모집형,3.055048850710411,20.22222222222224,0.8242
278057,0,일반·범용 모집형,2.799987696427896,15.44444444444445,3.0576
259630,1,혜택·대학생 특화형,4.055314307121009,56.70329670329667,2.9651
276177,0,일반·범용 모집형,3.8947315083180856,48.14285714285717,4.1543
277248,0,일반·범용 모집형,1.889951495407269,5.61904761904762,0.0
277425,0,일반·범용 모집형,3.6781073571320255,38.571428571428584,1.8519
277487,0,일반·범용 모집형,3.301113923105173,26.142857142857153,2.1858
277665,0,일반·범용 모집형,4.430816798843313,82.99999999999999,2.1084
278136,1,혜택·대학생 특화형,3.9951379121386528,53.33333333333334,0.625
248135,0,일반·범용 모집형,0.8462913177758021,1.3309859154929575,0.0
274624,0,일반·범용 모집형,3.1710851610318525,22.833333333333336,1.7032
273208,0,일반·범용 모집형,4.630334756425656,101.54838709677414,3.5578
275011,0,일반·범용 모집형,3.3489802996800413,27.473684210526322,3.8314
275921,0,일반·범용 모집형,3.654977902438256,37.6666666666667,3.7611
276083,0,일반·범용 모집형,5.182079189614268,177.0526315789474,3.7158
276163,1,혜택·대학생 특화형,4.964115278461363,142.1818181818182,2.6215
277204,1,혜택·대학생 특화형,4.193435464866332,65.25000000000003,1.1494
277279,0,일반·범용 모집형,3.3187211598379167,26.624999999999996,0.0
277960,0,일반·범용 모집형,2.8716796248840124,16.66666666666667,0.5
277963,0,일반·범용 모집형,2.9382277790738,17.882352941176475,0.0
278697,0,일반·범용 모집형,3.9120230054281455,48.99999999999997,0.0
241287,0,일반·범용 모집형,1.660109544703238,4.259887005649717,1.061
267618,1,혜택·대학생 특화형,3.3499040872746053,27.500000000000014,1.7172
267939,1,혜택·대학생 특화형,2.124998073282203,7.372881355932204,0.9195
269016,1,혜택·대학생 특화형,2.4717485652104894,10.843137254901963,0.0
271493,0,일반·범용 모집형,2.576340855747632,12.148936170212762,0.7005
272484,1,혜택·대학생 특화형,2.980464801423202,18.696969696969685,1.7828
272932,1,혜택·대학생 특화형,2.532159534638546,11.580645161290324,0.2786
274418,1,혜택·대학생 특화형,3.135494215929149,21.99999999999998,0.4785
274650,1,혜택·대학생 특화형,3.343419580995344,27.315789473684216,1.5414
275983,1,혜택·대학생 특화형,3.893519533863586,48.08333333333332,4.5061
276434,1,혜택·대학생 특화형,4.055257173514054,56.7,2.9982
277249,1,혜택·대학생 특화형,4.423348504235787,82.37499999999994,2.7314
277443,0,일반·범용 모집형,3.5779478934066544,34.79999999999999,0.8621
278304,1,혜택·대학생 특화형,4.465908118654583,85.99999999999991,0.0
278695,0,일반·범용 모집형,3.931825632724326,50.00000000000002,1.0
255676,1,혜택·대학생 특화형,2.1151596242819157,7.290909090909096,3.4913
272309,1,혜택·대학생 특화형,3.9587909242168102,51.39393939393939,3.184
272935,1,혜택·대학생 특화형,3.16724291424373,22.741935483870968,0.9929
274227,1,혜택·대학생 특화형,1.665879223339052,4.29032258064516,0.7519
274765,0,일반·범용 모집형,2.1530533590230823,7.611111111111114,0.0
275380,1,혜택·대학생 특화형,4.9245325950428445,136.62500000000006,3.7054
275536,0,일반·범용 모집형,2.3092296357127142,9.066666666666666,0.0
277863,1,혜택·대학생 특화형,4.131158535344817,61.24999999999997,2.8571
264468,0,일반·범용 모집형,6.898361293340268,989.6500000000001,3.1981
260626,0,일반·범용 모집형,5.833835602904398,340.6666666666664,0.6849
271060,0,일반·범용 모집형,2.1222615388627646,7.350000000000003,1.3605
275798,0,일반·범용 모집형,3.701301974112493,39.49999999999998,1.8987
275100,1,혜택·대학생 특화형,3.1242105983271227,21.741935483870975,2.6706
276034,0,일반·범용 모집형,5.709874988655359,300.83333333333337,2.8809
277891,0,일반·범용 모집형,3.4210000089583352,29.600000000000005,0.0
274773,0,일반·범용 모집형,3.6648428762856953,38.05000000000001,3.1537
276255,1,혜택·대학생 특화형,4.275934857557509,70.94736842105262,2.8932
276420,0,일반·범용 모집형,4.059210724500154,56.92857142857143,4.7679
277045,0,일반·범용 모집형,4.161112738686941,63.14285714285715,3.6199
277160,1,혜택·대학생 특화형,3.282277336218697,25.636363636363644,0.0
277214,1,혜택·대학생 특화형,3.752707495647909,41.63636363636364,2.1834
277452,0,일반·범용 모집형,2.874371416549724,16.714285714285722,2.5641
259802,1,혜택·대학생 특화형,1.956839219587504,6.076923076923079,1.4467
259665,0,일반·범용 모집형,2.928699802616469,17.70329670329669,1.7381
260265,0,일반·범용 모집형,2.4447331018794483,10.52747252747254,0.8351
274749,0,일반·범용 모집형,2.4203681286504293,10.250000000000002,0.4878
275625,0,일반·범용 모집형,3.3111511009773715,26.416666666666664,1.1041
277261,0,일반·범용 모집형,3.8129916248219673,44.285714285714285,3.0645
277636,1,혜택·대학생 특화형,5.065303838295054,157.42857142857147,3.8113
259944,1,혜택·대학생 특화형,1.701746589234669,4.483516483516485,0.0
276338,0,일반·범용 모집형,3.899082494152411,48.35714285714284,1.3294
277060,0,일반·범용 모집형,3.351497713109883,27.545454545454547,2.3102
277609,1,혜택·대학생 특화형,4.208947944961104,66.28571428571428,5.3879
277707,0,일반·범용 모집형,3.169685580677429,22.800000000000004,0.4386
278009,1,혜택·대학생 특화형,4.947577158129119,139.8333333333333,2.9797
278050,1,혜택·대학생 특화형,3.4879483080708105,31.718750000000007,3.3498
227085,1,혜택·대학생 특화형,2.873338625339924,16.69599999999999,1.8687
259667,0,일반·범용 모집형,2.427108645264272,10.326086956521738,1.1579
276424,0,일반·범용 모집형,1.6986690461620433,4.466666666666668,1.4925
276429,0,일반·범용 모집형,2.0959708436310467,7.133333333333335,0.0
270433,1,혜택·대학생 특화형,1.6713133161521876,4.319148936170212,0.9852
274401,1,혜택·대학생 특화형,6.973628136769202,1067.090909090909,3.7826
270409,0,일반·범용 모집형,2.020222182019865,6.540000000000002,1.2232
275275,0,일반·범용 모집형,2.5649493574615367,12.0,1.5152
277453,1,혜택·대학생 특화형,4.028593184659321,55.1818181818182,3.4596
277701,0,일반·범용 모집형,5.139712336371399,169.66666666666674,3.8507
278134,1,혜택·대학생 특화형,5.198497031265825,179.9999999999999,3.5417
278167,1,혜택·대학생 특화형,3.147840051751449,22.28571428571428,1.2821
275346,0,일반·범용 모집형,1.432103897151185,3.187500000000001,0.9804
277819,1,혜택·대학생 특화형,3.038552270736919,19.874999999999993,0.0
278234,0,일반·범용 모집형,1.118414915964289,2.059999999999999,0.9709
274937,1,혜택·대학생 특화형,7.850512658671318,2566.0499999999984,1.2237
275882,1,혜택·대학생 특화형,2.977927648920484,18.647058823529402,0.3155
276655,0,일반·범용 모집형,4.238925791033208,68.3333333333333,5.0732
277995,1,혜택·대학생 특화형,5.342932159306987,208.12499999999986,2.8228
278104,1,혜택·대학생 특화형,5.049856007249537,155.0,5.2419
278675,1,혜택·대학생 특화형,3.382505248650003,28.444444444444446,0.7812
260380,0,일반·범용 모집형,3.491500039735858,31.83516483516484,2.6924
273568,0,일반·범용 모집형,2.607037518380487,12.558823529411763,0.2342
276278,1,혜택·대학생 특화형,4.736198448394496,113.00000000000003,0.0
278911,1,혜택·대학생 특화형,4.250533978739208,69.14285714285718,1.8595
279124,1,혜택·대학생 특화형,3.917010546939185,49.24999999999999,0.5076
278762,0,일반·범용 모집형,6.708432880508158,818.2857142857146,3.2647
260659,1,혜택·대학생 특화형,2.2093606486184445,8.109890109890106,1.626
276708,1,혜택·대학생 특화형,4.966567296262153,142.53333333333333,3.695
277953,1,혜택·대학생 특화형,3.5085558999826545,32.39999999999999,0.6173
278053,1,혜택·대학생 특화형,5.440491855328579,229.55555555555554,1.1617
278581,1,혜택·대학생 특화형,4.624972813284271,100.99999999999996,3.5891
279510,0,일반·범용 모집형,4.820281565605037,123.00000000000003,1.2195
272755,0,일반·범용 모집형,2.554499941587195,11.86486486486486,0.6834
273602,1,혜택·대학생 특화형,1.33500106673234,2.8,0.0
274850,1,혜택·대학생 특화형,5.302852521713427,199.90909090909068,2.251
276181,1,혜택·대학생 특화형,3.389362924015154,28.647058823529452,0.616
278701,0,일반·범용 모집형,3.426792928851119,29.77777777777777,0.3731
276618,1,혜택·대학생 특화형,6.645779174464942,768.529411764706,3.9418
277127,1,혜택·대학생 특화형,6.528271151767635,683.214285714287,4.276
260693,0,일반·범용 모집형,2.536657714840446,11.63736263736264,1.1331
270061,0,일반·범용 모집형,2.5541217188094736,11.860000000000003,3.5413
276413,1,혜택·대학생 특화형,4.194378416374202,65.31250000000001,1.5311
277259,0,일반·범용 모집형,3.491834655767087,31.846153846153825,0.9662
277350,1,혜택·대학생 특화형,4.760199600494039,115.76923076923077,5.3821
277946,0,일반·범용 모집형,2.730029107820985,14.33333333333333,0.0
276968,1,혜택·대학생 특화형,3.283414346005772,25.66666666666667,0.8658
278798,1,혜택·대학생 특화형,3.485078865642857,31.624999999999986,1.1858
278907,0,일반·범용 모집형,3.3483079177417823,27.454545454545443,0.9934
279178,1,혜택·대학생 특화형,2.4769384801388235,10.904761904761905,0.4367
279568,0,일반·범용 모집형,3.6463198396951406,37.33333333333334,0.0
261055,0,일반·범용 모집형,2.1407123670728767,7.505494505494502,0.8785
261132,1,혜택·대학생 특화형,2.0316124539899545,6.626373626373627,1.6584
277769,0,일반·범용 모집형,3.906553529623611,48.72727272727274,1.306
278683,1,혜택·대학생 특화형,4.64799018317102,103.37500000000001,1.8138
279085,0,일반·범용 모집형,3.737669618283368,40.999999999999986,0.9756
279437,0,일반·범용 모집형,3.439663662489952,30.176470588235315,1.5595
279603,0,일반·범용 모집형,4.264087336809195,70.09999999999997,1.2839
241502,1,혜택·대학생 특화형,2.8606123182443306,16.472222222222225,3.575
274611,0,일반·범용 모집형,2.384165079986469,9.850000000000003,0.0
276305,0,일반·범용 모집형,4.074141854904581,57.79999999999998,1.0381
276334,0,일반·범용 모집형,3.125410096862524,21.769230769230774,2.4735
277954,0,일반·범용 모집형,2.586689344097943,12.285714285714288,1.1628
278626,1,혜택·대학생 특화형,4.670021158307708,105.69999999999999,2.8382
279123,0,일반·범용 모집형,4.508414517523783,89.77777777777774,5.0743
279627,0,일반·범용 모집형,3.610917912644225,36.000000000000014,0.0
276678,1,혜택·대학생 특화형,7.661776185277655,2124.529411764703,3.976
275192,1,혜택·대학생 특화형,2.8094026953624973,15.599999999999998,1.6484
276313,1,혜택·대학생 특화형,3.0732075857222814,20.611111111111107,1.6173
277293,0,일반·범용 모집형,6.414442080300777,609.5999999999997,1.9029
279023,1,혜택·대학생 특화형,4.433788569232471,83.24999999999997,3.3033
279348,0,일반·범용 모집형,3.97968165390196,52.49999999999995,1.9048
279667,1,혜택·대학생 특화형,4.5081084731449605,89.75000000000003,3.0641
275392,1,혜택·대학생 특화형,2.6635984385313765,13.347826086956525,1.3029
276988,0,일반·범용 모집형,3.4186905391096727,29.529411764705888,1.5936
278623,0,일반·범용 모집형,3.2644863361202527,25.166666666666657,2.3179
278778,1,혜택·대학생 특화형,4.766911035082026,116.5555555555556,3.5272
278896,0,일반·범용 모집형,4.370853334075756,78.11111111111107,2.4182
278909,1,혜택·대학생 특화형,3.376656272746038,28.272727272727277,2.2508
279003,1,혜택·대학생 특화형,2.15039327765212,7.588235294117645,0.0
279509,1,혜택·대학생 특화형,4.259152536523347,69.75,0.3584
279616,1,혜택·대학생 특화형,3.034265937556233,19.78571428571427,0.0
279646,1,혜택·대학생 특화형,3.998200701669198,53.49999999999998,2.3364
279662,1,혜택·대학생 특화형,4.30406509320417,73.00000000000003,3.0822
274037,0,일반·범용 모집형,1.9798117007309943,6.241379310344826,0.5525
261357,0,일반·범용 모집형,3.638742229219304,37.04395604395603,2.9961
277680,1,혜택·대학생 특화형,5.3142610169451725,202.21428571428567,0.989
272948,0,일반·범용 모집형,2.465978639902482,10.775000000000006,0.9281
278361,0,일반·범용 모집형,3.7176288673999216,40.16666666666664,0.6224
278705,1,혜택·대학생 특화형,3.8332889648856416,45.2142857142857,2.2117
261383,0,일반·범용 모집형,3.523771526406257,32.912087912087934,4.2738
275960,1,혜택·대학생 특화형,3.5861609479189487,35.095238095238095,2.9851
277284,1,혜택·대학생 특화형,3.0275728794096497,19.64705882352941,0.0
277333,1,혜택·대학생 특화형,4.065501190273772,57.29411764705883,2.7721
278700,1,혜택·대학생 특화형,3.724597536716016,40.45454545454547,1.573
279098,0,일반·범용 모집형,3.0602707946915624,20.33333333333334,0.5464
279607,1,혜택·대학생 특화형,4.922064259914979,136.28571428571428,2.8302
278048,0,일반·범용 모집형,4.865884738780911,128.78571428571414,3.6051
279439,1,혜택·대학생 특화형,1.9793580831228528,6.238095238095234,0.7634
277507,1,혜택·대학생 특화형,2.4799926349855714,10.941176470588237,0.0
277574,1,혜택·대학생 특화형,2.5494451709255714,11.799999999999999,1.1299
278100,1,혜택·대학생 특화형,4.5594752267259615,94.5333333333333,1.9041
209900,1,혜택·대학생 특화형,1.785220445460998,4.9608938547486,3.7725
273701,1,혜택·대학생 특화형,1.8862503126489771,5.594594594594593,0.0
262374,1,혜택·대학생 특화형,2.900092369066787,17.17582417582418,1.4715
275188,1,혜택·대학생 특화형,4.116510857679361,60.344827586206904,4.0571
278054,0,일반·범용 모집형,4.4324028419989485,83.13333333333334,2.6464
278617,0,일반·범용 모집형,5.45958551414416,234.0000000000002,4.5482
279415,0,일반·범용 모집형,2.144580843850797,7.5384615384615365,0.0
273692,1,혜택·대학생 특화형,3.634117547160981,36.86842105263153,2.7123
273789,1,혜택·대학생 특화형,2.774539942371043,15.031249999999996,1.6632
275802,1,혜택·대학생 특화형,2.814947996078923,15.692307692307693,3.4314
279511,1,혜택·대학생 특화형,5.841886729125858,343.42857142857156,4.0349
279904,0,일반·범용 모집형,3.066262424359829,20.461538461538467,1.5038
279961,0,일반·범용 모집형,4.0141282283653,54.375000000000036,0.9195
270752,0,일반·범용 모집형,1.6035381903069124,3.9705882352941186,0.7407
278240,1,혜택·대학생 특화형,3.764597627455478,42.14634146341466,1.2731
278394,0,일반·범용 모집형,1.910445439483032,5.756097560975618,0.0
279579,1,혜택·대학생 특화형,3.020424886144362,19.499999999999993,0.0
280544,0,일반·범용 모집형,3.811097086838185,44.19999999999997,1.3575
261930,1,혜택·대학생 특화형,2.5624102109428604,11.967032967032967,1.8365
280561,0,일반·범용 모집형,2.316769727986002,9.142857142857142,0.7812
261925,1,혜택·대학생 특화형,3.1388331171946646,22.076923076923084,0.7466
262005,1,혜택·대학생 특화형,1.3724628819714288,2.9450549450549453,1.1194
277508,1,혜택·대학생 특화형,2.427748235948052,10.333333333333337,1.0753
278325,1,혜택·대학생 특화형,7.659609277160532,2119.928571428569,2.0048
279441,0,일반·범용 모집형,2.751535313041949,14.666666666666666,0.7576
280055,1,혜택·대학생 특화형,5.085831109707815,160.71428571428572,2.1333
280573,1,혜택·대학생 특화형,4.3694478524670215,78.0,4.0293
276256,0,일반·범용 모집형,2.132363943134178,7.434782608695649,0.5848
279155,1,혜택·대학생 특화형,4.4886363697321405,88.00000000000006,3.6364
279515,1,혜택·대학생 특화형,4.00935134938871,54.11111111111119,3.0801
276223,0,일반·범용 모집형,2.135152148693842,7.458333333333334,1.1173
277377,0,일반·범용 모집형,2.967847070064455,18.449999999999996,0.0
277527,1,혜택·대학생 특화형,2.2938514130252914,8.913043478260873,0.9756
279534,1,혜택·대학생 특화형,3.943198622896596,50.583333333333336,2.9654
279871,1,혜택·대학생 특화형,5.1619247416424825,173.5000000000001,2.2334
280279,1,혜택·대학생 특화형,4.334485689904882,75.28571428571429,3.6053
280495,1,혜택·대학생 특화형,4.501659809618427,89.16666666666667,2.9907
280865,1,혜택·대학생 특화형,2.957511060733793,18.249999999999993,1.3699
280926,1,혜택·대학생 특화형,3.435882939650045,30.058823529411757,1.1742
280965,1,혜택·대학생 특화형,5.430806549594116,227.33333333333331,1.9062
278942,1,혜택·대학생 특화형,4.2451930926536,68.76923076923077,3.3557
280216,1,혜택·대학생 특화형,4.408459891742037,81.14285714285715,4.0493
278685,0,일반·범용 모집형,4.163041093508336,63.266666666666694,2.1075
278941,1,혜택·대학생 특화형,3.792892909046563,43.384615384615394,3.7234
279550,1,혜택·대학생 특화형,3.821368637160015,44.66666666666666,3.4826
279867,1,혜택·대학생 특화형,4.414312298171851,81.62500000000001,3.6753
280494,1,혜택·대학생 특화형,4.137829674161839,61.66666666666665,3.2432
276927,1,혜택·대학생 특화형,3.0467874443542757,20.04761904761906,2.1378
277486,0,일반·범용 모집형,4.0884941485439255,58.65000000000002,1.1083
279987,1,혜택·대학생 특화형,4.983606621708336,145.0,2.2414
280277,1,혜택·대학생 특화형,3.8774315606585272,47.30000000000001,2.3256
280572,0,일반·범용 모집형,4.470822133457013,86.42857142857142,3.8017
280873,1,혜택·대학생 특화형,4.941642422609304,138.99999999999994,3.1175
279861,1,혜택·대학생 특화형,4.230476736546681,67.75000000000001,3.69
279779,0,일반·범용 모집형,4.700480365792416,108.99999999999994,2.4771
280576,1,혜택·대학생 특화형,4.330733340286331,75.0,2.4762
280651,0,일반·범용 모집형,3.282277336218697,25.636363636363644,0.7092
277803,1,혜택·대학생 특화형,2.341805806147327,9.4,1.5957
278233,0,일반·범용 모집형,3.343303403243253,27.31250000000001,1.373
278714,1,혜택·대학생 특화형,4.52178857704904,90.99999999999993,1.9048
279529,1,혜택·대학생 특화형,4.840242308167575,125.5,4.0637
280809,1,혜택·대학생 특화형,2.862200880929469,16.50000000000001,1.0101
262512,0,일반·범용 모집형,3.1397850449200466,22.098901098901106,2.735
267703,1,혜택·대학생 특화형,2.348570206235869,9.470588235294116,1.2422
276549,1,혜택·대학생 특화형,3.106080330722856,21.33333333333333,1.9531
276690,1,혜택·대학생 특화형,3.6253660483916095,36.538461538461505,2.0
278321,1,혜택·대학생 특화형,3.646831217870437,37.352941176470594,1.7323
280438,0,일반·범용 모집형,3.3557350075853978,27.66666666666666,1.6064
280604,1,혜택·대학생 특화형,3.707132894423287,39.73684210526318,0.0
280664,0,일반·범용 모집형,4.705015520957808,109.50000000000004,3.0822
276967,0,일반·범용 모집형,3.050714407971344,20.130434782608692,0.6479
280226,0,일반·범용 모집형,2.6576798417132608,13.263157894736846,0.0
280558,0,일반·범용 모집형,2.570064458128307,12.066666666666666,1.105
281039,0,일반·범용 모집형,2.935628349484285,17.83333333333332,1.4019
281295,0,일반·범용 모집형,4.818667360250496,122.8,2.6059
281823,0,일반·범용 모집형,3.3499040872746053,27.500000000000014,0.0
271229,1,혜택·대학생 특화형,2.4398829684140453,10.471698113207548,1.4414
273561,1,혜택·대학생 특화형,3.0733244286271293,20.613636363636367,1.7641
279173,0,일반·범용 모집형,3.8884131397890127,47.83333333333335,2.439
279585,0,일반·범용 모집형,3.8340614639584336,45.24999999999997,3.4991
281312,0,일반·범용 모집형,3.751854253275325,41.60000000000001,1.9231
275001,0,일반·범용 모집형,3.2604974995590204,25.062500000000004,0.3741
275357,0,일반·범용 모집형,3.068052935133617,20.499999999999996,2.1521
278632,1,혜택·대학생 특화형,3.4339872044851463,30.0,0.7843
278806,1,혜택·대학생 특화형,2.801576259113033,15.470588235294109,1.1407
279255,0,일반·범용 모집형,4.475587032754419,86.84615384615384,3.2772
281259,0,일반·범용 모집형,3.819907716520341,44.60000000000003,0.4484
262839,0,일반·범용 모집형,2.006811766395425,6.439560439560438,0.6826
274764,1,혜택·대학생 특화형,4.56097240185719,94.67647058823526,2.5163
276316,1,혜택·대학생 특화형,6.468388619198289,643.444444444443,3.5745
279071,1,혜택·대학생 특화형,3.421816668864891,29.625000000000004,1.2658
279924,0,일반·범용 모집형,2.572248659943148,12.095238095238095,0.3937
280079,1,혜택·대학생 특화형,4.770684624465664,116.99999999999993,3.1339
277890,1,혜택·대학생 특화형,6.714286103443262,823.0952380952391,3.9398
260334,0,일반·범용 모집형,2.276985475792729,8.747252747252743,0.2513
275193,0,일반·범용 모집형,2.1582816033876115,7.6562499999999964,0.4082
276374,1,혜택·대학생 특화형,4.267363726353742,70.33333333333336,3.5808
280013,0,일반·범용 모집형,2.602689685444384,12.500000000000005,0.0
280929,1,혜택·대학생 특화형,4.276666119016055,71.0,0.6036
280945,1,혜택·대학생 특화형,4.8781290168869775,130.38461538461527,3.7168
276599,1,혜택·대학생 특화형,3.959754408249336,51.444444444444436,3.7437
279600,1,혜택·대학생 특화형,5.392387107905113,218.72727272727278,1.8703
279700,1,혜택·대학생 특화형,4.639943152743136,102.5384615384615,2.7007
282259,1,혜택·대학생 특화형,3.663561646129647,38.00000000000003,0.8772
269066,1,혜택·대학생 특화형,2.382627800667582,9.83333333333333,0.6356
277896,0,일반·범용 모집형,2.1145328614911065,7.28571428571429,0.0
277323,0,일반·범용 모집형,3.453947947047684,30.624999999999996,0.0
279031,1,혜택·대학생 특화형,2.693124550885534,13.777777777777775,0.4032
279708,1,혜택·대학생 특화형,4.158883083359672,63.00000000000003,1.3605
281691,1,혜택·대학생 특화형,4.2829594059918445,71.45454545454545,2.799
280312,1,혜택·대학생 특화형,7.511624051969479,1828.1818181818226,2.6256
278340,0,일반·범용 모집형,3.781914320081126,42.90000000000002,2.0979
278767,0,일반·범용 모집형,2.074967261284915,6.964285714285716,0.0
281266,1,혜택·대학생 특화형,3.218875824868201,24.000000000000007,0.0
276431,1,혜택·대학생 특화형,2.837406222316252,16.071428571428573,2.6667
279162,0,일반·범용 모집형,4.872649551122353,129.66666666666669,1.6967
280029,1,혜택·대학생 특화형,3.4746248502169736,31.28571428571432,1.3699
281111,1,혜택·대학생 특화형,3.818710828286494,44.545454545454525,1.8367
281121,1,혜택·대학생 특화형,4.652769164787371,103.87500000000003,2.5271
281967,0,일반·범용 모집형,4.429824242930562,82.91666666666666,1.608
282249,0,일반·범용 모집형,4.574710978503383,96.0,0.7812
282587,0,일반·범용 모집형,2.7488721956224653,14.625000000000002,0.0
280725,1,혜택·대학생 특화형,4.295428395471578,72.36363636363637,1.6332
263451,0,일반·범용 모집형,2.099836538200909,7.164835164835164,3.681
273507,0,일반·범용 모집형,2.5980493058878813,12.437499999999996,1.005
278578,1,혜택·대학생 특화형,4.683981366412381,107.19999999999995,3.8713
277919,0,일반·범용 모집형,3.143368272360056,22.18181818181819,2.6639
278844,0,일반·범용 모집형,4.668614358544626,105.54999999999997,2.558
280821,1,혜택·대학생 특화형,4.693846842296782,108.27272727272727,4.618
264233,0,일반·범용 모집형,1.7429693050586228,4.7142857142857135,0.4662
280954,0,일반·범용 모집형,2.5726122302071057,12.099999999999998,1.2397
281330,0,일반·범용 모집형,2.98801022746008,18.846153846153836,0.4082
282004,1,혜택·대학생 특화형,2.7636200522570205,14.85714285714285,0.0
282237,1,혜택·대학생 특화형,5.630016324416592,277.66666666666663,0.6002
282558,0,일반·범용 모집형,5.659482215759621,286.00000000000006,1.9814
282685,0,일반·범용 모집형,3.3393219779440684,27.200000000000014,0.4902
282941,1,혜택·대학생 특화형,2.7990219793079376,15.428571428571441,0.0
280256,0,일반·범용 모집형,2.9823092532218505,18.733333333333338,2.1352
280593,0,일반·범용 모집형,2.856470206220484,16.400000000000013,2.439
281769,1,혜택·대학생 특화형,5.632235323364153,278.2857142857143,0.924
282589,1,혜택·대학생 특화형,2.8213788864092137,15.800000000000008,1.6878
280189,1,혜택·대학생 특화형,2.2477768564990503,8.466666666666663,0.7874
280969,1,혜택·대학생 특화형,2.852631429913317,16.333333333333325,3.2653
281110,1,혜택·대학생 특화형,2.6246685921631587,12.799999999999995,4.6875
282481,0,일반·범용 모집형,2.764745544778755,14.874999999999995,0.0
278933,0,일반·범용 모집형,3.3551534431607486,27.650000000000002,0.5425
227043,1,혜택·대학생 특화형,3.099242020992641,21.181132075471705,3.7413
278944,0,일반·범용 모집형,1.9390841839849136,5.952380952380953,0.8
281207,1,혜택·대학생 특화형,2.436116485618568,10.428571428571427,0.0
282282,0,일반·범용 모집형,5.076066274016847,159.14285714285728,1.4363
283447,0,일반·범용 모집형,4.051784947803305,56.5,0.0
276793,1,혜택·대학생 특화형,2.8094026953624973,15.599999999999998,1.9231
277612,0,일반·범용 모집형,2.500410836323965,11.187499999999996,1.3966
279724,0,일반·범용 모집형,3.0445224377234226,19.99999999999999,0.5556
281964,1,혜택·대학생 특화형,3.648057459593681,37.39999999999999,1.8717
283525,1,혜택·대학생 특화형,4.71961432037896,111.12499999999996,1.0124
267182,1,혜택·대학생 특화형,5.510754457059022,246.33766233766272,2.7678
276789,1,혜택·대학생 특화형,2.801338135525767,15.466666666666665,0.6466
278501,1,혜택·대학생 특화형,6.270778369889246,527.8888888888889,4.6937
281456,1,혜택·대학생 특화형,3.691376334312523,39.09999999999998,2.046
281665,1,혜택·대학생 특화형,3.371119926424877,28.111111111111097,2.7668
279689,1,혜택·대학생 특화형,5.694971844974047,296.3684210526318,4.8482
275407,0,일반·범용 모집형,2.308627407450008,9.060606060606057,1.3378
281271,1,혜택·대학생 특화형,2.868530015981116,16.611111111111107,2.3411
281828,0,일반·범용 모집형,3.2451931331855746,24.66666666666668,0.9009
282057,1,혜택·대학생 특화형,2.766890701125144,14.909090909090914,0.6098
278704,0,일반·범용 모집형,2.5008052358557986,11.192307692307693,0.3436
281310,0,일반·범용 모집형,3.5288085062548014,33.08333333333333,0.2519
282006,1,혜택·대학생 특화형,4.824037942439513,123.4666666666667,2.3758
275446,0,일반·범용 모집형,2.435737625981531,10.424242424242431,2.0349
278768,0,일반·범용 모집형,2.779509165084354,15.111111111111097,0.9191
278859,0,일반·범용 모집형,3.5316938705915235,33.181818181818166,2.7397
279417,0,일반·범용 모집형,2.9586910018736416,18.272727272727266,2.9851
279975,0,일반·범용 모집형,2.556365613770145,11.888888888888884,0.0
281196,1,혜택·대학생 특화형,4.08176578001524,58.24999999999996,2.1459
281824,0,일반·범용 모집형,2.865370455690748,16.55555555555557,0.6711
282910,0,일반·범용 모집형,3.566711820139729,34.40000000000001,0.5814
280769,0,일반·범용 모집형,2.474435349920705,10.875000000000002,0.0
276311,1,혜택·대학생 특화형,3.500953989423616,32.14705882352944,1.0064
282184,1,혜택·대학생 특화형,3.4303965363544178,29.888888888888893,1.1152
283392,0,일반·범용 모집형,3.481240089335692,31.5,0.7937
277968,1,혜택·대학생 특화형,2.295150114506528,8.925925925925927,0.8299
280244,1,혜택·대학생 특화형,2.569213756247994,12.055555555555552,1.8433
280732,0,일반·범용 모집형,5.79570009697043,327.8823529411767,2.8884
281399,1,혜택·대학생 특화형,4.852631044953007,127.07692307692304,0.7264
281460,1,혜택·대학생 특화형,4.137011008541004,61.61538461538462,1.3733
282083,1,혜택·대학생 특화형,6.180164527959681,482.0714285714283,3.5264
282302,0,일반·범용 모집형,3.9357395320454622,50.20000000000001,0.5976
282993,1,혜택·대학생 특화형,4.590056548178043,97.49999999999999,3.5897
279701,1,혜택·대학생 특화형,5.630853294633443,277.8999999999999,2.9327
280033,1,혜택·대학생 특화형,4.818582329852077,122.78947368421056,1.8431
280671,0,일반·범용 모집형,2.801764211373713,15.473684210526322,0.0
275659,1,혜택·대학생 특화형,6.686436983950646,800.4615384615375,3.9913
279968,1,혜택·대학생 특화형,4.606222263938895,99.10526315789468,3.6644
281175,0,일반·범용 모집형,3.5149838376340536,32.61538461538462,2.3585
282527,0,일반·범용 모집형,2.9292871741458386,17.714285714285722,3.2258
282615,1,혜택·대학생 특화형,4.660740037142902,104.71428571428568,2.8649
282683,0,일반·범용 모집형,4.1059436980654525,59.699999999999996,1.1725
283915,1,혜택·대학생 특화형,4.97212543933438,143.33333333333326,0.6977
276075,0,일반·범용 모집형,3.606905871154263,35.85185185185183,2.4277
280927,0,일반·범용 모집형,3.115533473366612,21.54545454545455,1.2658
283466,0,일반·범용 모집형,2.935628349484286,17.83333333333334,0.9346
277570,1,혜택·대학생 특화형,3.3565366108347354,27.68965517241382,2.6152
278247,1,혜택·대학생 특화형,6.400316769605105,601.0357142857149,2.9651
280234,1,혜택·대학생 특화형,3.9060794515272974,48.703703703703674,1.9772
279293,1,혜택·대학생 특화형,5.524909510081186,249.86363636363657,2.7288
280088,1,혜택·대학생 특화형,2.3636453497552923,9.629629629629632,1.1538
280237,1,혜택·대학생 특화형,4.429934575583622,82.92592592592587,4.0197
280383,1,혜택·대학생 특화형,4.430190036052505,82.94736842105264,5.8376
280668,0,일반·범용 모집형,2.217225244042889,8.181818181818183,1.6667
280928,1,혜택·대학생 특화형,4.696228916935058,108.53333333333335,2.2113
281692,0,일반·범용 모집형,2.777384894503274,15.076923076923077,0.0
269944,0,일반·범용 모집형,2.3622008026684003,9.614285714285716,2.526
266800,0,일반·범용 모집형,1.8801086390593444,5.5542168674698775,1.9523
283628,0,일반·범용 모집형,4.241326752570747,68.50000000000004,0.7299
229160,1,혜택·대학생 특화형,2.75976648294103,14.796153846153835,3.4572
264992,1,혜택·대학생 특화형,3.304347555672238,26.230769230769237,4.1475
281305,0,일반·범용 모집형,2.367123614131617,9.666666666666668,0.6897
282729,1,혜택·대학생 특화형,6.063785208687608,428.9999999999999,2.331
277388,0,일반·범용 모집형,4.223510378965764,67.27272727272724,1.6667
278752,0,일반·범용 모집형,3.8683817251386095,46.864864864864884,3.1719
280385,1,혜택·대학생 특화형,7.204074939829503,1343.8999999999999,1.5254
282269,1,혜택·대학생 특화형,2.463853240590168,10.750000000000002,0.7752
282637,0,일반·범용 모집형,5.441334873382961,229.74999999999986,1.7954
283515,0,일반·범용 모집형,3.026503932220745,19.625000000000007,1.2739
284064,0,일반·범용 모집형,3.8633578334468655,46.62500000000002,1.6086
262943,1,혜택·대학생 특화형,2.776331708518616,15.06000000000001,1.8592
265230,1,혜택·대학생 특화형,3.3993642005804947,28.945054945054952,3.1511
279077,1,혜택·대학생 특화형,3.040852708834461,19.92307692307693,1.7375
280160,0,일반·범용 모집형,3.290773564047783,25.863636363636378,2.2847
281620,0,일반·범용 모집형,5.081404364984463,160.00000000000003,0.625
281798,1,혜택·대학생 특화형,3.830192987180514,45.07142857142858,3.3281
281980,1,혜택·대학생 특화형,4.410197511640578,81.28571428571429,1.5817
282111,1,혜택·대학생 특화형,3.8622323409251305,46.57142857142857,2.7607
282634,0,일반·범용 모집형,3.788724789083653,43.20000000000002,4.3981
283698,1,혜택·대학생 특화형,4.813345121608379,122.14285714285708,3.6257
284055,1,혜택·대학생 특화형,5.605802066295997,270.9999999999999,2.706
284083,0,일반·범용 모집형,3.793882763123921,43.42857142857143,2.6316
284474,0,일반·범용 모집형,5.65482562992967,284.66666666666663,2.6932
278673,1,혜택·대학생 특화형,3.3063632789913164,26.28571428571428,1.087
281983,1,혜택·대학생 특화형,3.5512580762378887,33.85714285714286,4.6414
282109,1,혜택·대학생 특화형,4.244089948581443,68.69230769230775,3.2475
282512,1,혜택·대학생 특화형,3.5908990457537326,35.26666666666667,3.5917
282822,1,혜택·대학생 특화형,4.28588277412098,71.6666666666667,1.7054
283780,1,혜택·대학생 특화형,4.863680881139593,128.50000000000006,2.2049
283948,0,일반·범용 모집형,4.044804116661965,56.1,1.9608
283975,0,일반·범용 모집형,4.941642422609304,138.99999999999994,2.3981
265301,1,혜택·대학생 특화형,2.644536795379884,13.076923076923077,1.0924
281937,0,일반·범용 모집형,3.837915033274424,45.428571428571416,2.9874
282090,1,혜택·대학생 특화형,3.822410846738459,44.714285714285715,5.5911
282492,1,혜택·대학생 특화형,4.012772908528289,54.3,3.6832
282625,1,혜택·대학생 특화형,3.6686767467964168,38.199999999999996,3.1414
282640,0,일반·범용 모집형,5.04148775757902,153.69999999999993,4.0338
282791,1,혜택·대학생 특화형,4.258445572902527,69.70000000000002,2.8694
282811,1,혜택·대학생 특화형,3.889550149576088,47.88888888888891,2.7842
283239,1,혜택·대학생 특화형,3.332204510175204,26.999999999999996,2.4691
283719,1,혜택·대학생 특화형,4.9003242732785735,133.33333333333334,4.875
283973,1,혜택·대학생 특화형,4.936869143856646,138.3333333333333,4.3373
284088,1,혜택·대학생 특화형,5.070998443823346,158.33333333333334,4.6316
284469,0,일반·범용 모집형,3.547151294285237,33.71428571428578,1.2712
273035,1,혜택·대학생 특화형,3.785364492091386,43.051724137931046,5.2062
278591,1,혜택·대학생 특화형,4.069910536884818,57.551724137930975,3.7148
273437,1,혜택·대학생 특화형,4.100932012651068,59.396551724137964,3.5704
265341,1,혜택·대학생 특화형,2.8994875913041747,17.164835164835175,2.6248
265584,0,일반·범용 모집형,2.0170984111057004,6.516483516483516,0.8432
282070,1,혜택·대학생 특화형,4.973510161457327,143.53333333333333,1.8579
282494,0,일반·범용 모집형,2.983897815906988,18.76470588235294,0.3135
282195,1,혜택·대학생 특화형,3.607049435866304,35.85714285714285,1.3944
283768,1,혜택·대학생 특화형,5.296315363877364,198.60000000000002,2.9708
284076,0,일반·범용 모집형,5.143124477142335,170.25000000000003,2.4963
284191,1,혜택·대학생 특화형,4.6491870714048655,103.49999999999999,3.8647
284898,0,일반·범용 모집형,3.8918202981106265,47.99999999999999,0.0
270748,0,일반·범용 모집형,2.589893961485533,12.328358208955224,2.0581
275892,1,혜택·대학생 특화형,2.076720451565476,6.978260869565223,0.0
280563,0,일반·범용 모집형,3.660211559244365,37.869565217391326,2.411
280810,1,혜택·대학생 특화형,2.008214032391468,6.449999999999998,0.7752
282982,1,혜택·대학생 특화형,2.986429880891677,18.81481481481481,0.3937
284122,0,일반·범용 모집형,4.561740628060756,94.75000000000004,1.0554
284750,1,혜택·대학생 특화형,3.499868909169185,32.11111111111111,2.4221
273583,0,일반·범용 모집형,3.434515885438512,30.01639344262294,0.71
277626,0,일반·범용 모집형,4.867534450455583,129.00000000000009,2.4888
279606,0,일반·범용 모집형,2.4061257719348856,10.090909090909086,0.9009
280788,0,일반·범용 모집형,1.906169820405799,5.727272727272727,2.381
281329,0,일반·범용 모집형,2.896525623470543,17.111111111111114,0.6494
281403,1,혜택·대학생 특화형,6.011549939852108,407.1153846153844,2.8248
281543,0,일반·범용 모집형,3.125563647726549,21.772727272727273,0.4175
282756,1,혜택·대학생 특화형,2.679879324135514,13.58333333333334,0.0
282952,1,혜택·대학생 특화형,4.185513949360394,64.72727272727272,2.6685
283450,1,혜택·대학생 특화형,3.2040293167512064,23.631578947368425,0.2227
284496,1,혜택·대학생 특화형,1.6451559950361798,4.1818181818181825,0.0
284720,0,일반·범용 모집형,5.099866427824199,163.00000000000006,1.3804
284899,1,혜택·대학생 특화형,4.02535169073515,55.00000000000002,0.6061
243979,0,일반·범용 모집형,1.834684513945089,5.263157894736842,2.0
277864,0,일반·범용 모집형,2.937838295135089,17.87500000000001,2.0979
278898,0,일반·범용 모집형,3.7898553714539385,43.25,3.0829
279557,1,혜택·대학생 특화형,1.685183886592061,4.393442622950822,1.6791
281174,1,혜택·대학생 특화형,4.308559482792009,73.33333333333331,3.1061
281614,1,혜택·대학생 특화형,3.7249844587560528,40.47058823529412,4.0698
282519,0,일반·범용 모집형,4.387221451550986,79.41666666666671,3.3578
282783,1,혜택·대학생 특화형,4.590056548178043,97.49999999999999,1.9658
283554,0,일반·범용 모집형,3.544575964507503,33.62500000000001,2.6022
283920,1,혜택·대학생 특화형,3.555348061489413,33.99999999999998,0.0
284109,1,혜택·대학생 특화형,4.387014176184921,79.39999999999999,1.2594
284437,0,일반·범용 모집형,2.4491885671859213,10.578947368421055,0.995
270621,0,일반·범용 모집형,3.1567007058773764,22.49295774647887,0.6888
279727,0,일반·범용 모집형,2.468099531471619,10.8,0.0
280649,1,혜택·대학생 특화형,3.42810483458208,29.81818181818183,1.5244
281528,0,일반·범용 모집형,3.4803347022208797,31.47058823529413,0.1869
281807,1,혜택·대학생 특화형,4.786970773767918,118.93749999999996,1.1035
283833,1,혜택·대학생 특화형,4.748187692823016,114.37499999999993,1.5301
284895,0,일반·범용 모집형,3.4231762883809305,29.66666666666666,1.1236
276483,0,일반·범용 모집형,3.0796137575346934,20.750000000000007,2.7711
282734,1,혜택·대학생 특화형,2.4423470353692043,10.499999999999998,0.5291
256041,1,혜택·대학생 특화형,2.0573004158026227,6.824817518248177,2.3529
225173,0,일반·범용 모집형,2.467600902690408,10.794117647058828,4.3597
245254,0,일반·범용 모집형,1.0522089795747511,1.8639705882352948,0.9862
251165,0,일반·범용 모집형,1.7815832561676026,4.9392523364485985,2.176
266824,1,혜택·대학생 특화형,1.2886558915559756,2.6279069767441894,0.885
269031,0,일반·범용 모집형,2.006534770871748,6.437499999999999,2.3301
269457,0,일반·범용 모집형,1.8587300953342387,5.415584415584416,1.199
281827,0,일반·범용 모집형,4.243721963296702,68.6666666666667,1.2945
282019,1,혜택·대학생 특화형,5.942937506213322,380.0526315789474,3.7114
282071,1,혜택·대학생 특화형,6.000353494525228,402.5714285714287,1.6856
282784,1,혜택·대학생 특화형,3.553305159859613,33.928571428571416,0.4211
282900,1,혜택·대학생 특화형,4.6483423578533,103.41176470588238,1.479
283367,0,일반·범용 모집형,4.378448813325996,78.71428571428555,2.3593
283765,0,일반·범용 모집형,3.198673117550682,23.500000000000018,0.8511
283906,1,혜택·대학생 특화형,3.585501099660101,35.07142857142856,1.0183
284071,0,일반·범용 모집형,5.205575314849422,181.28571428571425,1.8125
284082,0,일반·범용 모집형,1.817077277212345,5.153846153846154,0.0
284328,1,혜택·대학생 특화형,4.686750172980514,107.50000000000001,2.0155
284897,0,일반·범용 모집형,5.346154695962197,208.79999999999995,0.1916
284983,1,혜택·대학생 특화형,5.163642463221436,173.8000000000001,2.0713
232400,1,혜택·대학생 특화형,5.073386504659731,158.7142857142857,3.1053
263270,0,일반·범용 모집형,1.2068258733083426,2.3428571428571434,0.4065
264820,0,일반·범용 모집형,1.5983880762475156,3.945054945054946,0.8357
265769,0,일반·범용 모집형,1.2942754623996386,2.6483516483516487,0.8299
270780,0,일반·범용 모집형,1.915469123554078,5.790123456790124,1.2793
273076,0,일반·범용 모집형,3.0014535805376004,19.11475409836066,1.9726
279220,1,혜택·대학생 특화형,4.093153376851948,58.92857142857145,2.9697
279774,0,일반·범용 모집형,3.446069135839331,30.376811594202902,3.4828
279877,1,혜택·대학생 특화형,3.181025600737104,23.071428571428594,1.548
282073,1,혜택·대학생 특화형,4.061400406502746,57.055555555555515,1.5579
282192,1,혜택·대학생 특화형,3.558351066749184,34.10526315789476,2.0062
282291,0,일반·범용 모집형,2.685577345250151,13.66666666666666,1.4634
284078,1,혜택·대학생 특화형,3.573666642013098,34.6470588235294,1.528
285268,0,일반·범용 모집형,4.890349128221754,132.0,1.1905
285432,1,혜택·대학생 특화형,3.5695326964813705,34.500000000000014,0.0
280666,1,혜택·대학생 특화형,7.491432984560799,1791.619047619046,2.8944
270755,1,혜택·대학생 특화형,1.831499797877569,5.243243243243242,1.8041
275550,0,일반·범용 모집형,3.601668256961787,35.65934065934065,0.4931
279074,1,혜택·대학생 특화형,6.0057782817474425,404.76666666666733,3.4835
279753,1,혜택·대학생 특화형,3.8811818999055703,47.48148148148145,1.3261
280967,1,혜택·대학생 특화형,4.307277431334354,73.23809523809527,2.6658
281566,1,혜택·대학생 특화형,4.078102256120679,58.03333333333337,2.9294
281649,1,혜택·대학생 특화형,3.577653819003712,34.789473684210535,4.0847
282782,1,혜택·대학생 특화형,2.8783955668494494,16.785714285714292,0.0
283046,1,혜택·대학생 특화형,4.659804048306434,104.61538461538456,1.9118
283068,1,혜택·대학생 특화형,4.886292327526139,131.46153846153837,0.9362
283755,0,일반·범용 모집형,1.94747877682794,6.010989010989012,1.2797
283905,1,혜택·대학생 특화형,3.575550768806933,34.71428571428571,1.4403
235549,1,혜택·대학생 특화형,2.4778194479049453,10.915254237288135,2.9891
279310,1,혜택·대학생 특화형,5.245934549626705,188.7931034482758,2.1553
283923,0,일반·범용 모집형,3.67053031544574,38.27272727272728,0.2375
284121,0,일반·범용 모집형,3.6243409329763656,36.50000000000002,1.3699
284308,0,일반·범용 모집형,3.4921691598678826,31.857142857142875,1.3453
285269,0,일반·범용 모집형,5.891644211825772,361.00000000000045,1.0388
266218,1,혜택·대학생 특화형,2.757363514642716,14.75824175824176,2.3083
278305,1,혜택·대학생 특화형,3.676609361522122,38.51219512195122,1.33
283304,1,혜택·대학생 특화형,5.778366523943409,322.23076923076917,4.4402
283362,1,혜택·대학생 특화형,5.627221353541398,276.8888888888885,2.7488
283561,0,일반·범용 모집형,2.867898902044105,16.59999999999998,2.008
284985,0,일반·범용 모집형,2.2192034840549946,8.2,0.0
279508,1,혜택·대학생 특화형,4.297285406218792,72.5000000000001,2.6108
283754,0,일반·범용 모집형,2.7684133508293005,14.933333333333332,2.6786
283916,0,일반·범용 모집형,3.240459396535376,24.545454545454568,1.8519
283993,0,일반·범용 모집형,2.6100697927420065,12.600000000000001,2.1164
284743,0,일반·범용 모집형,3.80666248977032,44.000000000000014,0.6494
266454,1,혜택·대학생 특화형,2.457049695285034,10.67032967032967,1.0299
284283,1,혜택·대학생 특화형,2.786382044372117,15.222222222222218,0.7299
284389,1,혜택·대학생 특화형,4.337290740832491,75.50000000000004,0.4967
285023,1,혜택·대학생 특화형,4.892495051792031,132.2857142857144,2.4838
285192,1,혜택·대학생 특화형,3.878121453752465,47.33333333333335,1.0563
285204,1,혜택·대학생 특화형,5.815919974593051,334.5999999999999,2.6898
285578,0,일반·범용 모집형,4.642465970731789,102.80000000000005,1.5564
238429,1,혜택·대학생 특화형,1.4513932633312463,3.2690582959641246,2.1948
230552,1,혜택·대학생 특화형,1.753355791303802,4.773946360153257,2.8892
227803,1,혜택·대학생 특화형,1.5160823428730974,3.554347826086956,1.5291
283236,1,혜택·대학생 특화형,5.122847284703183,166.81249999999986,2.2106
283839,0,일반·범용 모집형,3.86835605877566,46.863636363636374,2.4248
283999,1,혜택·대학생 특화형,5.211669559822365,182.4000000000001,4.8246
284397,1,혜택·대학생 특화형,6.5542499098046845,701.2222222222227,2.3926
283191,1,혜택·대학생 특화형,2.308815642744681,9.062499999999993,0.0
284454,0,일반·범용 모집형,3.713572066704308,40.00000000000001,0.5882
285434,1,혜택·대학생 특화형,3.747148362237912,41.39999999999999,0.9662
281911,0,일반·범용 모집형,3.551053137206533,33.849999999999994,2.3634
283471,1,혜택·대학생 특화형,4.034240638152395,55.50000000000001,2.4453
284384,0,일반·범용 모집형,4.356708826689592,77.0,1.443
284565,0,일반·범용 모집형,2.4336133554004493,10.399999999999995,2.5641
285387,1,혜택·대학생 특화형,2.295896104843249,8.933333333333334,0.7463
283316,0,일반·범용 모집형,2.833213344056216,16.0,0.7812
283326,0,일반·범용 모집형,2.998852400890234,19.062499999999993,0.6557
284980,0,일반·범용 모집형,4.54595082632812,93.25,2.5469
285279,0,일반·범용 모집형,4.562030693327474,94.77777777777777,2.8136
285909,0,일반·범용 모집형,4.55650501400681,94.25,2.9178
247686,1,혜택·대학생 특화형,1.658751225974606,4.252747252747253,0.5168
284057,1,혜택·대학생 특화형,5.916561387081297,370.1333333333332,4.8271
285721,1,혜택·대학생 특화형,7.679944666882035,2163.499999999999,2.3111
286079,0,일반·범용 모집형,2.897292200740739,17.125000000000007,0.0
284113,0,일반·범용 모집형,4.479228962630245,87.1666666666667,2.1989
284702,0,일반·범용 모집형,4.245634009768327,68.80000000000004,0.5814
285539,1,혜택·대학생 특화형,3.4843122883726627,31.600000000000023,1.8987
285542,0,일반·범용 모집형,4.198704577546343,65.6,1.2195
285804,0,일반·범용 모집형,4.074141854904581,57.79999999999998,1.0381
284534,1,혜택·대학생 특화형,5.213452444605251,182.72727272727275,1.7413
281826,1,혜택·대학생 특화형,2.548085551409532,11.782608695652177,0.0
283913,0,일반·범용 모집형,2.087740344494531,7.066666666666665,0.0
283996,1,혜택·대학생 특화형,2.6817822742816,13.611111111111116,1.2245
284963,1,혜택·대학생 특화형,4.533674184283021,92.1,0.4343
285020,0,일반·범용 모집형,3.9858928539946015,52.83333333333333,2.0505
286067,1,혜택·대학생 특화형,4.018183201256538,54.60000000000008,0.0
262527,1,혜택·대학생 특화형,2.138125043507926,7.483516483516484,0.7342
254151,0,일반·범용 모집형,2.040023440625792,6.690789473684211,2.5565
267726,1,혜택·대학생 특화형,3.608539083095443,35.91208791208792,1.4994
282531,1,혜택·대학생 특화형,3.998637478264917,53.523809523809526,2.4021
283238,1,혜택·대학생 특화형,2.951929650895598,18.142857142857142,1.3123
284250,0,일반·범용 모집형,4.647134385087123,103.28571428571428,0.7607
284752,0,일반·범용 모집형,3.147840051751449,22.28571428571428,2.2436
285919,0,일반·범용 모집형,5.559582125682112,258.7142857142859,3.6444
286282,1,혜택·대학생 특화형,3.479039868426089,31.428571428571416,0.4545
287013,1,혜택·대학생 특화형,4.787491742782047,119.00000000000009,0.4202
267494,0,일반·범용 모집형,2.138125043507926,7.483516483516484,0.1468
279596,0,일반·범용 모집형,3.842609877578632,45.64705882352941,3.2861
285339,0,일반·범용 모집형,1.9169226121820613,5.800000000000002,0.0
285581,1,혜택·대학생 특화형,2.872672180796764,16.68421052631579,0.9464
286001,0,일반·범용 모집형,4.288173725867535,71.83333333333336,4.8724
286545,0,일반·범용 모집형,3.4404180948154366,30.199999999999996,2.649
282146,1,혜택·대학생 특화형,6.848005274576362,940.9999999999992,2.8693
264409,1,혜택·대학생 특화형,1.4187296368730444,3.1318681318681314,1.7544
282940,1,혜택·대학생 특화형,1.8164520818184264,5.1499999999999995,0.0
285332,0,일반·범용 모집형,1.987874348154346,6.300000000000003,0.0
286698,1,혜택·대학생 특화형,3.7281001672672174,40.599999999999994,0.9852
262613,1,혜택·대학생 특화형,3.779552996239546,42.79646017699118,3.7634
284159,1,혜택·대학생 특화형,4.351567427189173,76.60000000000001,3.0461
284676,1,혜택·대학생 특화형,4.617592705986649,100.25000000000003,4.6135
285583,0,일반·범용 모집형,3.972005710029857,52.090909090909115,0.349
286208,0,일반·범용 모집형,4.700480365792417,109.00000000000004,0.6553
286440,1,혜택·대학생 특화형,5.064702515366532,157.33333333333343,1.8008
284624,1,혜택·대학생 특화형,7.323830566202317,1515.0000000000002,1.4761
285356,1,혜택·대학생 특화형,4.08368185647806,58.36363636363635,0.9346
286060,0,일반·범용 모집형,3.761200115693563,42.000000000000014,1.3605
286090,1,혜택·대학생 특화형,4.276666119016055,71.0,2.993
286251,1,혜택·대학생 특화형,3.995695481152261,53.36363636363636,1.5332
267990,0,일반·범용 모집형,1.6461194790687057,4.186813186813189,0.5249
284901,1,혜택·대학생 특화형,3.037169463418164,19.84615384615384,0.0
285913,0,일반·범용 모집형,4.156928048523868,62.87499999999998,2.7833
285939,0,일반·범용 모집형,3.544575964507503,33.62500000000001,2.6022
285984,0,일반·범용 모집형,3.8622323409251305,46.57142857142857,2.454
286002,1,혜택·대학생 특화형,3.814710822953149,44.3636363636364,1.2295
285255,1,혜택·대학생 특화형,3.5158007644011597,32.64285714285716,0.0
285429,0,일반·범용 모집형,2.880219386432147,16.818181818181824,0.0
286206,0,일반·범용 모집형,3.9401938823948415,50.42857142857138,2.5496
286287,1,혜택·대학생 특화형,4.649870364905998,103.57142857142853,2.8966
286509,0,일반·범용 모집형,2.6984807500860595,13.85714285714286,4.6392
286543,0,일반·범용 모집형,3.4878118544989265,31.714285714285722,1.8018
286689,1,혜택·대학생 특화형,2.2662174488231708,8.642857142857142,0.0
285481,0,일반·범용 모집형,3.305053521109253,26.25,0.0
286233,0,일반·범용 모집형,4.311757438827326,73.57142857142858,3.4951
286542,0,일반·범용 모집형,3.575550768806933,34.71428571428571,2.0576
286548,0,일반·범용 모집형,4.172187048986034,63.85714285714282,1.7897
285240,1,혜택·대학생 특화형,6.126578020915155,456.8666666666663,2.4369
285297,1,혜택·대학생 특화형,2.2512917986064958,8.500000000000005,0.0
285492,0,일반·범용 모집형,2.639057329615259,13.000000000000004,0.0
256816,0,일반·범용 모집형,1.3984578473130878,3.0489510489510483,2.0642
269967,0,일반·범용 모집형,2.820855463209616,15.791208791208792,0.6263
282482,1,혜택·대학생 특화형,2.6855773452501515,13.666666666666666,0.3049
284436,0,일반·범용 모집형,2.6426223957797546,13.049999999999997,1.1494
284837,1,혜택·대학생 특화형,4.822177300769936,123.23529411764706,1.7184
285431,1,혜택·대학생 특화형,3.102342008612249,21.249999999999993,0.3922
286149,1,혜택·대학생 특화형,3.5869851464325966,35.125000000000014,0.7117
287009,0,일반·범용 모집형,4.248495242049359,69.00000000000003,1.1594
268564,1,혜택·대학생 특화형,2.153549513833558,7.615384615384615,1.2987
278157,1,혜택·대학생 특화형,2.342457484241423,9.406779661016948,1.982
284820,0,일반·범용 모집형,5.367843429196648,213.40000000000018,2.0619
285206,1,혜택·대학생 특화형,3.9601780473151935,51.46666666666668,1.943
285959,1,혜택·대학생 특화형,3.216205596312322,23.93333333333334,0.5571
286565,1,혜택·대학생 특화형,4.298256751608423,72.57142857142857,0.5906
287014,1,혜택·대학생 특화형,3.250374491927572,24.800000000000004,0.8065
286064,0,일반·범용 모집형,3.020424886144363,19.50000000000001,0.0
286225,0,일반·범용 모집형,4.30406509320417,73.00000000000003,2.0548
286811,0,일반·범용 모집형,4.483809328983824,87.57142857142858,1.6313
287008,1,혜택·대학생 특화형,3.673765816303888,38.39999999999999,0.0
285169,1,혜택·대학생 특화형,4.435567401601912,83.40000000000009,2.9576
286947,0,일반·범용 모집형,5.352534952452833,210.14285714285705,1.3596
287068,1,혜택·대학생 특화형,2.4039375872543327,10.066666666666661,1.3245
268746,0,일반·범용 모집형,2.076690508307946,6.978021978021978,2.0472
269500,1,혜택·대학생 특화형,1.5827102635282857,3.8681318681318686,0.2841
283097,0,일반·범용 모집형,1.9070703157390496,5.733333333333335,2.3256
284862,1,혜택·대학생 특화형,3.6997575722611193,39.4375,2.5357
285864,1,혜택·대학생 특화형,4.69716910448876,108.63636363636357,4.2678
285908,0,일반·범용 모집형,3.32862668882732,26.9,1.487
286555,0,일반·범용 모집형,4.640778613455459,102.62499999999999,3.4105
281539,0,일반·범용 모집형,2.075266170269355,6.966666666666665,1.4354
283540,0,일반·범용 모집형,3.106546639894281,21.343749999999996,2.7818
284498,0,일반·범용 모집형,2.4600914806682765,10.70588235294118,1.0989
285000,0,일반·범용 모집형,3.910688782415009,48.93333333333332,1.0899
285156,1,혜택·대학생 특화형,3.585369077744272,35.066666666666684,0.7605
287006,1,혜택·대학생 특화형,4.132496328186477,61.33333333333333,0.8152
276078,1,혜택·대학생 특화형,3.085132769633088,20.870370370370374,1.331
281996,1,혜택·대학생 특화형,3.788441943656792,43.18750000000002,2.2431
285430,0,일반·범용 모집형,2.46080909820894,10.714285714285715,0.6667
285546,0,일반·범용 모집형,4.098502572370764,59.24999999999998,3.6568
285664,1,혜택·대학생 특화형,5.475067878292537,237.66666666666683,1.9635
286428,1,혜택·대학생 특화형,3.173878458937465,22.900000000000002,0.4367
287007,1,혜택·대학생 특화형,3.547151294285237,33.71428571428578,0.0
288067,0,일반·범용 모집형,4.983606621708336,145.0,0.9195
281284,1,혜택·대학생 특화형,5.585139694525429,265.4375,3.1669
281199,1,혜택·대학생 특화형,2.6345830492203373,12.937499999999996,1.4493
283172,0,일반·범용 모집형,2.12525107771113,7.374999999999998,1.1299
283570,1,혜택·대학생 특화형,4.370547962588973,78.08695652173918,2.8396
284429,0,일반·범용 모집형,4.416936449810908,81.8421052631579,2.6367
285376,0,일반·범용 모집형,3.2425923514855164,24.59999999999999,2.71
286838,0,일반·범용 모집형,3.1952659592290678,23.416666666666686,0.3559
287108,1,혜택·대학생 특화형,4.268297869345538,70.39999999999996,0.2841
287183,0,일반·범용 모집형,3.387774361330014,28.599999999999984,0.6993
287186,0,일반·범용 모집형,2.7894905330423847,15.272727272727277,2.381
287973,0,일반·범용 모집형,3.5361166995615263,33.33333333333334,0.0
282597,1,혜택·대학생 특화형,3.497672383962773,32.03846153846152,2.2809
281334,1,혜택·대학생 특화형,3.0563568953704263,20.25000000000001,0.6173
284133,1,혜택·대학생 특화형,3.740172748501487,41.10526315789474,1.5365
285797,1,혜택·대학생 특화형,4.236519051002643,68.16666666666667,4.6455
285799,0,일반·범용 모집형,2.3826278006675823,9.833333333333336,0.8475
285834,0,일반·범용 모집형,3.1952659592290678,23.416666666666686,1.4235
287117,0,일반·범용 모집형,3.135494215929149,21.99999999999998,0.9091
287974,0,일반·범용 모집형,3.5648268054439574,34.33333333333333,1.9417
287489,1,혜택·대학생 특화형,4.961678449369725,141.83333333333331,1.8801
284119,0,일반·범용 모집형,3.8409872323113934,45.57142857142853,2.9258
285534,0,일반·범용 모집형,2.894332159112261,17.071428571428562,0.8368
285902,0,일반·범용 모집형,4.555495014930951,94.15384615384616,2.6144
286399,0,일반·범용 모집형,3.504054767101864,32.25000000000002,1.5504
287454,0,일반·범용 모집형,4.892495051792031,132.2857142857144,3.3477
287472,0,일반·범용 모집형,4.017383521085972,54.55555555555555,2.6477
288002,1,혜택·대학생 특화형,5.003946305945459,148.0,2.027
288003,1,혜택·대학생 특화형,4.772801027372043,117.25000000000004,3.6247
288234,1,혜택·대학생 특화형,5.081404364984463,160.00000000000003,1.875
288274,1,혜택·대학생 특화형,5.266138468183802,192.6666666666667,3.8062
285344,1,혜택·대학생 특화형,4.639855743975981,102.52941176470586,3.4997
286232,0,일반·범용 모집형,2.8817880142047727,16.846153846153836,1.3699
286312,1,혜택·대학생 특화형,4.836281906951478,125.0,3.3455
286430,1,혜택·대학생 특화형,4.367335919263878,77.83333333333334,2.1413
286438,1,혜택·대학생 특화형,2.890371757896165,17.000000000000004,0.0
286547,0,일반·범용 모집형,2.79506157809184,15.36363636363637,1.7751
287216,0,일반·범용 모집형,4.067805006987488,57.428571428571395,3.7313
288101,1,혜택·대학생 특화형,4.879006851617819,130.5,4.7893
288239,1,혜택·대학생 특화형,5.159055299214529,173.0,1.5414
288271,1,혜택·대학생 특화형,4.23410650459726,68.00000000000001,2.451
288316,0,일반·범용 모집형,4.987025428457121,145.49999999999991,0.1718
269299,0,일반·범용 모집형,1.8294997972109024,5.230769230769233,1.8908
269933,1,혜택·대학생 특화형,2.5691669934057404,12.054945054945058,4.9225
281267,1,혜택·대학생 특화형,2.5750199360251327,12.131578947368418,0.8677
283095,1,혜택·대학생 특화형,1.8672670217362004,5.4705882352941195,0.5376
284580,0,일반·범용 모집형,2.316769727986002,9.142857142857142,2.0833
284787,0,일반·범용 모집형,4.591391483631927,97.63157894736844,3.8275
285610,1,혜택·대학생 특화형,2.999297339718487,19.07142857142857,0.7491
285722,0,일반·범용 모집형,2.173127025757159,7.785714285714288,1.8349
286559,0,일반·범용 모집형,3.509054777518569,32.41666666666667,3.599
286919,0,일반·범용 모집형,3.808882246508632,44.099999999999966,1.8141
287971,1,혜택·대학생 특화형,4.366912996863833,77.8,0.5141
288061,0,일반·범용 모집형,4.177459468932607,64.2,0.9346
288128,0,일반·범용 모집형,3.555348061489414,34.00000000000001,0.2451
285245,0,일반·범용 모집형,4.590056548178044,97.50000000000007,3.5897
285253,0,일반·범용 모집형,3.1849742731925192,23.166666666666664,0.9592
286245,0,일반·범용 모집형,3.318218268200464,26.611111111111107,1.0438
287172,0,일반·범용 모집형,4.494610995421028,88.53333333333337,4.2169
287174,0,일반·범용 모집형,3.5800406740797848,34.874999999999986,2.1505
288318,0,일반·범용 모집형,3.503371006391463,32.227272727272734,0.4231
288325,1,혜택·대학생 특화형,6.125230287270974,456.24999999999966,3.5616
287479,1,혜택·대학생 특화형,3.332204510175204,26.999999999999996,1.2346
279301,1,혜택·대학생 특화형,3.459904982488933,30.81395348837209,2.1132
283772,0,일반·범용 모집형,4.274680021044426,70.85714285714285,3.0746
285139,1,혜택·대학생 특화형,2.665032816018519,13.368421052631575,0.7874
287453,0,일반·범용 모집형,4.392904752821065,79.87500000000001,4.5383
287484,0,일반·범용 모집형,4.2014891996734285,65.78571428571429,1.6287
288419,0,일반·범용 모집형,4.382026634673881,78.99999999999997,0.0
284589,1,혜택·대학생 특화형,2.578238589580219,12.173913043478256,1.4286
252623,1,혜택·대학생 특화형,2.534735578865039,11.613095238095223,3.1779
272475,1,혜택·대학생 특화형,2.241410869624892,8.406593406593409,0.915
281959,0,일반·범용 모집형,2.5501889418784165,11.809523809523814,0.2016
284631,0,일반·범용 모집형,3.6005685317822205,35.6190476190476,2.5401
284683,0,일반·범용 모집형,1.8264450272159447,5.211764705882351,1.8059
285988,0,일반·범용 모집형,3.383259680975488,28.466666666666658,1.4052
284648,1,혜택·대학생 특화형,4.211774801967257,66.47619047619045,1.2178
284777,0,일반·범용 모집형,3.886705197443856,47.74999999999999,3.2461
286544,0,일반·범용 모집형,3.061386243775428,20.35714285714286,5.9649
286969,1,혜택·대학생 특화형,3.809832064531599,44.142857142857146,1.7799
287058,0,일반·범용 모집형,4.259545078235944,69.77777777777779,2.8662
288069,0,일반·범용 모집형,3.5512580762378887,33.85714285714286,2.1097
287458,0,일반·범용 모집형,4.013375499688433,54.33333333333329,0.6135
286197,1,혜택·대학생 특화형,6.520031852350131,677.600000000001,4.3093
235555,1,혜택·대학생 특화형,2.017071210953377,6.516279069767435,3.212
284341,1,혜택·대학생 특화형,5.296440606535176,198.62499999999997,2.4544
284623,1,혜택·대학생 특화형,7.725590890907887,2264.5909090909067,1.9791
286554,0,일반·범용 모집형,3.8622323409251305,46.57142857142857,3.681
287363,0,일반·범용 모집형,4.3652195163575005,77.66666666666667,0.1431
287387,1,혜택·대학생 특화형,4.940053859924166,138.77777777777777,2.482
288131,0,일반·범용 모집형,3.755369195382769,41.74999999999999,0.8982
289055,1,혜택·대학생 특화형,5.912150740388256,368.49999999999983,0.9498
270210,1,혜택·대학생 특화형,1.66708460753375,4.296703296703296,0.7673
270261,0,일반·범용 모집형,1.637608789400797,4.142857142857144,3.183
270264,0,일반·범용 모집형,1.465491402781084,3.3296703296703303,1.9802
285260,0,일반·범용 모집형,1.7566681494167846,4.79310344827586,1.4388
286115,1,혜택·대학생 특화형,4.310799125385514,73.5,4.195
286537,0,일반·범용 모집형,2.9153107062434174,17.454545454545464,2.3438
287347,0,일반·범용 모집형,4.04305126783455,56.00000000000001,0.7937
287349,0,일반·범용 모집형,4.1828979595635465,64.5555555555556,1.0327
287760,0,일반·범용 모집형,3.1623054733798064,22.625,0.5525
287969,1,혜택·대학생 특화형,5.020585624949423,150.49999999999994,1.0797
288164,1,혜택·대학생 특화형,3.493472657771326,31.89999999999999,0.627
270266,0,일반·범용 모집형,1.4053425560905848,3.0769230769230758,3.2143
270267,0,일반·범용 모집형,1.5435798397525204,3.6813186813186816,1.194
284711,1,혜택·대학생 특화형,4.227497095209586,67.54545454545455,4.576
286116,1,혜택·대학생 특화형,2.498699971920336,11.166666666666664,0.0
287622,0,일반·범용 모집형,2.786382044372117,15.222222222222218,0.0
287948,1,혜택·대학생 특화형,4.255612709818223,69.5,2.6978
288681,0,일반·범용 모집형,4.5145158177199605,90.33333333333333,2.3985
288596,0,일반·범용 모집형,4.709530201312334,109.99999999999997,1.3636
285740,1,혜택·대학생 특화형,4.062356886728703,57.11111111111109,2.2374
285963,1,혜택·대학생 특화형,2.9628444067091557,18.352941176470587,0.641
288329,0,일반·범용 모집형,4.717506315382344,110.88888888888906,2.3046
288550,0,일반·범용 모집형,2.8462005395830268,16.222222222222214,0.0
288708,0,일반·범용 모집형,3.730843653212968,40.71428571428569,1.4035
288842,0,일반·범용 모집형,5.393627546352362,219.00000000000009,1.9787
288018,1,혜택·대학생 특화형,7.204149292035941,1344.0000000000025,4.5666
288554,1,혜택·대학생 특화형,4.553876891600541,94.0,2.9787
288568,1,혜택·대학생 특화형,4.3726074127573895,78.24999999999996,2.8754
288570,1,혜택·대학생 특화형,4.9469852670198,139.75,2.8623
288571,1,혜택·대학생 특화형,4.747103681876759,114.25000000000009,3.0635
288602,1,혜택·대학생 특화형,4.971547905388209,143.25,3.4904
284131,1,혜택·대학생 특화형,4.676932552214983,106.44000000000008,3.2694
288876,1,혜택·대학생 특화형,5.534706144612267,252.33333333333331,2.7741
289029,0,일반·범용 모집형,3.9318256327243257,50.0,2.0
289165,0,일반·범용 모집형,4.932072971593153,137.66666666666663,2.6634
285028,1,혜택·대학생 특화형,3.059068148725802,20.307692307692307,1.1364
285582,0,일반·범용 모집형,3.663561646129647,38.00000000000003,2.2727
285833,1,혜택·대학생 특화형,4.364103818372749,77.578947368421,1.5604
288650,0,일반·범용 모집형,3.824284091120139,44.79999999999999,1.7857
288906,0,일반·범용 모집형,5.83773044716594,342.00000000000017,1.8129
289447,0,일반·범용 모집형,3.637586159726386,37.000000000000014,2.3649
283308,1,혜택·대학생 특화형,1.9273049612242792,5.870967741935486,1.6484
285920,0,일반·범용 모집형,2.4308394285177246,10.36842105263158,0.0
286433,0,일반·범용 모집형,5.347387603538233,209.0588235294119,4.8396
286807,0,일반·범용 모집형,2.570064458128307,12.066666666666666,0.5525
287451,0,일반·범용 모집형,4.670489652108734,105.75000000000001,3.2309
288649,1,혜택·대학생 특화형,4.695924549256556,108.5,1.6129
288651,0,일반·범용 모집형,4.22683374526818,67.5,0.2469
288757,0,일반·범용 모집형,3.610917912644224,35.99999999999998,1.3889
289170,1,혜택·대학생 특화형,4.188488561136243,64.9230769230769,2.3697
289460,0,일반·범용 모집형,2.7488721956224653,14.625000000000002,0.0
285541,1,혜택·대학생 특화형,3.354677366027263,27.636363636363647,1.6447
286561,0,일반·범용 모집형,2.612389082533097,12.631578947368418,0.0
287459,0,일반·범용 모집형,4.447541241784509,84.41666666666674,3.7512
289414,0,일반·범용 모집형,4.685828089005546,107.4,2.2346
289466,0,일반·범용 모집형,4.4942386252808095,88.49999999999999,1.1299
284359,1,혜택·대학생 특화형,7.330536264855532,1525.1999999999982,2.7196
288647,1,혜택·대학생 특화형,3.808512629058481,44.083333333333336,3.7807
284075,0,일반·범용 모집형,3.2892011415889306,25.821428571428566,0.6916
285266,0,일반·범용 모집형,4.787888489464497,119.04761904761908,5.0
286425,1,혜택·대학생 특화형,3.879934690876646,47.42105263157897,4.3285
287187,1,혜택·대학생 특화형,4.21635146899467,66.78571428571435,5.1337
288912,0,일반·범용 모집형,4.907388944130765,134.28571428571425,3.2979
288928,0,일반·범용 모집형,5.032303593575385,152.28571428571428,4.2214
289079,1,혜택·대학생 특화형,4.794136285500715,119.8,2.6711
289288,1,혜택·대학생 특화형,4.454347296253508,85.00000000000004,0.0
289732,0,일반·범용 모집형,4.325078282802986,74.57142857142856,2.682
270838,1,혜택·대학생 특화형,2.7923105447199497,15.318681318681314,2.5108
285592,1,혜택·대학생 특화형,2.693661463650111,13.785714285714292,1.2953
287179,1,혜택·대학생 특화형,5.635209682990592,279.1176470588235,4.0042
287258,1,혜택·대학생 특화형,2.929287174145838,17.71428571428571,0.4032
287275,0,일반·범용 모집형,2.8783955668494494,16.785714285714292,0.0
287348,0,일반·범용 모집형,4.511704457982414,90.07692307692302,2.3911
287518,1,혜택·대학생 특화형,5.363636832668679,212.50000000000003,4.4034
288463,1,혜택·대학생 특화형,4.8496837630384935,126.69999999999999,4.4988
288665,1,혜택·대학생 특화형,3.549617386780428,33.79999999999998,1.7751
289188,1,혜택·대학생 특화형,5.213122520484805,182.66666666666669,1.0036
289448,0,일반·범용 모집형,3.407841924380824,29.199999999999996,0.0
289520,0,일반·범용 모집형,4.359908829420263,77.25000000000003,0.6472
289543,0,일반·범용 모집형,3.696542326859505,39.307692307692285,1.3699
279037,1,혜택·대학생 특화형,3.0618639127599105,20.367346938775515,2.1042
283330,1,혜택·대학생 특화형,3.700243212764252,39.45714285714288,2.6792
285734,1,혜택·대학생 특화형,5.2326353347083865,186.28571428571428,4.2561
286295,1,혜택·대학생 특화형,5.326597886626515,204.73684210526326,4.8329
286697,1,혜택·대학생 특화형,4.238360020155316,68.29411764705881,2.0672
287067,1,혜택·대학생 특화형,6.082055818147429,436.92857142857144,4.9698
287972,1,혜택·대학생 특화형,2.1400661634962703,7.4999999999999964,0.0
288577,1,혜택·대학생 특화형,5.27153328264122,193.71428571428575,5.7522
288916,1,혜택·대학생 특화형,5.265646584258488,192.57142857142858,5.3412
288954,0,일반·범용 모집형,3.633819676930909,36.85714285714286,2.1318
289454,0,일반·범용 모집형,3.8543938925915096,46.199999999999996,1.7316
289468,0,일반·범용 모집형,3.80029304148484,43.714285714285715,1.9608
289829,0,일반·범용 모집형,3.8918202981106265,47.99999999999999,0.0
276659,1,혜택·대학생 특화형,4.064605636232366,57.24193548387094,3.1276
278051,1,혜택·대학생 특화형,3.3910267884577787,28.69642857142858,2.9247
211145,1,혜택·대학생 특화형,5.685763969153522,293.64285714285677,1.4352
288179,1,혜택·대학생 특화형,5.662092047601991,286.7499999999998,5.7251
288677,1,혜택·대학생 특화형,4.468777561082537,86.25000000000004,3.0435
289155,0,일반·범용 모집형,4.510859506516851,90.00000000000006,1.1111
289345,0,일반·범용 모집형,4.670957926526095,105.8000000000001,2.0794
289544,0,일반·범용 모집형,4.753590191106366,115.00000000000018,1.7391
286662,1,혜택·대학생 특화형,6.732369613189295,838.1333333333336,2.1635
271578,0,일반·범용 모집형,2.080814225491808,7.010989010989011,2.0376
284329,1,혜택·대학생 특화형,1.893542163537998,5.642857142857148,0.0
283952,1,혜택·대학생 특화형,4.057786966488303,56.84615384615383,1.4885
287119,1,혜택·대학생 특화형,4.372817695588572,78.2666666666667,5.0256
288631,1,혜택·대학생 특화형,5.320078858329549,203.39999999999998,1.1144
288970,0,일반·범용 모집형,5.0271645960474665,151.50000000000003,5.1155
289678,0,일반·범용 모집형,3.1666251345243235,22.72727272727274,1.6
287571,1,혜택·대학생 특화형,4.6065977379792775,99.14285714285721,4.1066
271515,0,일반·범용 모집형,2.25992991739213,8.582417582417586,2.1767
287782,0,일반·범용 모집형,4.417232890408501,81.86666666666666,4.2345
288404,1,혜택·대학생 특화형,3.697178256928631,39.333333333333314,3.6017
288957,1,혜택·대학생 특화형,5.1481402630806485,171.111111111111,5.0649
288111,0,일반·범용 모집형,3.7562042685001904,41.78571428571427,1.8803
273628,0,일반·범용 모집형,2.7048705481848305,13.952380952380954,3.6689
273626,0,일반·범용 모집형,2.737763098420721,14.452380952380944,3.542
287482,1,혜택·대학생 특화형,4.7433003629753445,113.81250000000001,4.0088
287457,1,혜택·대학생 특화형,2.818398258271076,15.750000000000007,1.5873
288790,1,혜택·대학생 특화형,4.302712827954156,72.90000000000002,1.3717
288968,1,혜택·대학생 특화형,4.59511985013459,97.99999999999999,2.9478
289190,1,혜택·대학생 특화형,4.458698282087834,85.375,3.2211
289453,0,일반·범용 모집형,4.911919321157098,134.90000000000006,2.7428
288919,0,일반·범용 모집형,5.211471265155841,182.3636363636363,4.337
255336,1,혜택·대학생 특화형,1.7954157804311657,5.021978021978023,1.7505
271729,0,일반·범용 모집형,2.03317478677822,6.6382978723404245,1.9231
272090,0,일반·범용 모집형,2.2093606486184445,8.109890109890106,0.271
289376,1,혜택·대학생 특화형,3.5496173867804286,33.8,1.1834
272070,0,일반·범용 모집형,2.412769121621578,10.164835164835175,2.7027
289512,0,일반·범용 모집형,4.06044301054642,57.000000000000036,0.9747
289665,0,일반·범용 모집형,6.3130303139331465,550.7142857142858,4.4877
272072,0,일반·범용 모집형,1.4475651865129318,3.2527472527472527,2.3649
286314,1,혜택·대학생 특화형,3.0650149581135406,20.434782608695656,1.2766
287677,1,혜택·대학생 특화형,4.71961432037896,111.12499999999996,3.7683
288088,1,혜택·대학생 특화형,3.0155349008501706,19.4,1.3746
288127,0,일반·범용 모집형,3.85439389259151,46.20000000000002,2.3088
285259,1,혜택·대학생 특화형,3.826663156476989,44.9090909090909,1.2146
288671,1,혜택·대학생 특화형,5.274707500908903,194.33333333333337,3.8165
288773,1,혜택·대학생 특화형,2.6010780815500425,12.47826086956522,1.7422
290122,1,혜택·대학생 특화형,3.657847344866208,37.77777777777778,0.2941
288644,0,일반·범용 모집형,3.228826155721369,24.25,1.3746
290326,0,일반·범용 모집형,4.09016919081162,58.75000000000001,2.5532
285891,1,혜택·대학생 특화형,3.085572977553781,20.880000000000013,1.5326
286401,0,일반·범용 모집형,3.024170208874524,19.57692307692307,1.5717
269370,1,혜택·대학생 특화형,3.152078343944685,22.384615384615387,2.6019
289664,0,일반·범용 모집형,5.225746673713201,184.99999999999991,3.6036
289970,1,혜택·대학생 특화형,3.832258036959284,45.16666666666669,0.369
286027,1,혜택·대학생 특화형,4.927253685157205,137.00000000000006,3.3577
283917,1,혜택·대학생 특화형,3.572952802418228,34.62162162162163,0.3123
289729,1,혜택·대학생 특화형,4.409155302062134,81.19999999999996,1.3547
284194,0,일반·범용 모집형,3.464842646822512,30.971428571428586,3.2288
284800,1,혜택·대학생 특화형,3.866137708951345,46.75757575757579,3.046
286073,0,일반·범용 모집형,3.721669276936927,40.33333333333333,1.8365
288058,1,혜택·대학생 특화형,4.343121661143283,75.94736842105262,2.4948
288654,1,혜택·대학생 특화형,3.766171128415583,42.21428571428572,1.692
289153,0,일반·범용 모집형,3.335176280564361,27.08333333333333,3.3846
290231,1,혜택·대학생 특화형,4.370712874773608,78.10000000000001,1.5365
286562,0,일반·범용 모집형,4.013607168865885,54.34615384615381,5.0955
287345,0,일반·범용 모집형,5.745084354013307,311.65000000000003,2.8237
287823,1,혜택·대학생 특화형,5.895272399537035,362.3157894736841,4.9099
288334,1,혜택·대학생 특화형,3.891820298110627,48.000000000000014,4.6875
288618,1,혜택·대학생 특화형,4.110873864173311,60.00000000000001,5.5952
288844,1,혜택·대학생 특화형,3.413936407439585,29.384615384615376,1.0471
288956,0,일반·범용 모집형,3.725693427236653,40.50000000000001,1.94
289455,0,일반·범용 모집형,3.984343667007772,52.74999999999999,3.3175
289731,0,일반·범용 모집형,4.004732403532413,53.857142857142854,3.7135
289957,1,혜택·대학생 특화형,4.722953221644475,111.49999999999999,0.3363
289985,0,일반·범용 모집형,4.822583062593315,123.28571428571418,1.0429
289909,0,일반·범용 모집형,6.19116886668843,487.416666666667,4.2229
286733,1,혜택·대학생 특화형,7.392207592862697,1622.2857142857158,3.7014
286426,1,혜택·대학생 특화형,2.6196392437581566,12.730769230769225,2.1148
286479,1,혜택·대학생 특화형,3.402529826895934,29.039999999999996,2.4793
286830,0,일반·범용 모집형,4.358758007734528,77.16000000000003,3.0586
287346,1,혜택·대학생 특화형,3.478158422798284,31.400000000000013,4.7771
288657,1,혜택·대학생 특화형,5.3120462224606495,201.76470588235298,3.5569
288870,0,일반·범용 모집형,4.290459441148391,71.99999999999999,5.8532
288922,1,혜택·대학생 특화형,4.359452312635342,77.21428571428565,0.9251
288939,1,혜택·대학생 특화형,5.1149953094204985,165.5,3.2801
289637,0,일반·범용 모집형,3.663561646129647,38.00000000000003,0.2632
290278,0,일반·범용 모집형,5.05715530973115,156.14285714285734,3.1107
290507,0,일반·범용 모집형,4.849795626118201,126.71428571428575,4.3968
290647,0,일반·범용 모집형,5.718999440461062,303.6,3.4256
288888,1,혜택·대학생 특화형,4.212127597878483,66.49999999999994,1.9614
232315,1,혜택·대학생 특화형,1.0365398600257318,1.8194444444444438,2.0992
247628,1,혜택·대학생 특화형,1.508017733988197,3.5177664974619294,2.5974
263295,1,혜택·대학생 특화형,1.883308226005418,5.575221238938049,3.0159
281813,1,혜택·대학생 특화형,3.697881368224955,39.361702127659555,1.4595
285586,0,일반·범용 모집형,2.591048110428898,12.343749999999998,2.0253
289406,1,혜택·대학생 특화형,4.975008116453105,143.75000000000003,3.3043
287922,1,혜택·대학생 특화형,6.91539270611135,1006.6666666666679,5.6358
272819,1,혜택·대학생 특화형,2.8010266575603144,15.461538461538456,1.8479
285928,0,일반·범용 모집형,4.561740628060754,94.74999999999987,2.9401
287370,1,혜택·대학생 특화형,3.742583633085797,41.20689655172412,2.5105
287713,0,일반·범용 모집형,3.2493168503694365,24.77272727272728,1.8349
288390,1,혜택·대학생 특화형,4.336564260597124,75.44444444444446,2.0619
288944,0,일반·범용 모집형,4.519612297626445,90.8,2.7166
291384,0,일반·범용 모집형,2.0529304161315043,6.790697674418607,3.7671
290034,1,혜택·대학생 특화형,5.560681631015528,258.99999999999994,5.7432
288194,1,혜택·대학생 특화형,4.231930225174664,67.85000000000001,4.7163
289206,0,일반·범용 모집형,4.382987711153432,79.07692307692308,2.821
231834,1,혜택·대학생 특화형,2.552598438827528,11.840425531914896,3.9533
280882,1,혜택·대학생 특화형,2.647425579285775,13.117647058823527,1.1958
287401,1,혜택·대학생 특화형,4.535040304714065,92.22727272727275,2.9078
249905,1,혜택·대학생 특화형,2.881454684572016,16.84020618556701,4.4077
270460,1,혜택·대학생 특화형,4.304983065860594,73.0679611650486,4.0393
283351,1,혜택·대학생 특화형,4.207512359426432,66.1891891891892,1.3883
289244,1,혜택·대학생 특화형,3.942967809277568,50.57142857142859,1.8362
290504,0,일반·범용 모집형,4.655150118293112,104.125,3.2413
290125,1,혜택·대학생 특화형,5.4229901932382365,225.5555555555557,5.2709
288840,1,혜택·대학생 특화형,7.621475098426481,2040.5714285714284,1.8832
290650,1,혜택·대학생 특화형,5.343529709369585,208.24999999999997,4.2617
290689,1,혜택·대학생 특화형,5.590453789349199,266.85714285714306,2.8373
291428,0,일반·범용 모집형,2.795755781521316,15.375000000000004,0.4065
289684,1,혜택·대학생 특화형,5.492718448996593,241.91666666666674,4.7193
290816,0,일반·범용 모집형,5.436214216682198,228.5714285714283,0.4375
290917,1,혜택·대학생 특화형,6.249331534480578,516.6666666666669,3.5699
227369,1,혜택·대학생 특화형,2.1962798441530573,7.991501416430593,2.3041
240331,0,일반·범용 모집형,1.9294488720012413,5.885714285714285,1.3176
245372,0,일반·범용 모집형,1.4713104360604845,3.3549382716049374,0.736
229203,0,일반·범용 모집형,0.9544571486725304,1.5972602739726032,0.3431
245370,1,혜택·대학생 특화형,1.4820500744579832,3.401960784313726,1.7291
285837,1,혜택·대학생 특화형,7.512131960446456,1829.11111111111,3.3228
286577,1,혜택·대학생 특화형,5.480175853178588,238.88888888888894,2.6822
252794,1,혜택·대학생 특화형,2.131719405567553,7.429347826086953,3.2919
269957,1,혜택·대학생 특화형,2.017281142947232,6.517857142857141,1.9178
275354,0,일반·범용 모집형,2.662293406296107,13.329113924050636,2.754
281283,0,일반·범용 모집형,3.586186318005081,35.09615384615383,1.6986
282287,0,일반·범용 모집형,2.2610566342974634,8.59322033898305,0.9862
283763,0,일반·범용 모집형,2.4966179092089016,11.141361256544501,2.4906
286820,1,혜택·대학생 특화형,3.4339872044851463,30.0,3.2143
288938,0,일반·범용 모집형,4.103497944208588,59.55172413793102,3.9375
290283,0,일반·범용 모집형,4.5145158177199605,90.33333333333333,3.075
290654,0,일반·범용 모집형,5.462771921513567,234.75,3.1416
291057,1,혜택·대학생 특화형,5.702448251643064,298.5999999999999,3.8178
291481,0,일반·범용 모집형,4.45046379622711,84.66666666666666,1.1811
290404,1,혜택·대학생 특화형,4.5689671373241305,95.44444444444441,2.5611
267918,0,일반·범용 모집형,2.4162163959459666,10.203389830508472,1.495
270645,1,혜택·대학생 특화형,2.724270144968974,14.24528301886793,1.1258
274078,0,일반·범용 모집형,3.172604225580381,22.8695652173913,3.9924
282573,0,일반·범용 모집형,2.0963433524824397,7.136363636363642,2.3355
284896,0,일반·범용 모집형,3.846001904330352,45.80555555555556,1.9406
285803,0,일반·범용 모집형,1.903550875216172,5.709677419354841,0.0
286171,1,혜택·대학생 특화형,5.088872659591988,161.20689655172407,3.8717
288482,1,혜택·대학생 특화형,3.520149324523521,32.789473684210535,4.3339
290223,1,혜택·대학생 특화형,4.401011934584962,80.5333333333333,0.745
290323,0,일반·범용 모집형,3.748196031270356,41.44444444444446,0.2681
290801,1,혜택·대학생 특화형,4.029464102288242,55.23076923076923,1.1142
267298,0,일반·범용 모집형,1.583504530407596,3.8720000000000008,2.0661
271588,1,혜택·대학생 특화형,2.3334179680300755,9.313131313131311,2.9284
283454,1,혜택·대학생 특화형,5.430222437427975,227.20000000000002,3.6385
285562,1,혜택·대학생 특화형,4.407898724499477,81.09677419354837,4.2164
285957,1,혜택·대학생 특화형,4.070734696582967,57.600000000000016,5.7292
286435,1,혜택·대학생 특화형,2.4733458273869244,10.862068965517242,1.5873
286815,1,혜택·대학생 특화형,2.5199979695992702,11.428571428571427,1.875
287003,1,혜택·대학생 특화형,3.0316190328875154,19.730769230769237,2.924
288084,0,일반·범용 모집형,3.176509428496572,22.96296296296297,3.2258
288124,0,일반·범용 모집형,4.117557884601883,60.40909090909091,2.3326
288908,1,혜택·대학생 특화형,4.800156305623367,120.52941176470578,3.7091
289601,1,혜택·대학생 특화형,4.688521025222991,107.69230769230776,3.5
289844,1,혜택·대학생 특화형,5.0891383555842,161.25000000000003,3.6693
289984,0,일반·범용 모집형,4.082368371175385,58.285714285714306,2.5735
290324,1,혜택·대학생 특화형,4.083171261623976,58.333333333333364,1.9048
290476,1,혜택·대학생 특화형,3.2241949863458004,24.133333333333326,0.5525
290919,0,일반·범용 모집형,4.805466479819896,121.17647058823525,0.7282
290985,1,혜택·대학생 특화형,5.298317366548037,199.0000000000001,1.696
273335,1,혜택·대학생 특화형,2.847971391825504,16.252747252747255,1.2847
289958,0,일반·범용 모집형,3.4937489390274004,31.909090909090907,1.4245
285602,0,일반·범용 모집형,4.001093664149726,53.657894736842096,2.5993
283455,1,혜택·대학생 특화형,5.467676484886418,235.90909090909048,2.7168
285522,0,일반·범용 모집형,4.308559482792009,73.33333333333331,5.7438
291352,0,일반·범용 모집형,2.818398258271076,15.750000000000007,1.0582
291882,1,혜택·대학생 특화형,2.948815353766239,18.08333333333333,1.3825
291709,1,혜택·대학생 특화형,5.012300573415317,149.24999999999997,1.675
288481,1,혜택·대학생 특화형,3.199376599816767,23.517241379310345,2.0528
288752,0,일반·범용 모집형,3.874528801000565,47.15999999999998,1.6964
291026,1,혜택·대학생 특화형,4.04960866838071,56.37500000000004,2.6608
219784,1,혜택·대학생 특화형,0.8667699638000238,1.3792134831460672,2.0367
291003,1,혜택·대학생 특화형,3.882708617759371,47.55555555555556,1.6355
285585,1,혜택·대학생 특화형,7.678326356506888,2160.000000000005,2.7094
290263,0,일반·범용 모집형,4.633341062954787,101.85714285714278,0.7013
291341,1,혜택·대학생 특화형,3.111804444806745,21.46153846153846,3.2258
291707,1,혜택·대학생 특화형,2.93049175168559,17.73684210526316,1.1869
291716,1,혜택·대학생 특화형,5.383730244396166,216.8333333333332,3.4589
289274,1,혜택·대학생 특화형,4.966151633090037,142.4736842105263,2.4012
290282,1,혜택·대학생 특화형,5.600272098286537,269.5000000000001,5.5394
283761,1,혜택·대학생 특화형,2.8651120911369268,16.551020408163264,3.0826
286566,0,일반·범용 모집형,4.721740365219264,111.36363636363622,4.381
289241,0,일반·범용 모집형,4.254492261521733,69.42105263157893,3.7908
273703,1,혜택·대학생 특화형,2.153549513833558,7.615384615384615,1.8759
286517,1,혜택·대학생 특화형,4.366912996863833,77.8,2.6074
288674,0,일반·범용 모집형,4.028747279736288,55.19047619047625,2.3296
289175,1,혜택·대학생 특화형,4.062288597043833,57.10714285714279,3.5022
289757,1,혜택·대학생 특화형,5.269675790584653,193.3529411764707,5.2936
290019,1,혜택·대학생 특화형,3.1660776393012298,22.71428571428571,3.1447
290899,1,혜택·대학생 특화형,3.886705197443856,47.74999999999999,3.2162
291265,0,일반·범용 모집형,4.175924549214524,64.10000000000002,2.9641
290828,0,일반·범용 모집형,4.630675476396454,101.58333333333341,2.8712
288985,1,혜택·대학생 특화형,5.781600487307627,323.27777777777806,5.7914
291109,1,혜택·대학생 특화형,4.7808027546312495,118.20000000000002,2.9611
291602,0,일반·범용 모집형,5.55747135538528,258.1666666666668,3.6152
290418,1,혜택·대학생 특화형,4.959611868823823,141.53846153846158,4.2391
287680,1,혜택·대학생 특화형,7.269848848947728,1435.3333333333326,3.7323
289008,1,혜택·대학생 특화형,5.165873817381352,174.19047619047635,5.0301
286318,1,혜택·대학생 특화형,6.585410366337152,723.448275862068,3.5653
285408,1,혜택·대학생 특화형,4.32532060717958,74.58974358974353,2.7501
288795,1,혜택·대학생 특화형,4.710757948550657,110.13636363636365,3.2191
290093,0,일반·범용 모집형,3.963982744358857,51.66666666666666,2.1935
290651,0,일반·범용 모집형,3.1780538303479453,22.999999999999993,0.2899
284206,1,혜택·대학생 특화형,4.6196108701428855,100.45454545454544,0.9502
287213,1,혜택·대학생 특화형,4.981951970580316,144.7586206896552,4.4545
291701,1,혜택·대학생 특화형,5.214159058540813,182.85714285714272,2.8906
286986,1,혜택·대학생 특화형,3.494611826301581,31.937499999999993,0.9785
287381,0,일반·범용 모집형,2.686388704321031,13.67857142857143,3.6554
290415,0,일반·범용 모집형,2.531426665422893,11.57142857142857,0.6173
290624,1,혜택·대학생 특화형,4.6443908991413725,102.99999999999999,3.5368
291598,0,일반·범용 모집형,3.3704257229954018,28.090909090909093,1.2945
290517,1,혜택·대학생 특화형,7.386594756890272,1613.1999999999998,3.4755
288832,1,혜택·대학생 특화형,3.999867368721668,53.5909090909091,3.732
289273,1,혜택·대학생 특화형,5.323938699892414,204.19047619047603,3.5681
291153,1,혜택·대학생 특화형,5.1545752917215575,172.22222222222229,3.6774
291429,0,일반·범용 모집형,4.629165691544307,101.42857142857139,4.0845
292458,1,혜택·대학생 특화형,6.388561405545629,593.9999999999997,3.5354
283933,1,혜택·대학생 특화형,3.495244137419708,31.95833333333333,2.6076
287012,1,혜택·대학생 특화형,1.9049021253279368,5.7187500000000036,1.6393
287549,1,혜택·대학생 특화형,2.95526940994081,18.20689655172414,0.5682
290703,0,일반·범용 모집형,2.696876900504084,13.833333333333318,0.4016
290883,0,일반·범용 모집형,5.068379955812419,157.91666666666666,4.1161
292116,0,일반·범용 모집형,4.805386232658597,121.1666666666667,2.0633
242296,0,일반·범용 모집형,0.6053715696775596,0.8319327731092436,1.5152
283597,0,일반·범용 모집형,3.233462793400084,24.3673469387755,3.3501
292107,0,일반·범용 모집형,5.456922396724676,233.37500000000014,4.2849
288978,1,혜택·대학생 특화형,4.168601332828594,63.62500000000004,2.7505
289210,1,혜택·대학생 특화형,4.196575184871,65.45833333333334,1.7823
291616,0,일반·범용 모집형,7.362645270417825,1575.0000000000005,2.4127
292623,0,일반·범용 모집형,2.400284760195752,10.026315789473687,1.3123
289843,1,혜택·대학생 특화형,8.08310224571963,3238.266666666668,3.1437
289182,1,혜택·대학생 특화형,4.145202979455592,62.13043478260869,3.0791
289954,1,혜택·대학생 특화형,4.86843901858601,129.11764705882356,3.3713
290443,1,혜택·대학생 특화형,3.4578927253387004,30.749999999999993,1.4228
290980,1,혜택·대학생 특화형,3.988984046564274,52.999999999999986,1.1611
268673,0,일반·범용 모집형,2.36946462183359,9.691666666666665,3.0954
286927,1,혜택·대학생 특화형,3.782239682049182,42.91428571428571,4.5273
287915,1,혜택·대학생 특화형,4.451552697322492,84.75999999999999,1.9821
286213,1,혜택·대학생 특화형,7.135045061497308,1254.1935483870955,3.4131
290036,1,혜택·대학생 특화형,4.321184975417636,74.27777777777774,1.8699
291610,0,일반·범용 모집형,5.159055299214529,173.0,6.0116
279373,1,혜택·대학생 특화형,2.5464088495457937,11.76119402985074,1.6497
292821,1,혜택·대학생 특화형,2.933096702562505,17.785714285714267,0.0
220974,0,일반·범용 모집형,1.6757454062601058,4.342776203966005,3.7182
277158,1,혜택·대학생 특화형,2.2385527728290664,8.379746835443047,1.9637
290946,0,일반·범용 모집형,5.039114765418125,153.33333333333343,5.1739
292531,1,혜택·대학생 특화형,5.142637740700503,170.16666666666669,4.4074
288567,1,혜택·대학생 특화형,3.734918584911479,40.884615384615415,2.6341
289167,1,혜택·대학생 특화형,4.140485718219956,61.83333333333337,1.2129
290215,1,혜택·대학생 특화형,5.655991810819852,284.99999999999994,4.5614
290320,1,혜택·대학생 특화형,3.009525595686327,19.27777777777778,0.5764
291321,1,혜택·대학생 특화형,4.894725502821552,132.5833333333332,2.577
291333,1,혜택·대학생 특화형,4.426840650463674,82.66666666666669,3.2258
291485,1,혜택·대학생 특화형,4.097118489104826,59.16666666666667,3.5211
291980,1,혜택·대학생 특화형,3.154633556139847,22.444444444444443,0.0
289311,1,혜택·대학생 특화형,4.006633639908385,53.96153846153843,3.2074
289348,1,혜택·대학생 특화형,4.868537291923548,129.13043478260857,5.2189
290645,0,일반·범용 모집형,3.5199461344384977,32.78260869565217,1.9894
291275,0,일반·범용 모집형,4.530877581406236,91.84,3.9199
289139,1,혜택·대학생 특화형,6.060387971739112,427.54166666666663,2.4949
290988,1,혜택·대학생 특화형,5.494432245474327,242.33333333333326,0.7978
286847,1,혜택·대학생 특화형,5.691178119944898,295.2424242424248,3.2741
287753,0,일반·범용 모집형,5.163573117498305,173.7878787878788,4.952
288186,1,혜택·대학생 특화형,3.704146926244725,39.61538461538463,1.9417
288824,1,혜택·대학생 특화형,4.2462950211397565,68.84615384615384,5.5866
291284,1,혜택·대학생 특화형,4.5476656915079,93.41176470588235,4.0932
291651,1,혜택·대학생 특화형,5.18890826236421,178.27272727272725,2.0908
292257,0,일반·범용 모집형,5.515442845536684,247.50000000000026,2.3737
292651,1,혜택·대학생 특화형,4.120661870539474,60.60000000000002,0.6601
286826,0,일반·범용 모집형,3.197598426420916,23.473684210526322,4.9327
288546,0,일반·범용 모집형,4.197201947661808,65.49999999999999,1.1996
291907,0,일반·범용 모집형,6.030685260261263,415.0,4.0241
290604,1,혜택·대학생 특화형,4.384800561556606,79.22222222222214,2.8752
286989,1,혜택·대학생 특화형,2.9415899743903657,17.945945945945947,5.8735
292675,0,일반·범용 모집형,4.709530201312335,110.00000000000007,1.8182
291825,1,혜택·대학생 특화형,8.104401307921611,3307.9999999999964,3.8301
290153,1,혜택·대학생 특화형,5.567435330137236,260.7619047619045,5.3871
291507,1,혜택·대학생 특화형,4.689380023279903,107.78571428571429,5.4341
291996,1,혜택·대학생 특화형,5.420937171005034,225.09090909090898,5.8562
292110,0,일반·범용 모집형,5.135798437050261,168.9999999999999,3.7278
292396,1,혜택·대학생 특화형,5.845612670095419,344.71428571428584,5.346
293471,0,일반·범용 모집형,4.873669439023098,129.8,1.849
274415,1,혜택·대학생 특화형,2.453276105901394,10.62637362637362,0.4137
275343,0,일반·범용 모집형,1.631177899070506,4.109890109890108,0.5348
288962,1,혜택·대학생 특화형,3.505986305421024,32.31428571428572,1.061
290827,1,혜택·대학생 특화형,4.49099904064811,88.21052631578948,3.043
291648,0,일반·범용 모집형,3.983678994334581,52.714285714285715,1.4905
292677,0,일반·범용 모집형,4.893566289173529,132.42857142857144,0.5394
293476,1,혜택·대학생 특화형,3.2838606749576136,25.678571428571434,2.7816
293727,1,혜택·대학생 특화형,3.461261622404805,30.85714285714284,3.3565
291134,1,혜택·대학생 특화형,4.517119307865357,90.57142857142863,3.5489
291505,1,혜택·대학생 특화형,7.401623652097077,1637.6428571428578,4.5579
289649,1,혜택·대학생 특화형,7.054485639063051,1157.041666666666,3.5795
293052,0,일반·범용 모집형,5.474069774606522,237.4285714285715,2.2864
274247,1,혜택·대학생 특화형,1.7676619176489945,4.857142857142857,0.6787
288958,1,혜택·대학생 특화형,5.001386304547356,147.6190476190476,3.3548
289003,1,혜택·대학생 특화형,5.034303594242052,152.5925925925926,2.767
292621,1,혜택·대학생 특화형,4.887337077751762,131.59999999999997,3.1915
292652,1,혜택·대학생 특화형,3.80220813942094,43.80000000000002,3.0441
290902,0,일반·범용 모집형,3.543853682063679,33.60000000000001,1.3889
293072,1,혜택·대학생 특화형,4.660740037142902,104.71428571428568,1.3643
293806,0,일반·범용 모집형,6.005737206394699,404.74999999999955,2.4089
260134,1,혜택·대학생 특화형,3.4712153685643523,31.175824175824182,2.9256
274591,0,일반·범용 모집형,1.7601289253414505,4.81318681318682,0.2283
291583,0,일반·범용 모집형,4.521063676691092,90.93333333333338,5.132
291733,0,일반·범용 모집형,5.124813958204963,167.14285714285708,3.1624
262575,0,일반·범용 모집형,1.2922654114716146,2.641025641025642,1.4563
292062,1,혜택·대학생 특화형,4.069026754237811,57.50000000000001,1.7391
285019,1,혜택·대학생 특화형,3.793614774377844,43.41666666666665,0.9117
290437,0,일반·범용 모집형,4.857964999439432,127.76190476190476,4.9571
294153,0,일반·범용 모집형,5.995207533386816,400.49999999999994,0.8739
291487,1,혜택·대학생 특화형,2.8368830729451786,16.062500000000004,0.0
294436,1,혜택·대학생 특화형,6.366470447731438,581.0000000000002,0.5164
275133,0,일반·범용 모집형,1.580450375560848,3.8571428571428577,0.8547
284731,1,혜택·대학생 특화형,4.127134385045093,61.000000000000064,2.1746
292810,1,혜택·대학생 특화형,6.147933965154199,466.75000000000017,4.2582
292996,1,혜택·대학생 특화형,7.538571024805982,1878.1428571428557,2.8143
294297,1,혜택·대학생 특화형,4.846808319938465,126.3333333333333,2.6385
290909,1,혜택·대학생 특화형,5.181964758954354,177.032258064516,2.8243
275263,0,일반·범용 모집형,1.5365126725294278,3.648351648351648,2.1084
293304,1,혜택·대학생 특화형,2.2221635256834715,8.227272727272728,1.105
288856,1,혜택·대학생 특화형,6.407154975758934,605.1666666666669,3.6574
275270,0,일반·범용 모집형,1.338465273430009,2.813186813186813,1.9531
275271,0,일반·범용 모집형,1.6753491173836437,4.34065934065934,1.2658
289963,0,일반·범용 모집형,3.42453406184139,29.70833333333331,2.5245
293863,1,혜택·대학생 특화형,4.01509519056796,54.42857142857143,1.8373
292411,0,일반·범용 모집형,5.1149953094204985,165.5,3.5045
292377,1,혜택·대학생 특화형,6.1018872283580725,445.69999999999976,5.3624
294266,0,일반·범용 모집형,5.563425116961279,259.71428571428595,2.0902
289358,1,혜택·대학생 특화형,6.387807716783397,593.5517241379313,4.6709
292763,1,혜택·대학생 특화형,8.3338711342887,4161.500000000001,2.7454
275268,0,일반·범용 모집형,1.4930275605896892,3.4505494505494507,2.2293
292284,0,일반·범용 모집형,3.71731738943447,40.15384615384616,3.2567
292767,1,혜택·대학생 특화형,5.307717491059951,200.88888888888877,4.3142
293722,1,혜택·대학생 특화형,5.54777822617962,255.66666666666669,4.9544
286990,1,혜택·대학생 특화형,4.205420421460938,66.0487804878049,4.9852
273638,1,혜택·대학생 특화형,2.370948835803436,9.707547169811322,2.138
263614,1,혜택·대학생 특화형,4.851502252924723,126.93243243243262,3.3536
250604,1,혜택·대학생 특화형,2.3927004559212666,9.94300518134715,2.1365
241463,1,혜택·대학생 특화형,0.9778126594723004,1.6586345381526102,2.4213
289423,0,일반·범용 모집형,4.192263666021226,65.17241379310347,3.4921
292800,1,혜택·대학생 특화형,4.715246835908717,110.63636363636361,2.7116
294152,1,혜택·대학생 특화형,5.05465217951303,155.75,1.2841
292943,1,혜택·대학생 특화형,4.048300623720694,56.300000000000004,1.9538
291737,0,일반·범용 모집형,2.799565309937983,15.437499999999996,2.6316
291977,1,혜택·대학생 특화형,2.538973871058276,11.666666666666666,2.2857
292488,0,일반·범용 모집형,3.9729837052178336,52.14285714285716,2.3973
293477,1,혜택·대학생 특화형,5.078640023210313,159.55555555555551,3.5515
275813,0,일반·범용 모집형,5.451132775391842,232.02197802197819,2.0792
224042,1,혜택·대학생 특화형,1.883756757073714,5.578171091445426,4.0719
289100,1,혜택·대학생 특화형,2.703739849601088,13.935483870967742,3.4722
290482,1,혜택·대학생 특화형,3.8901863108189714,47.91999999999999,3.005
290965,1,혜택·대학생 특화형,3.012974079988497,19.34782608695652,4.2697
224084,1,혜택·대학생 특화형,1.2664931613072703,2.548387096774195,3.2221
252773,1,혜택·대학생 특화형,1.88218488889973,5.567839195979902,2.4368
290967,1,혜택·대학생 특화형,3.82319179172153,44.74999999999999,2.7933
291646,1,혜택·대학생 특화형,5.055891885684376,155.9444444444444,4.1325
289775,1,혜택·대학생 특화형,5.235321514533459,186.7894736842105,4.621
293374,0,일반·범용 모집형,5.094976442530006,162.19999999999996,3.0826
286987,1,혜택·대학생 특화형,4.312810523985199,73.64999999999998,4.4128
288713,1,혜택·대학생 특화형,4.296254159350045,72.42424242424242,1.9665
285538,0,일반·범용 모집형,1.556193397915288,3.7407407407407405,0.495
291736,1,혜택·대학생 특화형,3.711001371201207,39.89473684210527,3.1662
292140,1,혜택·대학생 특화형,5.813334194932496,333.7333333333336,4.2349
292419,0,일반·범용 모집형,5.260528960486381,191.58333333333343,3.1753
292645,0,일반·범용 모집형,3.8122026701459353,44.25000000000001,2.6365
293302,0,일반·범용 모집형,4.221344252983408,67.12499999999997,0.9311
294439,0,일반·범용 모집형,3.688879454113936,38.99999999999998,1.2821
295068,0,일반·범용 모집형,3.610917912644225,36.000000000000014,0.0
293218,0,일반·범용 모집형,8.468612005409348,4761.9,2.2617
286988,1,혜택·대학생 특화형,2.726217505057659,14.274999999999999,2.8021
292885,0,일반·범용 모집형,3.336955112933801,27.133333333333315,2.2113
293968,1,혜택·대학생 특화형,2.1129642337184795,7.272727272727273,1.25
221786,1,혜택·대학생 특화형,0.5868392465460792,0.7982954545454548,2.1352
221638,1,혜택·대학생 특화형,1.408213046827537,3.0886426592797784,1.3453
291945,0,일반·범용 모집형,4.660289485209171,104.6666666666667,3.6624
291979,1,혜택·대학생 특화형,4.439879251943307,83.76470588235298,3.3708
294435,1,혜택·대학생 특화형,5.311233591814583,201.59999999999994,3.2738
293804,1,혜택·대학생 특화형,5.702448251643065,298.6000000000002,4.4541
293711,1,혜택·대학생 특화형,7.54971442277265,1899.200000000001,4.0754
293345,1,혜택·대학생 특화형,5.988961416889864,398.0000000000001,6.0511
290984,1,혜택·대학생 특화형,4.7080275714278,109.8333333333334,2.3141
275973,1,혜택·대학생 특화형,1.6650077635889111,4.285714285714286,0.7692
276326,1,혜택·대학생 특화형,3.286431767030622,25.747252747252734,2.134
288679,0,일반·범용 모집형,3.93126525165054,49.97142857142853,3.7736
291083,1,혜택·대학생 특화형,3.514305584110808,32.59259259259261,1.8182
293139,1,혜택·대학생 특화형,4.560172820057356,94.60000000000002,2.9598
293985,1,혜택·대학생 특화형,4.504244267398131,89.40000000000002,3.915
295048,1,혜택·대학생 특화형,5.162497643405502,173.60000000000008,1.0369
290923,1,혜택·대학생 특화형,3.222399022875518,24.08823529411766,3.7851
293503,1,혜택·대학생 특화형,5.776525879848126,321.63636363636374,4.5506
293605,1,혜택·대학생 특화형,4.942940281324903,139.18181818181802,3.0699
294920,1,혜택·대학생 특화형,7.396457985660357,1629.1999999999994,4.358
294976,0,일반·범용 모집형,3.0743754008731043,20.63636363636364,0.0
295186,0,일반·범용 모집형,4.287028906051602,71.75000000000001,1.0453
290677,1,혜택·대학생 특화형,6.382401554653237,590.346153846154,3.1403
290481,1,혜택·대학생 특화형,4.115546769872704,60.28571428571433,2.7844
292477,1,혜택·대학생 특화형,6.92369892937927,1015.0714285714258,4.2854
292670,1,혜택·대학생 특화형,5.84767665431627,345.42857142857144,5.2316
279523,1,혜택·대학생 특화형,2.8668994017110228,16.582417582417587,0.729
289539,1,혜택·대학생 특화형,5.440633588728293,229.5882352941178,3.9329
292668,0,일반·범용 모집형,4.5591262474866845,94.5,4.4596
293379,1,혜택·대학생 특화형,4.334315433668836,75.27272727272731,3.1401
293951,1,혜택·대학생 특화형,4.814399195701971,122.27272727272735,2.6766
294114,1,혜택·대학생 특화형,4.127134385045092,61.00000000000001,0.7026
294203,0,일반·범용 모집형,4.865994804269989,128.79999999999993,3.3385
294987,0,일반·범용 모집형,3.5858310782144898,35.08333333333334,1.6627
293788,0,일반·범용 모집형,5.1725479792590034,175.3636363636364,2.4365
237921,0,일반·범용 모집형,0.6084305103631841,0.8375451263537903,0.8621
293142,1,혜택·대학생 특화형,3.823612048084093,44.76923076923077,3.4364
291867,1,혜택·대학생 특화형,3.655839600035736,37.699999999999996,3.4483
294195,1,혜택·대학생 특화형,4.112920947795036,60.125,3.1185
220226,1,혜택·대학생 특화형,2.1157602609748483,7.295890410958908,4.1682
221398,1,혜택·대학생 특화형,1.834127229762181,5.2596685082872945,3.5714
286793,1,혜택·대학생 특화형,3.0890642133462105,20.956521739130444,5.3942
291866,1,혜택·대학생 특화형,3.7954891891721942,43.499999999999986,2.7586
292764,1,혜택·대학생 특화형,5.958609245950855,386.07142857142844,1.6096
274915,0,일반·범용 모집형,1.8675666771347368,5.4725274725274735,0.6024
294923,0,일반·범용 모집형,3.828641396489095,45.0,2.7778
295279,1,혜택·대학생 특화형,6.531169130424349,685.1999999999997,1.1384
293176,1,혜택·대학생 특화형,6.805978079162594,902.230769230769,1.2704
293001,1,혜택·대학생 특화형,3.4382790565666874,30.13333333333334,1.3274
293572,0,일반·범용 모집형,3.5361166995615263,33.33333333333334,2.75
293710,1,혜택·대학생 특화형,6.328531844740506,559.3333333333334,1.6836
290925,0,일반·범용 모집형,4.19803702077923,65.55555555555557,4.3503
294877,1,혜택·대학생 특화형,4.715246835908717,110.63636363636361,3.862
237777,1,혜택·대학생 특화형,0.2949548317808607,0.34306569343065696,0.0
284655,1,혜택·대학생 특화형,4.8736694390230975,129.7999999999999,3.0303
290715,1,혜택·대학생 특화형,7.405908083570201,1644.6785714285702,3.5287
286999,1,혜택·대학생 특화형,2.929453107938636,17.717391304347828,2.0859
291010,1,혜택·대학생 특화형,3.2280642509226065,24.23076923076922,0.6349
293259,0,일반·범용 모집형,5.001546496778376,147.64285714285717,2.9028
294660,0,일반·범용 모집형,3.8394523125933113,45.500000000000036,1.3736
293632,0,일반·범용 모집형,4.311315254429229,73.53846153846152,1.569
294026,0,일반·범용 모집형,3.4631283393926453,30.916666666666654,1.3477
292594,0,일반·범용 모집형,3.9182535551787834,49.312500000000064,3.6755
293707,1,혜택·대학생 특화형,4.047427642434349,56.25000000000001,4.3556
294898,0,일반·범용 모집형,6.375024819828096,585.9999999999997,4.7538
245115,1,혜택·대학생 특화형,1.178976798436137,2.2510460251046034,0.9294
253555,1,혜택·대학생 특화형,0.9870910142357024,1.6834170854271355,0.8955
266782,1,혜택·대학생 특화형,1.4945079457601236,3.457142857142858,2.4793
277107,0,일반·범용 모집형,1.7215885100336723,4.593406593406591,1.4354
292117,0,일반·범용 모집형,4.620762280747927,100.57142857142853,0.6629
295261,0,일반·범용 모집형,5.288267030694535,197.0,3.4808
277128,0,일반·범용 모집형,2.3726030798962428,9.725274725274728,3.6158
287512,0,일반·범용 모집형,3.792527978835415,43.36842105263158,2.6092
293224,1,혜택·대학생 특화형,4.188644130520502,64.93333333333332,3.0801
294419,1,혜택·대학생 특화형,3.663561646129647,38.00000000000003,2.0468
295857,1,혜택·대학생 특화형,3.173878458937465,22.900000000000002,1.7467
293934,1,혜택·대학생 특화형,7.235258845620589,1386.4999999999986,4.3924
291534,1,혜택·대학생 특화형,6.076986720546144,434.71428571428584,2.5961
287507,0,일반·범용 모집형,2.670512281783145,13.44736842105263,2.1526
293237,1,혜택·대학생 특화형,4.4826258332299975,87.46666666666667,2.8963
294166,1,혜택·대학생 특화형,4.6931810633108055,108.20000000000009,5.5453
295938,0,일반·범용 모집형,5.12716398213393,167.5384615384616,5.0505
230051,1,혜택·대학생 특화형,0.5815561151514828,0.7888198757763971,2.3622
256608,1,혜택·대학생 특화형,2.360549633439519,9.596774193548386,3.8655
292248,1,혜택·대학생 특화형,4.026201669536854,55.04761904761906,3.3737
293380,0,일반·범용 모집형,3.376449211972961,28.26666666666666,0.7075
294171,1,혜택·대학생 특화형,4.08368185647806,58.36363636363635,2.4922
294947,1,혜택·대학생 특화형,3.9501747713925215,50.9444444444444,1.1996
295081,0,일반·범용 모집형,4.017383521085972,54.55555555555555,3.2587
295310,1,혜택·대학생 특화형,4.011868340397863,54.25000000000007,2.0737
295646,0,일반·범용 모집형,3.247046701834897,24.71428571428571,0.0
291837,1,혜택·대학생 특화형,2.954574201060484,18.19354838709678,3.7234
293283,1,혜택·대학생 특화형,4.318321099840203,74.06250000000004,3.5443
295527,1,혜택·대학생 특화형,4.691347882229144,108.00000000000007,2.2487
295650,1,혜택·대학생 특화형,4.423990833772914,82.42857142857142,2.9463
278146,0,일반·범용 모집형,0.8407831793660101,1.3181818181818188,0.0
283934,0,일반·범용 모집형,0.962810747509048,1.6190476190476195,0.0
284663,0,일반·범용 모집형,1.2551813493596495,2.508474576271186,0.0
286876,0,일반·범용 모집형,1.6974487897568142,4.460000000000003,1.7937
267874,1,혜택·대학생 특화형,0.7004199398890248,1.0145985401459847,0.7194
274505,0,일반·범용 모집형,0.9084166754432492,1.4803921568627452,0.6623
289820,1,혜택·대학생 특화형,2.166192468088491,7.725000000000003,1.2945
291544,1,혜택·대학생 특화형,4.23410650459726,68.00000000000001,2.521
236343,0,일반·범용 모집형,0.6077873316087884,0.8363636363636362,0.4348
242373,0,일반·범용 모집형,0.6563332074372289,0.9277108433734937,1.2987
249902,0,일반·범용 모집형,0.9681343335304772,1.6330275229357794,1.1236
274503,0,일반·범용 모집형,0.5624129925564839,0.7549019607843137,2.5974
274600,0,일반·범용 모집형,1.1275998255413615,2.0882352941176454,0.939
289821,1,혜택·대학생 특화형,2.2486567509684914,8.475000000000012,1.4749
293801,1,혜택·대학생 특화형,5.5433528642783445,254.5333333333332,4.2954
292298,1,혜택·대학생 특화형,3.43552212420323,30.04761904761905,2.5357
293133,1,혜택·대학생 특화형,3.3509355468812667,27.52941176470587,3.4188
293977,1,혜택·대학생 특화형,5.008410599074144,148.66666666666652,3.5874
294836,1,혜택·대학생 특화형,5.324472324024888,204.3,5.5311
295643,1,혜택·대학생 특화형,3.725693427236653,40.50000000000001,1.8519
295651,0,일반·범용 모집형,2.197224577336219,7.999999999999998,0.0
296111,0,일반·범용 모집형,3.317815772723104,26.599999999999994,1.5038
296114,0,일반·범용 모집형,4.0943445622221,58.999999999999986,4.4068
296857,0,일반·범용 모집형,4.243721963296701,68.66666666666664,0.4854
291608,1,혜택·대학생 특화형,3.801314883443725,43.76000000000002,3.6563
292065,1,혜택·대학생 특화형,3.0931064375791677,21.045454545454554,1.9438
292464,1,혜택·대학생 특화형,5.160868536338709,173.3157894736841,4.3425
292620,1,혜택·대학생 특화형,3.81365552526129,44.315789473684184,0.5938
294113,1,혜택·대학생 특화형,3.683093517046893,38.76923076923079,3.1746
294160,1,혜택·대학생 특화형,3.3227615693749217,26.736842105263154,0.9843
295075,0,일반·범용 모집형,3.887730312859101,47.79999999999998,3.7657
295430,1,혜택·대학생 특화형,3.1728318863667937,22.874999999999993,0.2186
296118,1,혜택·대학생 특화형,3.698829784967105,39.40000000000003,1.5228
296243,1,혜택·대학생 특화형,3.4832447675880696,31.565217391304337,1.1019
291898,1,혜택·대학생 특화형,4.653227480941871,103.923076923077,4.1081
292258,0,일반·범용 모집형,5.6032922348103344,270.3181818181819,4.8091
288206,1,혜택·대학생 특화형,3.4805405440116064,31.477272727272734,2.8881
291667,1,혜택·대학생 특화형,4.843202349796052,125.87500000000007,2.0854
291751,1,혜택·대학생 특화형,2.9714395809849465,18.520000000000003,1.5119
293664,1,혜택·대학생 특화형,4.323304498857751,74.43750000000004,3.1066
294295,1,혜택·대학생 특화형,4.517249304615621,90.58333333333336,4.2318
294487,1,혜택·대학생 특화형,2.0447559836919456,6.727272727272725,0.0
296851,0,일반·범용 모집형,3.308106958596143,26.333333333333318,0.0
294409,1,혜택·대학생 특화형,5.043921271729722,154.07692307692307,4.4433
229741,1,혜택·대학생 특화형,1.2419227539425028,2.4622641509433953,1.5326
293356,1,혜택·대학생 특화형,2.467393067295292,10.791666666666666,1.5444
290427,0,일반·범용 모집형,3.351497713109883,27.545454545454547,2.4202
292747,1,혜택·대학생 특화형,3.601868077124306,35.66666666666665,2.4922
294791,1,혜택·대학생 특화형,2.766890701125144,14.909090909090914,3.6585
279676,1,혜택·대학생 특화형,3.6478033622730415,37.39024390243905,1.5329
289051,1,혜택·대학생 특화형,4.967495801435638,142.66666666666669,4.3118
295063,1,혜택·대학생 특화형,4.462069342347418,85.66666666666663,4.572
292820,1,혜택·대학생 특화형,7.262803901176285,1425.2499999999989,3.9362
292276,1,혜택·대학생 특화형,5.879834418436561,356.75000000000017,4.847
278152,1,혜택·대학생 특화형,3.279422874186633,25.560439560439566,1.7627
294245,0,일반·범용 모집형,4.451019506160834,84.71428571428578,3.457
295787,1,혜택·대학생 특화형,4.558378024481333,94.42857142857146,3.6309
296377,1,혜택·대학생 특화형,4.623991940228678,100.8999999999999,3.2706
292757,0,일반·범용 모집형,3.80029304148484,43.714285714285715,3.7037
292783,0,일반·범용 모집형,3.214867803470661,23.899999999999977,0.6276
292858,0,일반·범용 모집형,4.227181269163944,67.52380952380949,2.5388
295817,1,혜택·대학생 특화형,4.741198458811201,113.57142857142858,5.283
296480,0,일반·범용 모집형,4.806749559386461,121.33333333333334,1.6484
296853,1,혜택·대학생 특화형,4.9459189793765646,139.6,1.7192
294695,1,혜택·대학생 특화형,4.7489374741719255,114.4615384615385,5.7796
277672,1,혜택·대학생 특화형,2.4608090982089394,10.71428571428571,4.1026
292342,1,혜택·대학생 특화형,5.022940229286634,150.8571428571428,4.7033
294635,1,혜택·대학생 특화형,5.394675947636578,219.23076923076925,4.9123
294985,0,일반·범용 모집형,4.58418224109587,96.92307692307692,3.8095
295037,1,혜택·대학생 특화형,5.851483830803553,346.7500000000003,3.2925
295191,1,혜택·대학생 특화형,4.569543008344941,95.50000000000009,4.1885
296309,1,혜택·대학생 특화형,4.9608446295932405,141.71428571428575,3.3266
297484,0,일반·범용 모집형,3.012261575505202,19.33333333333334,0.0
293791,1,혜택·대학생 특화형,6.397762641520038,599.5,2.3115
288114,1,혜택·대학생 특화형,2.2136376069775494,8.148936170212766,1.0444
292887,1,혜택·대학생 특화형,4.548347850121395,93.47619047619048,2.0886
292295,1,혜택·대학생 특화형,3.9460527540144574,50.73076923076923,3.4117
295072,1,혜택·대학생 특화형,5.337168188814911,206.92307692307702,3.7175
295900,1,혜택·대학생 특화형,4.528681760424353,91.63636363636355,3.6706
296132,1,혜택·대학생 특화형,3.8259203063747353,44.87500000000004,1.1142
297474,0,일반·범용 모집형,4.448516375942714,84.49999999999996,1.4793
292961,1,혜택·대학생 특화형,2.632231364544859,12.90476190476191,1.476
293024,1,혜택·대학생 특화형,3.026215290279067,19.619047619047624,1.2136
294884,1,혜택·대학생 특화형,3.164067588373206,22.66666666666667,1.7647
296289,1,혜택·대학생 특화형,4.991282565580441,146.12500000000006,4.6193
296422,1,혜택·대학생 특화형,5.544060749779487,254.71428571428572,3.926
291394,1,혜택·대학생 특화형,4.225230181450173,67.39024390243902,4.3793
294545,1,혜택·대학생 특화형,7.070044182025857,1175.2000000000014,4.5609
295103,1,혜택·대학생 특화형,7.733428138272552,2282.416666666669,3.3882
293499,1,혜택·대학생 특화형,5.455605975066223,233.06666666666678,4.9771
287080,1,혜택·대학생 특화형,4.065837494295774,57.313725490196056,2.5316
231005,1,혜택·대학생 특화형,1.162756410273848,2.1987381703470033,2.439
278109,1,혜택·대학생 특화형,1.1349799328389845,2.1111111111111107,1.0526
294081,1,혜택·대학생 특화형,3.3426539260495445,27.294117647058805,2.3707
294238,1,혜택·대학생 특화형,4.725172978382787,111.74999999999991,5.0895
291360,1,혜택·대학생 특화형,3.9345265121514585,50.13793103448278,4.8143
293677,1,혜택·대학생 특화형,3.600910681167979,35.63157894736842,3.5451
294345,0,일반·범용 모집형,3.449987545831588,30.50000000000002,1.0246
295593,1,혜택·대학생 특화형,6.385194398997726,592.0000000000002,3.2376
297972,1,혜택·대학생 특화형,3.3945083935113587,28.799999999999997,0.6944
292784,1,혜택·대학생 특화형,3.084824816747445,20.863636363636356,1.7429
293342,1,혜택·대학생 특화형,4.998562712861986,147.19999999999993,0.6793
293369,1,혜택·대학생 특화형,4.77832285255635,117.9047619047619,2.0598
293507,1,혜택·대학생 특화형,4.617098756853365,100.2,3.8423
294135,1,혜택·대학생 특화형,3.227725440145183,24.222222222222214,5.3517
294485,1,혜택·대학생 특화형,3.362976168841958,27.87500000000001,2.9148
294887,1,혜택·대학생 특화형,4.061673779932552,57.071428571428584,3.8798
295594,1,혜택·대학생 특화형,3.929371643762759,49.874999999999986,1.5038
287382,1,혜택·대학생 특화형,6.518586658840864,676.6199999999992,3.2337
293439,1,혜택·대학생 특화형,5.756401279055968,315.2083333333336,4.7191
293441,1,혜택·대학생 특화형,5.3433305656867605,208.20833333333346,4.8629
293635,1,혜택·대학생 특화형,3.3046165536563743,26.238095238095223,3.2668
278583,1,혜택·대학생 특화형,2.777384894503274,15.076923076923077,0.4373
290407,0,일반·범용 모집형,4.0004298047593965,53.621621621621614,2.873
292146,1,혜택·대학생 특화형,3.578361629448965,34.81481481481481,4.5745
292753,1,혜택·대학생 특화형,5.430108114694775,227.17391304347822,1.7608
293454,0,일반·범용 모집형,2.293452609430773,8.909090909090905,0.0
294268,1,혜택·대학생 특화형,4.755110333279006,115.17647058823532,2.7579
295258,0,일반·범용 모집형,4.004732403532413,53.857142857142854,3.9788
296105,1,혜택·대학생 특화형,4.383275854074314,79.10000000000002,2.1492
297026,0,일반·범용 모집형,6.35437004079735,573.9999999999997,4.3554
297473,0,일반·범용 모집형,4.392389421709428,79.83333333333331,3.5491
294940,1,혜택·대학생 특화형,3.3344341655024734,27.06250000000001,1.1547
295584,0,일반·범용 모집형,4.9339203765153945,137.923076923077,4.2387
297914,0,일반·범용 모집형,4.31303376318693,73.66666666666669,0.0
292390,1,혜택·대학생 특화형,6.476266985964736,648.5416666666673,4.1118
293034,1,혜택·대학생 특화형,3.987611362752302,52.925925925925924,1.3996
293485,1,혜택·대학생 특화형,3.0163515607567266,19.416666666666664,3.0043
294050,1,혜택·대학생 특화형,3.249966411938232,24.789473684210535,2.1231
295486,1,혜택·대학생 특화형,4.348125082998201,76.33333333333337,1.2227
296251,1,혜택·대학생 특화형,3.1957534074473464,23.428571428571423,2.1341
296976,1,혜택·대학생 특화형,3.6888794541139376,39.00000000000005,1.8315
233482,1,혜택·대학생 특화형,3.1779167595506643,22.99671052631579,2.6892
289733,0,일반·범용 모집형,3.951243718581428,51.000000000000036,6.3492
229335,1,혜택·대학생 특화형,1.1249295969854831,2.08,1.7751
225868,1,혜택·대학생 특화형,0.8951383568689284,1.447674418604651,1.4056
296478,1,혜택·대학생 특화형,5.182906515036708,177.1999999999999,3.7246
278970,0,일반·범용 모집형,2.4494882225844576,10.582417582417582,3.2191
295082,0,일반·범용 모집형,2.3211614785669807,9.187499999999996,1.3605
296326,1,혜택·대학생 특화형,5.296315363877364,198.60000000000002,2.6687
296518,1,혜택·대학생 특화형,4.469350462845556,86.29999999999995,3.3604
278848,1,혜택·대학생 특화형,3.6462242785120207,37.32967032967035,1.3541
295190,1,혜택·대학생 특화형,4.842796587972671,125.82352941176465,5.6568
297591,1,혜택·대학생 특화형,5.547128664610824,255.49999999999994,1.7613
297852,1,혜택·대학생 특화형,4.499809670330265,89.0,2.2472
278869,1,혜택·대학생 특화형,2.9432815716298286,17.978021978021978,0.978
295508,1,혜택·대학생 특화형,5.148551000947652,171.18181818181802,3.4519
295652,1,혜택·대학생 특화형,3.0713696877596117,20.571428571428587,2.0833
295721,1,혜택·대학생 특화형,5.177689378759422,176.27272727272728,4.0743
296352,1,혜택·대학생 특화형,5.19184512203752,178.80000000000007,4.0268
297933,1,혜택·대학생 특화형,4.513602992462601,90.24999999999999,1.108
254368,1,혜택·대학생 특화형,1.474930433836522,3.3707317073170717,0.7236
294131,1,혜택·대학생 특화형,5.882858028136308,357.83333333333337,5.0536
288091,1,혜택·대학생 특화형,3.6625556098274905,37.96078431372547,2.4277
291511,0,일반·범용 모집형,4.073935690590893,57.78787878787878,2.0451
292157,1,혜택·대학생 특화형,3.4080702609499176,29.206896551724142,2.4793
292470,1,혜택·대학생 특화형,2.946316913990641,18.035714285714292,0.198
292596,0,일반·범용 모집형,2.684793338937943,13.655172413793107,2.7778
293873,1,혜택·대학생 특화형,4.467821994836868,86.16666666666666,4.2553
295061,1,혜택·대학생 특화형,3.1507229366309746,22.352941176470594,1.8421
295589,0,일반·범용 모집형,6.815274426187972,910.6666666666664,2.5256
295811,1,혜택·대학생 특화형,3.888413139789012,47.83333333333331,2.9036
296110,1,혜택·대학생 특화형,3.1675825304806517,22.750000000000036,2.9304
296723,1,혜택·대학생 특화형,4.915102867374692,135.33333333333334,1.2808
297480,1,혜택·대학생 특화형,3.62766872306904,36.625000000000014,1.0239
297917,1,혜택·대학생 특화형,3.594568774642694,35.39999999999997,0.0
298605,1,혜택·대학생 특화형,4.747826486389615,114.33333333333334,2.6239
294127,1,혜택·대학생 특화형,7.348485920400655,1552.8421052631588,3.8876
297719,1,혜택·대학생 특화형,7.372495078552773,1590.599999999999,3.3824
292217,1,혜택·대학생 특화형,3.481770452646983,31.517241379310327,3.1729
292485,1,혜택·대학생 특화형,4.782028126426898,118.3461538461538,4.3549
293950,1,혜택·대학생 특화형,2.686609869864341,13.681818181818183,0.3322
295074,1,혜택·대학생 특화형,3.063940523580525,20.41176470588236,3.4582
295306,1,혜택·대학생 특화형,4.362302129326103,77.43750000000001,4.1162
295806,0,일반·범용 모집형,4.513602992462601,90.24999999999999,4.8015
296380,1,혜택·대학생 특화형,4.356708826689592,77.0,4.9587
296568,0,일반·범용 모집형,2.26176309847379,8.599999999999996,2.3256
296728,0,일반·범용 모집형,2.6315101239798757,12.894736842105264,1.6327
297309,0,일반·범용 모집형,3.5695326964813696,34.499999999999986,1.9324
297651,1,혜택·대학생 특화형,5.333684510385328,206.19999999999993,1.5519
220512,1,혜택·대학생 특화형,4.044896286808119,56.10526315789471,1.0319
284714,1,혜택·대학생 특화형,1.9204715754166288,5.824175824175825,1.1321
284716,0,일반·범용 모집형,1.82242012162284,5.186813186813184,1.4831
289951,0,일반·범용 모집형,3.317815772723104,26.599999999999994,1.2218
291499,0,일반·범용 모집형,2.997293554120944,19.031250000000007,0.821
293314,1,혜택·대학생 특화형,3.239831190044189,24.529411764705888,1.199
293815,1,혜택·대학생 특화형,5.166523593822054,174.30434782608688,3.7416
293869,1,혜택·대학생 특화형,3.1203296456301053,21.653846153846168,0.8881
295035,1,혜택·대학생 특화형,3.001597393006389,19.11764705882353,1.2308
295404,0,일반·범용 모집형,2.671847152438249,13.466666666666663,0.9901
295912,0,일반·범용 모집형,2.9873640238834747,18.83333333333334,1.7699
295984,1,혜택·대학생 특화형,4.881719085447538,130.85714285714278,3.6026
296403,1,혜택·대학생 특화형,5.015069891164122,149.66666666666669,3.2294
297210,1,혜택·대학생 특화형,2.955458374416051,18.210526315789476,4.0462
299004,0,일반·범용 모집형,2.415913778301049,10.200000000000003,0.0
297516,1,혜택·대학생 특화형,4.2801323269925415,71.25,2.4561
289343,1,혜택·대학생 특화형,2.8423220602544563,16.155555555555555,0.4127
293316,1,혜택·대학생 특화형,4.733833981830995,112.7307692307692,4.06
294646,0,일반·범용 모집형,2.907763500608034,17.31578947368421,1.5198
295462,1,혜택·대학생 특화형,2.94996385509841,18.105263157894733,2.3256
295669,1,혜택·대학생 특화형,4.927810943460842,137.07692307692298,5.3872
297479,1,혜택·대학생 특화형,4.201370357198988,65.7777777777778,2.1959
297788,0,일반·범용 모집형,4.930542080096791,137.45454545454547,2.1825
295185,1,혜택·대학생 특화형,4.440572973788679,83.8235294117648,5.5439
282343,1,혜택·대학생 특화형,2.7231258635076574,14.227848101265822,3.1139
289342,1,혜택·대학생 특화형,2.3545448319247564,9.53333333333333,0.2331
289432,1,혜택·대학생 특화형,3.493810324497479,31.91111111111111,3.2033
289461,1,혜택·대학생 특화형,2.790456976070627,15.288461538461537,2.1384
289835,1,혜택·대학생 특화형,2.720377013582869,14.186046511627914,1.4754
293200,1,혜택·대학생 특화형,2.3832429960115005,9.840000000000003,3.252
293381,1,혜택·대학생 특화형,4.149069461911347,62.375,4.4088
294568,1,혜택·대학생 특화형,3.289845236336063,25.83870967741937,2.1223
295653,1,혜택·대학생 특화형,1.8718021769015916,5.500000000000001,1.1364
297082,1,혜택·대학생 특화형,4.287293211590342,71.76923076923079,1.3934
297907,0,일반·범용 모집형,4.928460685907241,137.16666666666674,1.5796
295588,1,혜택·대학생 특화형,4.383496142653241,79.11764705882351,4.0149
296845,1,혜택·대학생 특화형,4.953904596259404,140.72727272727246,5.6848
292497,0,일반·범용 모집형,4.754164738665979,115.0666666666667,3.3604
282081,1,혜택·대학생 특화형,2.9137084380754,17.424999999999997,1.1478
291489,0,일반·범용 모집형,2.5961322848982245,12.41176470588235,2.6066
291885,1,혜택·대학생 특화형,4.44606099648643,84.29032258064514,4.669
292077,1,혜택·대학생 특화형,3.736787395023677,40.96296296296295,0.8137
292824,0,일반·범용 모집형,2.7416264966358144,14.512195121951219,0.1681
293004,0,일반·범용 모집형,2.6338171429517026,12.926829268292686,0.7547
293162,1,혜택·대학생 특화형,2.9402195636237334,17.920000000000023,5.1339
293219,1,혜택·대학생 특화형,4.112763628515234,60.115384615384606,4.6705
293289,1,혜택·대학생 특화형,4.552316220195196,93.8518518518518,3.3149
293570,1,혜택·대학생 특화형,3.764102875351524,42.12500000000001,6.4293
293573,1,혜택·대학생 특화형,3.679460232197445,38.625000000000014,5.9331
293575,1,혜택·대학생 특화형,3.987439644712901,52.91666666666671,5.8268
294708,0,일반·범용 모집형,3.284072024424743,25.684210526315802,0.2049
296846,0,일반·범용 모집형,5.1384686656061405,169.4545454545454,4.4528
296856,0,일반·범용 모집형,3.351497713109883,27.545454545454547,1.9802
297041,1,혜택·대학생 특화형,5.975765028996047,392.7692307692311,4.955
297192,1,혜택·대학생 특화형,5.628020714095555,277.11111111111126,5.5333
295525,1,혜택·대학생 특화형,3.5481795720108007,33.749999999999986,2.2222
293656,0,일반·범용 모집형,4.635505385784164,102.07999999999996,5.7994
279424,0,일반·범용 모집형,2.517341925541154,11.395604395604394,1.0608
294185,1,혜택·대학생 특화형,4.693965684771222,108.28571428571426,1.759
295460,0,일반·범용 모집형,4.039950490156302,55.82352941176473,0.4215
295748,1,혜택·대학생 특화형,4.712100896815434,110.28571428571416,4.2098
295790,1,혜택·대학생 특화형,5.202042435806861,180.6428571428572,4.8636
295798,1,혜택·대학생 특화형,3.7595376049199487,41.928571428571416,4.2589
296108,0,일반·범용 모집형,4.211068836530242,66.42857142857146,1.828
296414,1,혜택·대학생 특화형,4.336787849195037,75.46153846153845,2.2426
297640,1,혜택·대학생 특화형,4.197885241162941,65.54545454545452,0.8322
297786,0,일반·범용 모집형,4.666578814116735,105.33333333333337,2.6899
297840,1,혜택·대학생 특화형,4.460969837014001,85.57142857142854,2.0033
298741,1,혜택·대학생 특화형,2.3933394562625097,9.949999999999998,1.005
271602,1,혜택·대학생 특화형,7.035897174322221,1135.714285714285,3.522
293116,0,일반·범용 모집형,2.9975163953474926,19.03571428571429,0.7505
294452,1,혜택·대학생 특화형,3.656208671824387,37.714285714285694,1.8939
295911,0,일반·범용 모집형,3.102933199879837,21.26315789473683,1.7327
296689,0,일반·범용 모집형,4.213361404327412,66.58333333333331,1.7522
297207,1,혜택·대학생 특화형,4.534390003927045,92.16666666666671,4.0687
293916,1,혜택·대학생 특화형,7.198432860413714,1336.33333333333,3.118
299077,1,혜택·대학생 특화형,2.251291798606495,8.499999999999996,0.8403
292572,1,혜택·대학생 특화형,4.25814243542736,69.67857142857132,5.4844
294926,1,혜택·대학생 특화형,5.404335560624834,221.36842105263167,4.0181
295592,1,혜택·대학생 특화형,5.5557243088281,257.7142857142856,3.714
295854,1,혜택·대학생 특화형,4.171085120499878,63.785714285714306,5.2632
296293,1,혜택·대학생 특화형,3.463329162769161,30.92307692307691,1.99
296655,1,혜택·대학생 특화형,3.937412239432966,50.285714285714306,4.5455
297931,1,혜택·대학생 특화형,3.301113923105173,26.142857142857153,2.1858
298746,0,일반·범용 모집형,3.352407217492724,27.571428571428594,1.0363
295800,1,혜택·대학생 특화형,5.960268691339501,386.7142857142858,4.9871
294730,1,혜택·대학생 특화형,5.05783689558055,156.25000000000003,2.272
296067,1,혜택·대학생 특화형,7.299485467810888,1478.5384615384573,5.1298
253068,1,혜택·대학생 특화형,1.5732779310196567,3.822429906542057,2.445
296781,1,혜택·대학생 특화형,4.7334957440466106,112.69230769230772,4.3003
263850,1,혜택·대학생 특화형,2.3318496477713517,9.2969696969697,1.3038
294151,1,혜택·대학생 특화형,3.685464539013867,38.86363636363635,1.4035
294254,0,일반·범용 모집형,3.1195576236663376,21.636363636363647,3.7815
296824,1,혜택·대학생 특화형,5.082359474894701,160.15384615384605,3.0259
289227,0,일반·범용 모집형,4.715030765236147,110.61224489795927,5.6458
290527,1,혜택·대학생 특화형,2.6079667425452278,12.571428571428575,2.6515
292109,1,혜택·대학생 특화형,4.638060810182067,102.34375000000004,6.5344
293389,0,일반·범용 모집형,2.9094199528668594,17.34615384615385,0.8869
294312,1,혜택·대학생 특화형,2.7466879938076243,14.590909090909095,2.1807
296315,1,혜택·대학생 특화형,4.717222546935489,110.8571428571428,3.4149
298462,0,일반·범용 모집형,4.704604082976278,109.45454545454542,2.4917
294515,1,혜택·대학생 특화형,3.639975647123767,37.09090909090909,3.4314
294264,1,혜택·대학생 특화형,3.0972216697242736,21.13636363636363,2.1505
294359,1,혜택·대학생 특화형,4.051784947803305,56.5,5.2293
294821,1,혜택·대학생 특화형,4.266695946696205,70.28571428571428,5.6233
297285,1,혜택·대학생 특화형,5.719491768361381,303.7500000000001,5.3498
297771,0,일반·범용 모집형,5.749790995863757,313.12500000000017,5.0699
294962,1,혜택·대학생 특화형,6.6301555418718685,756.6,2.9166
296933,1,혜택·대학생 특화형,2.723317673232999,14.230769230769237,0.5405
237698,1,혜택·대학생 특화형,1.113546512236237,2.0451388888888884,1.1885
293588,1,혜택·대학생 특화형,3.993773655446839,53.25925925925928,5.7719
295901,1,혜택·대학생 특화형,3.4578927253387004,30.749999999999993,4.065
295384,1,혜택·대학생 특화형,4.286848025161175,71.73684210526321,3.2282
296358,1,혜택·대학생 특화형,5.040409822797487,153.5333333333334,4.7764
294775,1,혜택·대학생 특화형,3.109466720684374,21.4090909090909,2.1231
294169,1,혜택·대학생 특화형,2.682074714698949,13.61538461538461,1.6949
296692,1,혜택·대학생 특화형,6.223034038736264,503.23076923076957,4.1883
298034,1,혜택·대학생 특화형,4.698458120411648,108.77777777777776,4.1879
295453,1,혜택·대학생 특화형,5.086309499383721,160.79166666666654,3.9129
296852,1,혜택·대학생 특화형,3.0975149678639333,21.142857142857142,1.0135
297800,0,일반·범용 모집형,3.537329555986735,33.374999999999986,5.2434
298602,1,혜택·대학생 특화형,4.140864577856994,61.85714285714288,2.5404
295986,1,혜택·대학생 특화형,4.291315239232287,72.06250000000001,3.4692
296027,1,혜택·대학생 특화형,5.4505018289217535,231.87500000000023,5.4717
297475,0,일반·범용 모집형,2.6390573296152584,12.999999999999996,0.641
296711,0,일반·범용 모집형,4.131732094293722,61.28571428571433,8.3916
297029,0,일반·범용 모집형,6.7150196838393095,823.6999999999998,2.8469
298027,1,혜택·대학생 특화형,4.223177434065069,67.24999999999999,5.855
292269,1,혜택·대학생 특화형,3.3733625826687126,28.17647058823533,4.1754
292491,1,혜택·대학생 특화형,3.2613878191055545,25.08571428571428,3.5308
292610,1,혜택·대학생 특화형,3.139013281144345,22.08108108108107,3.06
269142,1,혜택·대학생 특화형,2.671008929421861,13.454545454545453,2.2869
280245,0,일반·범용 모집형,2.040220828526555,6.692307692307696,1.1494
294839,1,혜택·대학생 특화형,2.227077540485901,8.272727272727277,0.0
295949,1,혜택·대학생 특화형,5.85846211508823,349.18518518518556,4.9109
300002,0,일반·범용 모집형,3.7495040759303713,41.50000000000001,0.9036
293833,1,혜택·대학생 특화형,4.276666119016055,71.0,5.686
297284,1,혜택·대학생 특화형,4.1220813171937,60.6875,2.5747
292122,1,혜택·대학생 특화형,4.022221797726221,54.824999999999974,5.5632
223946,1,혜택·대학생 특화형,0.903394562116802,1.467966573816156,2.6565
297378,0,일반·범용 모집형,2.6479462770325046,13.125,0.9524
295481,1,혜택·대학생 특화형,3.070164868336761,20.54545454545455,2.8761
296205,1,혜택·대학생 특화형,3.44905340283979,30.470588235294105,1.3514
297710,0,일반·범용 모집형,3.4571766494040563,30.72727272727272,1.4793
297743,1,혜택·대학생 특화형,3.1226240254086144,21.705882352941167,2.168
298184,1,혜택·대학생 특화형,4.112044139321502,60.07142857142859,2.7348
299000,0,일반·범용 모집형,5.045266738065896,154.2857142857143,2.7778
299230,1,혜택·대학생 특화형,3.129263666178514,21.85714285714287,0.6536
299679,1,혜택·대학생 특화형,4.22683374526818,67.5,1.4815
297306,1,혜택·대학생 특화형,6.056344806721307,425.8124999999995,4.8437
280536,1,혜택·대학생 특화형,3.951877499103329,51.03296703296705,1.6581
294498,1,혜택·대학생 특화형,3.872935616720099,47.08333333333332,2.1239
295608,1,혜택·대학생 특화형,3.077970371790963,20.71428571428571,0.4598
296945,1,혜택·대학생 특화형,2.9628444067091557,18.352941176470587,3.5256
297903,1,혜택·대학생 특화형,4.991668680879264,146.18181818181807,2.4254
298042,0,일반·범용 모집형,2.3573099926832928,9.562500000000005,1.3072
295802,1,혜택·대학생 특화형,5.662574603225891,286.88888888888897,5.9063
294074,0,일반·범용 모집형,4.231515158239163,67.82142857142861,3.1596
294075,0,일반·범용 모집형,2.7104283235071773,14.035714285714283,1.5267
294249,0,일반·범용 모집형,3.602567133426804,35.69230769230767,4.3103
296117,1,혜택·대학생 특화형,3.9256144326316855,49.68421052631581,2.6483
297804,1,혜택·대학생 특화형,4.695924549256556,108.5,3.9171
298064,1,혜택·대학생 특화형,4.184129866094456,64.63636363636367,5.0633
298065,1,혜택·대학생 특화형,4.678758542645581,106.63636363636371,4.8593
299005,0,일반·범용 모집형,2.9915569021435107,18.91666666666667,1.3216
293814,1,혜택·대학생 특화형,3.047801129185121,20.068965517241374,2.921
295642,0,일반·범용 모집형,2.64229882353943,13.045454545454549,0.6969
296106,1,혜택·대학생 특화형,2.860695989750048,16.47368421052631,3.1949
296479,1,혜택·대학생 특화형,5.0960079021366695,162.36842105263167,3.5656
296843,1,혜택·대학생 특화형,4.9109232835717735,134.76470588235287,5.4998
297908,1,혜택·대학생 특화형,4.924229794132128,136.58333333333331,2.4405
295014,1,혜택·대학생 특화형,3.881563797943438,47.500000000000014,3.6842
295771,1,혜택·대학생 특화형,3.562838733218572,34.263157894736864,1.2289
297049,1,혜택·대학생 특화형,3.1170179397615763,21.578947368421048,2.6829
297761,0,일반·범용 모집형,4.542629667513193,92.93749999999997,4.6402
297928,0,일반·범용 모집형,2.058388132482004,6.833333333333336,0.0
299682,0,일반·범용 모집형,5.088830141681313,161.20000000000002,3.9702
299840,1,혜택·대학생 특화형,4.342624086807853,75.90909090909093,3.7126
292320,1,혜택·대학생 특화형,2.93119375241642,17.750000000000007,2.8169
295005,1,혜택·대학생 특화형,3.026294923964158,19.620689655172423,3.8664
296103,1,혜택·대학생 특화형,3.848017675452233,45.89999999999996,4.3573
296630,0,일반·범용 모집형,1.850599969250989,5.363636363636367,0.0
296693,1,혜택·대학생 특화형,3.5967164905380566,35.478260869565226,2.5735
300024,1,혜택·대학생 특화형,4.063885354737392,57.20000000000001,2.7972
295599,1,혜택·대학생 특화형,3.677950383581746,38.565217391304344,1.3529
300366,1,혜택·대학생 특화형,4.056123349401903,56.75000000000002,1.7621
296261,1,혜택·대학생 특화형,2.9106329430359867,17.36842105263158,3.9394
297476,1,혜택·대학생 특화형,1.7160476474923585,4.562499999999999,0.0
294361,1,혜택·대학생 특화형,4.1011117366166845,59.40740740740739,2.9302
277972,0,일반·범용 모집형,3.1591024889567274,22.549450549450558,3.0702
295777,1,혜택·대학생 특화형,4.836281906951478,125.0,3.6
298646,1,혜택·대학생 특화형,7.793115410987627,2422.8571428571454,4.0861
298444,0,일반·범용 모집형,5.540609736701007,253.8333333333332,7.0256
198293,1,혜택·대학생 특화형,4.0163830207523885,54.499999999999986,2.6212
291456,1,혜택·대학생 특화형,4.376142007228082,78.5306122448979,3.8981
293472,1,혜택·대학생 특화형,3.2700441114426004,25.312500000000007,5.1852
294003,1,혜택·대학생 특화형,3.4171977230085964,29.483870967741932,3.3917
296965,1,혜택·대학생 특화형,6.884705958304854,976.2142857142848,3.4463
297019,1,혜택·대학생 특화형,5.69421302364005,296.1428571428571,2.3637
297482,1,혜택·대학생 특화형,3.469405631688689,31.11764705882353,3.7807
298748,1,혜택·대학생 특화형,4.673378436014623,106.05882352941157,4.3816
299043,1,혜택·대학생 특화형,4.009149716158869,54.10000000000001,2.403
299509,1,혜택·대학생 특화형,5.360509386804485,211.83333333333346,4.0126
300200,1,혜택·대학생 특화형,3.6216707044204863,36.400000000000006,2.3077
300269,1,혜택·대학생 특화형,4.674696248636701,106.19999999999997,2.0716
300578,1,혜택·대학생 특화형,1.949983474442949,6.028571428571428,3.3175
282847,0,일반·범용 모집형,4.802127702419475,120.76923076923073,0.828
295269,1,혜택·대학생 특화형,4.2358441244958,68.11999999999996,3.6994
297144,1,혜택·대학생 특화형,5.254307425551594,190.3888888888888,4.1144
297460,1,혜택·대학생 특화형,3.910969819443488,48.94736842105265,2.9032
298056,1,혜택·대학생 특화형,5.3440416110956335,208.35714285714278,4.9023
298177,0,일반·범용 모집형,4.3130337631869295,73.66666666666661,3.9216
298305,0,일반·범용 모집형,2.9400433676934026,17.91666666666667,0.4651
298688,1,혜택·대학생 특화형,3.851160260024444,46.047619047619,3.8263
299135,1,혜택·대학생 특화형,3.230804395733475,24.300000000000008,0.4115
299381,1,혜택·대학생 특화형,4.430816798843314,83.00000000000006,3.0981
299872,1,혜택·대학생 특화형,5.131869158910372,168.3333333333333,3.3663
300695,1,혜택·대학생 특화형,5.424950017481402,225.99999999999986,2.4336
295729,1,혜택·대학생 특화형,5.122545740617814,166.76190476190465,4.4546
297308,0,일반·범용 모집형,5.384736462910962,217.05263157894754,5.3589
299116,1,혜택·대학생 특화형,4.695163224514795,108.41666666666659,4.6887
297605,1,혜택·대학생 특화형,7.487253723024153,1784.1428571428562,3.8033
295859,1,혜택·대학생 특화형,7.745518028422905,2310.1904761904784,3.0383
281133,1,혜택·대학생 특화형,2.7333680090865,14.384615384615385,2.8266
293633,1,혜택·대학생 특화형,4.681841833402043,106.9687499999999,5.7552
295065,1,혜택·대학생 특화형,4.921663955678417,136.23076923076908,6.4088
297471,0,일반·범용 모집형,4.450234884700415,84.6470588235294,3.1967
298029,0,일반·범용 모집형,3.9272904775589343,49.76923076923076,4.0185
298186,1,혜택·대학생 특화형,4.695573240628314,108.4615384615383,4.3972
298421,1,혜택·대학생 특화형,5.333753454506145,206.2142857142857,0.866
301272,1,혜택·대학생 특화형,3.353406717825808,27.600000000000026,1.4493
295345,1,혜택·대학생 특화형,3.518091133133655,32.720000000000006,3.6675
296623,1,혜택·대학생 특화형,3.600243381397305,35.607142857142875,4.4132
296733,1,혜택·대학생 특화형,3.576550269140017,34.750000000000014,3.0216
300582,1,혜택·대학생 특화형,3.820455811902656,44.62500000000003,4.4818
298035,0,일반·범용 모집형,2.940672496370964,17.928571428571438,1.1952
298151,1,혜택·대학생 특화형,4.074141854904582,57.80000000000003,5.1038
298406,1,혜택·대학생 특화형,2.815907596958624,15.70833333333334,1.061
298418,1,혜택·대학생 특화형,3.402431188111084,29.03703703703704,0.3827
299326,1,혜택·대학생 특화형,3.801091444720864,43.749999999999986,2.2857
300363,0,일반·범용 모집형,3.4339872044851467,30.000000000000014,2.2222
297749,1,혜택·대학생 특화형,3.83008962266546,45.066666666666684,2.6627
295465,1,혜택·대학생 특화형,6.911906650104614,1003.1600000000008,3.8837
281653,0,일반·범용 모집형,1.2667928167058062,2.5494505494505484,0.0
296854,1,혜택·대학생 특화형,3.1208954165079974,21.666666666666675,0.8791
299051,1,혜택·대학생 특화형,4.222654010865472,67.21428571428577,2.1254
301042,0,일반·범용 모집형,4.891851758106289,132.20000000000002,2.2693
296228,1,혜택·대학생 특화형,2.469639177657212,10.81818181818182,3.7815
296644,1,혜택·대학생 특화형,3.423176288380931,29.666666666666675,3.3708
296726,0,일반·범용 모집형,4.061263691757849,57.04761904761905,2.0033
296997,1,혜택·대학생 특화형,3.6489628467084936,37.43478260869565,4.065
298242,1,혜택·대학생 특화형,4.430816798843314,83.00000000000006,2.8916
298965,1,혜택·대학생 특화형,3.5634781875726644,34.285714285714306,3.3333
299227,0,일반·범용 모집형,3.676300671907076,38.5,4.7619
299936,1,혜택·대학생 특화형,4.762173934797755,115.99999999999991,4.4181
300725,1,혜택·대학생 특화형,4.990999319579397,146.08333333333337,5.077
301337,0,일반·범용 모집형,5.295312857527739,198.40000000000012,2.5202
298153,1,혜택·대학생 특화형,5.955146284433871,384.73333333333363,4.3493
294267,1,혜택·대학생 특화형,3.4011973816621555,29.000000000000004,2.2989
296231,1,혜택·대학생 특화형,2.0963433524824397,7.136363636363642,0.6369
297910,0,일반·범용 모집형,3.15166707517475,22.37499999999999,3.6313
299242,0,일반·범용 모집형,3.0445224377234226,19.99999999999999,0.0
300364,1,혜택·대학생 특화형,3.071369687759611,20.571428571428566,0.0
295940,1,혜택·대학생 특화형,5.727745917626245,306.27586206896524,5.2578
296805,1,혜택·대학생 특화형,3.539992673406219,33.46666666666667,1.5936
297243,1,혜택·대학생 특화형,4.676094524324791,106.35000000000007,3.15
298546,0,일반·범용 모집형,4.750712491278749,114.66666666666664,1.5988
298604,1,혜택·대학생 특화형,4.256085411316034,69.5333333333333,3.931
298608,1,혜택·대학생 특화형,3.598225085845806,35.533333333333346,3.7523
295246,0,일반·범용 모집형,3.862982810003505,46.60714285714286,3.4483
297033,0,일반·범용 모집형,4.854743969791214,127.34782608695653,5.0188
297095,1,혜택·대학생 특화형,4.071871706370042,57.66666666666668,4.1288
298452,1,혜택·대학생 특화형,3.385197040315714,28.52380952380952,2.8381
299228,1,혜택·대학생 특화형,3.298681818136562,26.076923076923116,2.6549
299074,1,혜택·대학생 특화형,4.722611282848187,111.46153846153848,2.5535
296076,1,혜택·대학생 특화형,4.31864686221753,74.08695652173918,4.9883
296573,1,혜택·대학생 특화형,7.4155308013691,1660.590909090909,3.6132
292674,0,일반·범용 모집형,2.6921347457963103,13.763157894736839,1.7208
295397,1,혜택·대학생 특화형,4.693638833975699,108.24999999999996,5.0038
296291,0,일반·범용 모집형,3.2532772515855326,24.874999999999986,3.0151
298372,0,일반·범용 모집형,3.619328391152821,36.31250000000001,6.0241
298407,1,혜택·대학생 특화형,3.796237972434436,43.53333333333335,0.3063
298424,1,혜택·대학생 특화형,3.62522942703748,36.533333333333324,1.2774
298827,1,혜택·대학생 특화형,6.222576268071369,503.00000000000006,1.9549
282183,1,혜택·대학생 특화형,2.4370775620981187,10.439560439560438,1.4737
297477,1,혜택·대학생 특화형,2.868980567914847,16.619047619047613,2.2923
298765,1,혜택·대학생 특화형,2.9444389791664407,18.000000000000004,0.3472
299002,0,일반·범용 모집형,3.772760938094639,42.500000000000036,1.5126
301035,1,혜택·대학생 특화형,3.4293682586288514,29.857142857142847,0.9569
301043,0,일반·범용 모집형,3.7170503310806327,40.142857142857146,2.1352
301527,1,혜택·대학생 특화형,4.253245844807957,69.33333333333333,2.7244
294974,1,혜택·대학생 특화형,2.552464800799292,11.83870967741936,1.9074
295518,1,혜택·대학생 특화형,2.9444389791664407,18.000000000000004,2.381
301047,0,일반·범용 모집형,3.279836524657888,25.57142857142858,0.5587
302147,1,혜택·대학생 특화형,4.516338972281475,90.49999999999994,0.5525
290216,1,혜택·대학생 특화형,2.728355467262956,14.307692307692312,1.0753
295139,1,혜택·대학생 특화형,3.340788253866596,27.241379310344847,3.6709
296263,1,혜택·대학생 특화형,3.562181801067979,34.24,4.3224
297031,0,일반·범용 모집형,4.503841933858204,89.36363636363637,4.2726
298662,1,혜택·대학생 특화형,2.5336968139574325,11.600000000000003,1.7241
299563,1,혜택·대학생 특화형,4.710816375123078,110.1428571428571,1.751
295043,1,혜택·대학생 특화형,3.663561646129647,38.00000000000003,2.1053
298730,0,일반·범용 모집형,4.837415051548646,125.14285714285708,5.4224
299058,1,혜택·대학생 특화형,5.08965183441448,161.33333333333326,5.0413
297818,0,일반·범용 모집형,5.122710060743666,166.7894736842106,5.8694
295046,1,혜택·대학생 특화형,3.292246197873601,25.903225806451626,2.8643
295250,1,혜택·대학생 특화형,2.9094199528668594,17.34615384615385,1.5521
295255,1,혜택·대학생 특화형,3.3686212112275427,28.03846153846154,2.332
297546,1,혜택·대학생 특화형,2.1541650878757723,7.620689655172413,0.905
299161,1,혜택·대학생 특화형,3.467817069003551,31.066666666666663,1.9313
299352,0,일반·범용 모집형,3.9203218082428415,49.416666666666686,2.3609
299384,0,일반·범용 모집형,4.682902534528443,107.08333333333329,4.5914
299841,1,혜택·대학생 특화형,3.5263605246161616,33.00000000000001,3.0303
300615,1,혜택·대학생 특화형,3.816979456741252,44.466666666666654,2.8486
300825,0,일반·범용 모집형,3.555348061489414,34.00000000000001,1.7157
301553,1,혜택·대학생 특화형,5.2699178920263385,193.39999999999998,2.2751
290319,1,혜택·대학생 특화형,3.626243883122452,36.571428571428605,4.1667
293390,1,혜택·대학생 특화형,2.633248988019511,12.91891891891891,3.3473
294861,1,혜택·대학생 특화형,2.6086456291972357,12.580645161290331,1.5385
295442,1,혜택·대학생 특화형,2.8271095611181982,15.896551724137929,2.1692
295855,1,혜택·대학생 특화형,4.0617683917874885,57.07692307692311,3.841
297315,1,혜택·대학생 특화형,4.018837009713955,54.636363636363626,4.0765
297702,1,혜택·대학생 특화형,3.679626248633453,38.63157894736841,1.9074
300464,0,일반·범용 모집형,3.3410934575924505,27.250000000000014,2.4465
300586,1,혜택·대학생 특화형,3.0268228606240224,19.63157894736843,2.1448
301309,1,혜택·대학생 특화형,2.995732273553991,18.999999999999996,0.0
282459,1,혜택·대학생 특화형,3.757359373550656,41.835164835164825,3.2046
295704,1,혜택·대학생 특화형,3.439731045664398,30.178571428571423,1.0651
297470,0,일반·범용 모집형,2.481111578819449,10.954545454545459,2.4896
297779,1,혜택·대학생 특화형,3.705093447848756,39.653846153846175,3.0068
298500,1,혜택·대학생 특화형,3.391345085219144,28.705882352941185,2.459
298603,0,일반·범용 모집형,3.091042453358316,21.000000000000004,3.3613
299304,1,혜택·대학생 특화형,4.208131018193998,66.2307692307692,3.252
299922,1,혜택·대학생 특화형,2.6779727458649325,13.55555555555556,2.459
300168,0,일반·범용 모집형,6.637258031284457,761.9999999999999,5.5643
300575,1,혜택·대학생 특화형,4.135166556742355,61.499999999999964,4.4715
291484,1,혜택·대학생 특화형,2.9345215425090942,17.812499999999996,2.5731
295155,1,혜택·대학생 특화형,2.93762464274671,17.87096774193548,3.7906
295459,1,혜택·대학생 특화형,3.476098689835273,31.33333333333332,1.4894
295315,1,혜택·대학생 특화형,2.990881819420242,18.903225806451616,3.413
295688,1,혜택·대학생 특화형,3.4985952448969644,32.06896551724139,3.9785
297510,1,혜택·대학생 특화형,2.822460552279954,15.818181818181817,3.1609
298108,1,혜택·대학생 특화형,1.970242249714844,6.172413793103448,0.838
296542,1,혜택·대학생 특화형,2.668962812394163,13.424999999999997,3.5382
298146,0,일반·범용 모집형,3.488501113572739,31.736842105263158,1.8242
298449,1,혜택·대학생 특화형,3.609565647394211,35.95000000000001,2.6426
300151,0,일반·범용 모집형,2.9789251552376097,18.666666666666664,1.3393
296690,0,일반·범용 모집형,4.345881188037529,76.16000000000005,5.2521
291424,1,혜택·대학생 특화형,4.289340559912784,71.91836734693882,6.3564
294303,1,혜택·대학생 특화형,3.7651789007833263,42.17142857142859,3.8618
297208,1,혜택·대학생 특화형,5.030165553148889,151.95833333333334,4.1404
297455,0,일반·범용 모집형,3.15905732965729,22.548387096774185,2.8612
299305,1,혜택·대학생 특화형,3.907803589885438,48.78947368421054,3.452
299314,0,일반·범용 모집형,3.9422288474852114,50.53333333333331,0.9235
293947,1,혜택·대학생 특화형,2.432850287831947,10.391304347826084,0.8368
297422,1,혜택·대학생 특화형,4.931772445670531,137.625,2.4523
291972,1,혜택·대학생 특화형,6.204426001582927,493.93478260869557,5.0834
282610,1,혜택·대학생 특화형,3.0538975063888785,20.197802197802186,0.8161
297789,1,혜택·대학생 특화형,3.977453985348737,52.38095238095238,3.0909
297793,1,혜택·대학생 특화형,3.966691549626944,51.8095238095238,2.8493
299306,1,혜택·대학생 특화형,3.731384242468408,40.73684210526317,3.7468
299308,1,혜택·대학생 특화형,4.467548808112044,86.14285714285715,3.1509
301700,1,혜택·대학생 특화형,3.8694633910093503,46.91666666666668,2.3091
297334,1,혜택·대학생 특화형,6.44587097954005,629.0952380952385,4.3827
294454,1,혜택·대학생 특화형,6.6539181909495735,774.8181818181808,2.3661
282928,0,일반·범용 모집형,1.910762761289668,5.75824175824176,0.5725
294433,1,혜택·대학생 특화형,2.9957322735539917,19.000000000000014,3.609
298331,0,일반·범용 모집형,2.59151638484626,12.350000000000021,0.8097
300251,1,혜택·대학생 특화형,4.560621016075914,94.64285714285717,2.3396
301294,0,일반·범용 모집형,3.865979066926739,46.74999999999999,0.8021
282947,1,혜택·대학생 특화형,4.62787744659964,101.29670329670328,3.8078
299380,0,일반·범용 모집형,4.13889293848317,61.733333333333334,5.5076
302283,1,혜택·대학생 특화형,4.173425268859446,63.93749999999997,1.6618
297592,1,혜택·대학생 특화형,7.26272422307577,1425.1363636363646,4.6088
300606,1,혜택·대학생 특화형,4.494610995421028,88.53333333333337,4.2922
297250,1,혜택·대학생 특화형,4.455638452017127,85.11111111111109,4.0905
297587,1,혜택·대학생 특화형,4.62497281328427,100.99999999999987,3.0099
298395,1,혜택·대학생 특화형,3.33706281932628,27.136363636363633,3.1826
299441,1,혜택·대학생 특화형,4.5037235696514015,89.3529411764706,3.16
299658,1,혜택·대학생 특화형,3.805354445110305,43.94117647058826,1.6064
300434,1,혜택·대학생 특화형,5.1512250510882245,171.64285714285717,4.4944
300485,1,혜택·대학생 특화형,3.5158007644011597,32.64285714285716,0.8753
301008,1,혜택·대학생 특화형,4.513392222096135,90.23076923076931,3.3248
301529,1,혜택·대학생 특화형,3.763780762287054,42.111111111111114,3.6939
301979,0,일반·범용 모집형,3.093879334693516,21.062500000000007,1.4837
302059,1,혜택·대학생 특화형,3.4471824949039784,30.411764705882344,4.0619
302214,1,혜택·대학생 특화형,3.663561646129647,38.00000000000003,0.7519
302256,1,혜택·대학생 특화형,3.3573947590037623,27.714285714285708,0.0
302425,1,혜택·대학생 특화형,3.4889029620812604,31.749999999999986,2.3622
296991,1,혜택·대학생 특화형,4.293878247897177,72.25000000000001,4.3994
295461,1,혜택·대학생 특화형,4.741345140146264,113.58823529411764,3.7286
283412,1,혜택·대학생 특화형,2.817577846378312,15.736263736263737,0.4888
283513,0,일반·범용 모집형,2.9774340086425783,18.637362637362646,0.3538
295691,1,혜택·대학생 특화형,2.0603205002330576,6.848484848484849,1.3274
298475,1,혜택·대학생 특화형,4.314003789453699,73.7391304347826,3.8915
298654,1,혜택·대학생 특화형,5.493884150092012,242.20000000000005,4.872
300115,1,혜택·대학생 특화형,3.4166331897919946,29.466666666666665,4.5249
300474,1,혜택·대학생 특화형,4.700480365792416,108.99999999999994,3.555
301038,0,일반·범용 모집형,3.4487657985812654,30.461538461538474,0.2525
302189,1,혜택·대학생 특화형,3.359149145418656,27.76470588235295,3.178
300050,1,혜택·대학생 특화형,3.9631912920025454,51.62499999999999,3.5109
297837,1,혜택·대학생 특화형,5.499772877928535,243.63636363636365,4.9627
298332,1,혜택·대학생 특화형,4.17228716411852,63.86363636363636,6.548
300698,1,혜택·대학생 특화형,4.7286512427591125,112.14285714285714,4.2038
283431,0,일반·범용 모집형,2.42451093949826,10.29670329670329,1.174
283518,0,일반·범용 모집형,1.855610941214588,5.395604395604397,0.8147
294446,1,혜택·대학생 특화형,3.625270733136332,36.534883720930246,2.1006
296302,1,혜택·대학생 특화형,4.9312713683438165,137.5555555555555,4.1734
298048,0,일반·범용 모집형,3.46182200347859,30.874999999999993,3.3738
298329,1,혜택·대학생 특화형,3.475629976444925,31.31818181818182,2.4673
298790,0,일반·범용 모집형,2.5902671654458267,12.333333333333334,1.6892
299475,1,혜택·대학생 특화형,3.308824061531141,26.352941176470612,2.0089
301425,1,혜택·대학생 특화형,4.95758607300644,141.24999999999997,3.5398
301943,0,일반·범용 모집형,0.9907795838648942,1.693333333333333,0.0
301992,1,혜택·대학생 특화형,5.336507328879943,206.78571428571428,5.0086
302150,0,일반·범용 모집형,4.58751525074937,97.24999999999997,2.8278
295188,1,혜택·대학생 특화형,2.5750199360251327,12.131578947368418,1.0846
298071,0,일반·범용 모집형,2.6492097010792763,13.142857142857139,0.0
300504,0,일반·범용 모집형,4.261740468799379,69.93333333333332,2.0972
300946,1,혜택·대학생 특화형,3.601868077124306,35.66666666666665,0.6231
301039,1,혜택·대학생 특화형,3.027369358497173,19.64285714285713,1.0909
301040,1,혜택·대학생 특화형,3.0479180267245614,20.071428571428573,1.4235
301456,1,혜택·대학생 특화형,4.232788112844002,67.90909090909096,3.079
301630,0,일반·범용 모집형,3.769621218089971,42.363636363636374,2.3605
302093,1,혜택·대학생 특화형,3.916457602496012,49.222222222222236,3.8375
302157,1,혜택·대학생 특화형,3.0654656115686665,20.44444444444445,1.087
302279,1,혜택·대학생 특화형,4.719274967569983,111.0869565217391,5.1272
302677,0,일반·범용 모집형,4.839163753326367,125.36363636363635,2.5381
302729,0,일반·범용 모집형,3.352407217492724,27.571428571428594,0.5181
297999,1,혜택·대학생 특화형,6.159246388869722,472.071428571429,4.161
295919,1,혜택·대학생 특화형,2.755552535087213,14.729729729729723,4.0367
296937,1,혜택·대학생 특화형,2.552464800799292,11.83870967741936,2.4523
298847,0,일반·범용 모집형,3.499868909169185,32.11111111111111,3.2872
300148,0,일반·범용 모집형,3.068052935133617,20.499999999999996,3.252
300424,1,혜택·대학생 특화형,2.630618460969393,12.882352941176457,0.0
301260,1,혜택·대학생 특화형,4.188276382056305,64.90909090909095,4.2017
302049,0,일반·범용 모집형,3.42498624362617,29.722222222222218,2.8037
297060,1,혜택·대학생 특화형,4.378139780287906,78.68965517241377,5.5653
300406,0,일반·범용 모집형,7.47295544521146,1758.8,4.4538
295223,1,혜택·대학생 특화형,3.05984840820165,20.324324324324326,3.4574
296255,1,혜택·대학생 특화형,2.3120638369485893,9.095238095238093,1.8325
297301,1,혜택·대학생 특화형,3.758947016730653,41.9032258064516,4.234
297836,1,혜택·대학생 특화형,3.0174937653355034,19.439999999999994,4.1152
297909,0,일반·범용 모집형,2.0844290831908747,7.039999999999997,0.0
298412,1,혜택·대학생 특화형,4.917988231711415,135.72727272727275,4.3202
302041,1,혜택·대학생 특화형,4.787491742782046,118.99999999999997,4.2617
302218,1,혜택·대학생 특화형,3.396424102909497,28.857142857142836,1.4851
302391,1,혜택·대학생 특화형,4.89128853646369,132.12500000000003,3.5951
300942,0,일반·범용 모집형,5.16967197712914,174.8571428571429,5.3513
291067,1,혜택·대학생 특화형,2.921624301400269,17.571428571428573,1.3211
294687,1,혜택·대학생 특화형,1.828393602407835,5.223880597014924,0.5714
295648,0,일반·범용 모집형,1.763588592261359,4.833333333333335,0.0
297655,1,혜택·대학생 특화형,4.386344223535083,79.3461538461538,4.508
298314,1,혜택·대학생 특화형,4.595961246902782,98.08333333333336,4.418
299218,1,혜택·대학생 특화형,3.044522437723423,20.0,1.1364
300340,0,일반·범용 모집형,4.169693999463887,63.69565217391303,4.0956
300348,1,혜택·대학생 특화형,4.923432511229882,136.47368421052636,5.322
300376,1,혜택·대학생 특화형,3.0074283133171824,19.23529411764706,2.1407
300515,1,혜택·대학생 특화형,4.577284982498555,96.24999999999994,3.7013
300585,1,혜택·대학생 특화형,3.059293755043736,20.312500000000004,1.8462
301985,1,혜택·대학생 특화형,3.01510855251713,19.391304347826093,3.139
302148,0,일반·범용 모집형,4.61015772749913,99.49999999999999,4.5226
302152,1,혜택·대학생 특화형,2.96010509591084,18.300000000000004,0.5464
302154,1,혜택·대학생 특화형,3.380994674344636,28.400000000000002,2.1127
302473,1,혜택·대학생 특화형,3.768922161787473,42.33333333333335,1.8373
300491,1,혜택·대학생 특화형,6.580454191843327,719.8666666666663,3.1302
301216,0,일반·범용 모집형,5.138562778824412,169.47058823529426,5.6578
301445,1,혜택·대학생 특화형,5.567389849750646,260.75,3.164
294953,1,혜택·대학생 특화형,2.66615925939305,13.384615384615387,2.682
295474,0,일반·범용 모집형,3.0469005601283903,20.049999999999997,2.4938
296739,1,혜택·대학생 특화형,2.9028385266612946,17.2258064516129,2.6217
297000,1,혜택·대학생 특화형,4.649486069762602,103.53125000000001,3.8938
297200,1,혜택·대학생 특화형,2.546207175651796,11.758620689655173,2.9326
297371,1,혜택·대학생 특화형,4.351889540253643,76.62499999999999,1.7401
297515,1,혜택·대학생 특화형,2.0053335695261145,6.428571428571432,0.5556
298176,1,혜택·대학생 특화형,3.5899087365548805,35.23076923076921,4.0393
299485,1,혜택·대학생 특화형,3.455264602932431,30.666666666666668,1.8116
299681,1,혜택·대학생 특화형,4.552213459001843,93.8421052631579,4.9355
300093,1,혜택·대학생 특화형,3.3652653724360926,27.94117647058825,1.2632
300198,1,혜택·대학생 특화형,3.614092518484997,36.11764705882353,2.1173
300358,1,혜택·대학생 특화형,3.385386775635513,28.529411764705884,3.0928
300373,1,혜택·대학생 특화형,2.5374246840714467,11.647058823529411,1.5152
300832,1,혜택·대학생 특화형,3.635830233024121,36.93333333333333,2.1661
301044,1,혜택·대학생 특화형,2.734367509419584,14.40000000000001,0.0
301051,1,혜택·대학생 특화형,2.3733541638822526,9.73333333333333,0.0
301163,1,혜택·대학생 특화형,3.61316763237824,36.08333333333333,2.7714
301878,1,혜택·대학생 특화형,4.396915247167632,80.19999999999999,4.4888
303281,1,혜택·대학생 특화형,1.652923024373839,4.222222222222221,0.0
298623,1,혜택·대학생 특화형,6.896562437401686,987.8695652173911,0.9243
301483,0,일반·범용 모집형,5.0886246129579495,161.16666666666657,5.1189
292495,1,혜택·대학생 특화형,3.676300671907076,38.5,4.7952
293191,1,혜택·대학생 특화형,2.525131451098509,11.49253731343283,2.987
295316,1,혜택·대학생 특화형,2.8963597997407877,17.108108108108116,4.4234
295845,1,혜택·대학생 특화형,3.618261886899983,36.27272727272728,4.4277
298532,1,혜택·대학생 특화형,1.9685099809725544,6.160000000000001,0.0
299016,1,혜택·대학생 특화형,3.133515975917045,21.954545454545478,1.6563
299046,1,혜택·대학생 특화형,3.519653591359443,32.772727272727266,1.6644
299047,1,혜택·대학생 특화형,2.410215757186412,10.136363636363644,2.6906
299103,1,혜택·대학생 특화형,3.295836866004329,26.0,2.4291
300143,1,혜택·대학생 특화형,3.984141422088487,52.73913043478264,5.4411
300304,1,혜택·대학생 특화형,5.059213795655097,156.46666666666658,4.2608
300622,0,일반·범용 모집형,4.467934461799816,86.17647058823526,0.9556
300809,0,일반·범용 모집형,3.3787245258100973,28.33333333333335,1.1765
300965,0,일반·범용 모집형,3.440418094815437,30.20000000000001,0.4415
301372,1,혜택·대학생 특화형,2.823882016627332,15.842105263157901,0.9967
301514,1,혜택·대학생 특화형,4.04305126783455,56.00000000000001,2.9221
301546,1,혜택·대학생 특화형,3.826663156476989,44.9090909090909,3.4413
302113,1,혜택·대학생 특화형,3.932857092330988,50.05263157894737,3.8906
302455,1,혜택·대학생 특화형,2.833213344056216,16.0,0.6944
300628,1,혜택·대학생 특화형,5.002687124247082,147.81250000000006,2.3256
299547,1,혜택·대학생 특화형,4.215630228429687,66.7368421052632,4.3375
282996,1,혜택·대학생 특화형,6.027796476355372,413.80000000000007,4.1719
295151,1,혜택·대학생 특화형,3.299943647956982,26.1111111111111,0.8511
298940,1,혜택·대학생 특화형,2.6934514016810573,13.782608695652174,0.0
299248,1,혜택·대학생 특화형,2.589130155658752,12.318181818181825,3.69
301482,0,일반·범용 모집형,2.960503581670248,18.307692307692324,0.4202
302099,1,혜택·대학생 특화형,3.157000421150113,22.499999999999993,2.963
296827,1,혜택·대학생 특화형,3.556240520272433,34.031249999999986,3.5813
297509,1,혜택·대학생 특화형,3.1562664761630383,22.482758620689655,2.454
300011,1,혜택·대학생 특화형,3.167028360336238,22.736842105263158,3.9352
302151,1,혜택·대학생 특화형,3.03145035615607,19.727272727272723,0.4608
297104,1,혜택·대학생 특화형,3.546846416234093,33.703703703703695,4.8352
295149,1,혜택·대학생 특화형,2.793208009442517,15.333333333333332,1.8116
297746,1,혜택·대학생 특화형,3.2291927918391328,24.259259259259252,4.7328
301644,1,혜택·대학생 특화형,2.827002143963575,15.894736842105257,2.649
301972,1,혜택·대학생 특화형,2.402668551551028,10.052631578947368,3.6649
302668,1,혜택·대학생 특화형,5.17388728816986,175.60000000000008,4.2901
303139,1,혜택·대학생 특화형,4.836281906951478,125.0,2.6
300597,0,일반·범용 모집형,5.762878581106773,317.26315789473705,2.7372
293261,1,혜택·대학생 특화형,4.215745945254215,66.74468085106386,5.6742
295728,1,혜택·대학생 특화형,4.64482786659425,103.04545454545445,5.4257
299807,1,혜택·대학생 특화형,4.512428134289476,90.14285714285712,2.0602
300222,1,혜택·대학생 특화형,2.723798558070349,14.238095238095234,3.01
301262,1,혜택·대학생 특화형,4.900501499685772,133.3571428571429,2.0354
301598,1,혜택·대학생 특화형,5.40138955168785,220.71428571428555,1.9741
301670,1,혜택·대학생 특화형,4.1754855676447,64.07142857142861,3.233
302120,1,혜택·대학생 특화형,4.011221718972164,54.21428571428577,3.6891
302212,1,혜택·대학생 특화형,4.487614397236446,87.90909090909085,2.3785
302480,1,혜택·대학생 특화형,6.112733563160305,450.57142857142867,1.5694
302752,0,일반·범용 모집형,4.014579593753238,54.39999999999999,3.8603
299531,1,혜택·대학생 특화형,7.756643710474877,2336.0476190476156,2.0283
295587,1,혜택·대학생 특화형,2.733129885499234,14.380952380952385,3.3113
296000,1,혜택·대학생 특화형,3.666000671729004,38.095238095238045,5.4375
297627,1,혜택·대학생 특화형,3.678107357132025,38.57142857142857,3.1481
298370,1,혜택·대학생 특화형,2.8159880377743383,15.709677419354861,1.6427
298606,1,혜택·대학생 특화형,3.422758140768733,29.653846153846157,1.1673
298818,1,혜택·대학생 특화형,4.047427642434349,56.25000000000001,3.8222
299009,1,혜택·대학생 특화형,2.928969057394309,17.708333333333336,4.2353
299548,1,혜택·대학생 특화형,4.676382814213356,106.38095238095238,5.9982
299905,1,혜택·대학생 특화형,4.836281906951478,125.0,5.5619
299970,1,혜택·대학생 특화형,3.877135746427706,47.285714285714306,1.8127
301393,1,혜택·대학생 특화형,3.572880540251054,34.61904761904761,3.989
301712,1,혜택·대학생 특화형,4.253974707813985,69.38461538461539,1.9956
302344,1,혜택·대학생 특화형,4.59511985013459,97.99999999999999,6.1224
299654,0,일반·범용 모집형,3.455264602932431,30.666666666666668,2.6398
295793,1,혜택·대학생 특화형,3.870605595588127,46.97142857142857,5.2311
297374,0,일반·범용 모집형,3.038552270736919,19.874999999999993,0.3145
298077,1,혜택·대학생 특화형,3.2730934107729976,25.39285714285714,5.2039
298351,1,혜택·대학생 특화형,3.394028892183543,28.785714285714292,2.7295
298849,1,혜택·대학생 특화형,4.37449836825309,78.40000000000002,5.9184
299365,1,혜택·대학생 특화형,4.524373225683573,91.23809523809524,3.2881
299819,1,혜택·대학생 특화형,5.383402285934633,216.76190476190487,5.9315
299902,1,혜택·대학생 특화형,2.8763855159214247,16.749999999999996,1.4925
300132,1,혜택·대학생 특화형,3.933691304907276,50.095238095238116,4.7529
300232,0,일반·범용 모집형,2.6567569067146595,13.25,0.3774
300576,1,혜택·대학생 특화형,3.3518515075590005,27.555555555555557,2.4194
300861,0,일반·범용 모집형,3.779851232319664,42.809523809523846,5.673
301400,1,혜택·대학생 특화형,5.194067345174238,179.2000000000001,2.7344
302309,0,일반·범용 모집형,4.343805421853683,75.99999999999996,2.0833
302507,1,혜택·대학생 특화형,4.64095092326893,102.64285714285721,3.3403
302540,1,혜택·대학생 특화형,5.508962079162018,245.89473684210532,3.0394
302710,1,혜택·대학생 특화형,3.79098467705109,43.30000000000001,2.3095
302835,0,일반·범용 모집형,3.342861804649193,27.300000000000033,0.7326
303133,1,혜택·대학생 특화형,4.085976312551584,58.50000000000001,1.2821
299328,1,혜택·대학생 특화형,5.829925529496557,339.33333333333377,6.2026
284726,0,일반·범용 모집형,2.9582243784043847,18.263736263736266,2.1661
294305,0,일반·범용 모집형,3.364418130158859,27.916666666666668,3.6816
298799,1,혜택·대학생 특화형,2.954509557730037,18.1923076923077,2.9598
300227,1,혜택·대학생 특화형,3.5567756134805992,34.050000000000004,4.2584
302135,1,혜택·대학생 특화형,5.040940643591584,153.61538461538444,5.1577
303518,0,일반·범용 모집형,3.081909969795043,20.79999999999999,1.2821
294897,1,혜택·대학생 특화형,4.215395293623014,66.72093023255812,4.3918
298246,1,혜택·대학생 특화형,2.633942228948488,12.928571428571425,2.7624
301811,1,혜택·대학생 특화형,4.882219002138504,130.92307692307693,4.7591
302156,0,일반·범용 모집형,2.66615925939305,13.384615384615387,1.1494
302454,0,일반·범용 모집형,5.013963084188931,149.50000000000006,0.4778
302956,1,혜택·대학생 특화형,4.60294549096598,98.77777777777774,2.5872
284391,1,혜택·대학생 특화형,2.824122372354964,15.846153846153847,1.3176
284470,1,혜택·대학생 특화형,3.14073606734075,22.120879120879106,2.2355
299185,1,혜택·대학생 특화형,3.901053974057573,48.454545454545496,1.1257
301419,1,혜택·대학생 특화형,3.603684608050705,35.73333333333335,1.4925
301628,0,일반·범용 모집형,3.905334017277349,48.66666666666666,3.1963
302001,1,혜택·대학생 특화형,4.091777166716854,58.8461538461538,3.7908
302206,1,혜택·대학생 특화형,4.184981836327034,64.69230769230775,4.1617
302352,1,혜택·대학생 특화형,6.093569770045137,442.0000000000004,2.8092
302672,0,일반·범용 모집형,3.947390149265437,50.799999999999976,1.1811
300006,1,혜택·대학생 특화형,6.51329461663721,673.0434782608678,4.6253
284718,0,일반·범용 모집형,3.11424764172205,21.51648351648352,1.43
299895,1,혜택·대학생 특화형,4.621699487939302,100.66666666666666,0.9461
301704,1,혜택·대학생 특화형,2.963061491264442,18.357142857142854,2.7237
302300,1,혜택·대학생 특화형,4.723693688172198,111.5833333333333,4.481
300830,0,일반·범용 모집형,3.194955641150549,23.40909090909091,2.9126
301815,1,혜택·대학생 특화형,4.382859620977774,79.0666666666667,0.9275
302036,1,혜택·대학생 특화형,5.243861180751978,188.39999999999998,7.1479
302194,1,혜택·대학생 특화형,4.485173162807523,87.69230769230772,2.8947
303084,1,혜택·대학생 특화형,4.642465970731788,102.79999999999997,1.5564
298158,0,일반·범용 모집형,3.4559902923692127,30.689655172413783,1.9101
299017,1,혜택·대학생 특화형,4.417548896099233,81.89285714285714,6.28
301210,1,혜택·대학생 특화형,4.375757021660286,78.5,5.7325
302141,1,혜택·대학생 특화형,4.462365156578239,85.69230769230768,4.5781
302292,1,혜택·대학생 특화형,3.424012059428327,29.6923076923077,1.2953
302721,1,혜택·대학생 특화형,3.444682493601895,30.333333333333364,1.6484
299020,0,일반·범용 모집형,3.459708157002209,30.8076923076923,4.7441
300433,1,혜택·대학생 특화형,3.8827086177593713,47.55555555555558,2.4922
300724,1,혜택·대학생 특화형,4.695078597086996,108.40740740740745,7.1404
301771,1,혜택·대학생 특화형,4.151039905898646,62.49999999999999,5.4
301778,1,혜택·대학생 특화형,4.5892547306821925,97.421052631579,5.4565
301866,0,일반·범용 모집형,4.186619838331271,64.8,4.9383
302307,1,혜택·대학생 특화형,4.378448813325998,78.71428571428577,4.0835
302345,1,혜택·대학생 특화형,5.129475971310774,167.92857142857136,3.3603
302485,1,혜택·대학생 특화형,3.6262438831224513,36.57142857142857,2.9297
302838,0,일반·범용 모집형,3.108373909709956,21.38461538461539,3.5971
303012,0,일반·범용 모집형,4.353039097800629,76.71428571428568,4.8417
303022,1,혜택·대학생 특화형,5.12820666714205,167.71428571428584,3.7479
303033,1,혜택·대학생 특화형,4.121067632362854,60.62499999999997,3.0928
303323,1,혜택·대학생 특화형,4.975583656037337,143.8333333333333,3.1286
303372,1,혜택·대학생 특화형,5.389071729816501,218.00000000000003,4.1284
303782,0,일반·범용 모집형,2.776746732388445,15.06666666666667,0.885
303853,1,혜택·대학생 특화형,4.458491520999534,85.35714285714283,0.8368
284986,1,혜택·대학생 특화형,2.6977408314433484,13.84615384615384,1.8254
285062,1,혜택·대학생 특화형,3.5865667920803634,35.10989010989012,3.5055
294621,0,일반·범용 모집형,3.5299554955340207,33.12244897959185,0.3697
299912,1,혜택·대학생 특화형,4.392299771792294,79.82608695652168,3.976
299999,0,일반·범용 모집형,3.019521135518006,19.481481481481485,1.3308
300426,1,혜택·대학생 특화형,3.133421676327177,21.95238095238095,3.4707
300834,1,혜택·대학생 특화형,2.9334135091547324,17.79166666666666,1.171
300835,1,혜택·대학생 특화형,3.5715427474093944,34.57142857142858,2.3416
301355,1,혜택·대학생 특화형,3.811588608106376,44.222222222222236,3.7688
301662,1,혜택·대학생 특화형,3.5955984641107115,35.437500000000014,2.9982
302130,1,혜택·대학생 특화형,3.5715427474093944,34.57142857142858,3.719
302195,1,혜택·대학생 특화형,4.886043416510542,131.4285714285715,5.2717
302291,1,혜택·대학생 특화형,4.61015772749913,99.49999999999999,3.0151
302366,1,혜택·대학생 특화형,5.152906163774179,171.93333333333328,5.5448
302522,1,혜택·대학생 특화형,4.382987711153432,79.07692307692308,3.9883
302530,0,일반·범용 모집형,4.492087624236355,88.3076923076923,3.1359
302581,1,혜택·대학생 특화형,4.117159239988272,60.38461538461538,3.5669
302688,1,혜택·대학생 특화형,5.04689304211888,154.53846153846152,4.9278
303302,1,혜택·대학생 특화형,4.953476880256307,140.66666666666666,5.3318
303679,1,혜택·대학생 특화형,5.679034304967007,291.66666666666663,3.0857
302010,1,혜택·대학생 특화형,5.1265647611033165,167.43750000000003,5.6364
300940,1,혜택·대학생 특화형,4.973279507552485,143.49999999999974,3.5889
295649,1,혜택·대학생 특화형,3.855839725746404,46.268292682926834,2.6357
300938,1,혜택·대학생 특화형,2.785011242238338,15.199999999999996,0.9868
301347,1,혜택·대학생 특화형,4.18429279888504,64.6470588235294,2.2748
301631,1,혜택·대학생 특화형,3.1600353248452677,22.57142857142858,2.5316
301769,0,일반·범용 모집형,3.548179572010801,33.75,2.0741
301830,1,혜택·대학생 특화형,4.237000862623624,68.20000000000002,4.0078
301854,1,혜택·대학생 특화형,3.997588893757793,53.466666666666676,5.985
301980,1,혜택·대학생 특화형,4.243123698247448,68.625,7.286
302087,1,혜택·대학생 특화형,4.833632898779901,124.66666666666664,2.5668
302219,1,혜택·대학생 특화형,4.072683065440921,57.71428571428568,4.9505
302438,0,일반·범용 모집형,4.247814738450454,68.9523809523809,3.7983
302487,1,혜택·대학생 특화형,4.162225704856362,63.21428571428574,4.2938
302623,1,혜택·대학생 특화형,5.146599622167609,170.8461538461538,4.6826
303002,1,혜택·대학생 특화형,4.558378024481333,94.42857142857146,4.8411
303108,0,일반·범용 모집형,4.623571271358983,100.85714285714293,4.9575
303460,0,일반·범용 모집형,4.353039097800629,76.71428571428568,3.1657
299332,1,혜택·대학생 특화형,6.567551087271245,710.6249999999995,3.131
302661,1,혜택·대학생 특화형,6.349575958832676,571.25,4.0263
301971,1,혜택·대학생 특화형,3.3393219779440684,27.200000000000014,1.9608
302007,1,혜택·대학생 특화형,3.541925041157273,33.53333333333334,0.994
300402,1,혜택·대학생 특화형,4.755547521932871,115.22727272727276,3.5503
302005,0,일반·범용 모집형,3.2859112262043597,25.73333333333335,2.0725
302301,1,혜택·대학생 특화형,3.143613340367654,22.1875,0.8451
303667,1,혜택·대학생 특화형,5.248338996741795,189.25,3.5667
303705,1,혜택·대학생 특화형,5.092215281088678,161.74999999999991,0.1546
304230,1,혜택·대학생 특화형,4.8283137373023015,124.00000000000004,1.6129
297512,1,혜택·대학생 특화형,3.5662131913585178,34.38235294117648,3.935
298523,1,혜택·대학생 특화형,2.406654452888252,10.096774193548384,0.9585
300413,1,혜택·대학생 특화형,3.73634599135286,40.944444444444436,2.4423
302159,0,일반·범용 모집형,3.665162927496621,38.06250000000002,1.9704
302763,1,혜택·대학생 특화형,5.178568113438111,176.42857142857142,3.4413
303780,1,혜택·대학생 특화형,4.014579593753238,54.39999999999999,3.799
302756,1,혜택·대학생 특화형,6.462821426963605,639.8666666666659,3.7299
301732,1,혜택·대학생 특화형,7.767122863456671,2360.6666666666665,3.7984
302586,0,일반·범용 모집형,5.317302666459117,202.83333333333326,3.6565
300608,1,혜택·대학생 특화형,2.7621174223724854,14.833333333333325,1.1236
300772,1,혜택·대학생 특화형,3.3075524811768915,26.318181818181813,2.5907
301316,1,혜택·대학생 특화형,3.956291684878732,51.26315789473684,1.6427
302608,1,혜택·대학생 특화형,5.171619713502079,175.20000000000005,5.7458
302628,1,혜택·대학생 특화형,5.459809453233663,234.05263157894743,5.4868
303058,1,혜택·대학생 특화형,3.994114894146618,53.277777777777764,0.8342
299497,1,혜택·대학생 특화형,4.004532062952759,53.846153846153825,3.7857
299798,0,일반·범용 모집형,1.9750384219783368,6.206896551724137,0.5556
302117,0,일반·범용 모집형,3.7601424741354266,41.95454545454544,4.8754
302149,0,일반·범용 모집형,2.499505449209153,11.176470588235295,2.6316
302773,1,혜택·대학생 특화형,3.0285220963769817,19.666666666666664,0.339
303112,1,혜택·대학생 특화형,2.706027955721442,13.969696969696969,0.6508
303582,0,일반·범용 모집형,3.544575964507503,33.62500000000001,1.487
304744,1,혜택·대학생 특화형,4.844187086458591,125.99999999999999,0.3968
302728,1,혜택·대학생 특화형,5.016838238220863,149.9333333333333,4.3575
301180,1,혜택·대학생 특화형,4.339695827028764,75.6842105263158,2.8512
284360,1,혜택·대학생 특화형,4.165960253733757,63.45454545454544,2.5072
294619,1,혜택·대학생 특화형,2.7537962228904136,14.702127659574463,1.7366
297077,1,혜택·대학생 특화형,3.1032526172652477,21.27027027027028,2.4142
297967,1,혜택·대학생 특화형,2.949212257919098,18.090909090909083,5.3601
298496,1,혜택·대학생 특화형,3.476763583476789,31.354838709677416,2.4691
300038,1,혜택·대학생 특화형,3.074543453978281,20.640000000000004,1.5504
302111,1,혜택·대학생 특화형,4.389352674765955,79.58823529411767,3.4738
302444,1,혜택·대학생 특화형,3.2580965380214826,25.000000000000014,2.3158
302535,1,혜택·대학생 특화형,4.889346119110584,131.86666666666662,5.3084
302834,1,혜택·대학생 특화형,2.3289024013114186,9.266666666666662,2.1583
302961,0,일반·범용 모집형,4.556213341261561,94.22222222222227,2.4764
303593,1,혜택·대학생 특화형,3.537329555986735,33.374999999999986,0.7491
303861,0,일반·범용 모집형,4.755312844417811,115.20000000000005,2.4306
304311,1,혜택·대학생 특화형,3.688879454113936,38.99999999999998,0.641
304745,0,일반·범용 모집형,4.7140245909001735,110.5,0.905
299451,1,혜택·대학생 특화형,5.491794417513776,241.6923076923075,5.3151
240623,1,혜택·대학생 특화형,3.80261390124432,43.81818181818184,3.8113
290270,1,혜택·대학생 특화형,2.8166407885744293,15.720588235294116,4.8644
294710,0,일반·범용 모집형,2.377486401167164,9.777777777777786,0.947
295108,1,혜택·대학생 특화형,2.9521116510781007,18.146341463414636,1.6129
297481,0,일반·범용 모집형,2.7469243538638746,14.594594594594586,1.8519
297496,1,혜택·대학생 특화형,3.650960219251643,37.51162790697676,1.4259
297501,1,혜택·대학생 특화형,2.018599882423592,6.527777777777786,0.8511
298469,1,혜택·대학생 특화형,3.102342008612249,21.249999999999993,0.8824
299480,1,혜택·대학생 특화형,3.736787395023677,40.96296296296295,4.4304
300912,1,혜택·대학생 특화형,3.1373827906170177,22.043478260869563,1.9724
301313,1,혜택·대학생 특화형,3.0191403644520056,19.47368421052631,0.5405
303581,0,일반·범용 모집형,3.567966525448625,34.44444444444443,1.2903
303613,1,혜택·대학생 특화형,3.433987204485146,29.999999999999986,1.6667
288302,1,혜택·대학생 특화형,3.766192050887364,42.2151898734177,6.3268
292278,0,일반·범용 모집형,1.504077396776274,3.499999999999999,2.4631
294572,0,일반·범용 모집형,2.2205901262924312,8.212765957446809,1.8135
297825,0,일반·범용 모집형,2.455053686638319,10.64705882352941,3.0387
300865,1,혜택·대학생 특화형,3.532469279104483,33.20833333333334,2.8858
301041,0,일반·범용 모집형,3.2893748079762384,25.826086956521745,1.0101
301481,1,혜택·대학생 특화형,4.158883083359672,63.00000000000003,1.2698
301520,1,혜택·대학생 특화형,2.947067101572709,18.049999999999983,1.662
301892,1,혜택·대학생 특화형,3.1822118404966093,23.1,2.381
302840,1,혜택·대학생 특화형,2.550421256898627,11.812499999999998,0.5291
304415,1,혜택·대학생 특화형,4.040855877271114,55.87499999999998,6.5996
303168,0,일반·범용 모집형,3.5115454388310203,32.499999999999986,2.967
299325,1,혜택·대학생 특화형,4.78062296857617,118.17857142857137,2.9918
294499,0,일반·범용 모집형,3.577461984747919,34.782608695652144,0.9375
298694,1,혜택·대학생 특화형,4.102337226966136,59.48148148148148,3.2379
299157,1,혜택·대학생 특화형,3.666210654301224,38.103448275862085,3.6199
300681,1,혜택·대학생 특화형,2.6181019644392705,12.709677419354836,3.2995
302856,1,혜택·대학생 특화형,3.880957185853255,47.47058823529409,3.7175
303586,1,혜택·대학생 특화형,4.690327994328398,107.88888888888889,6.0762
285717,1,혜택·대학생 특화형,2.652312884329793,13.186813186813197,2.0833
302145,1,혜택·대학생 특화형,2.4672070726885997,10.789473684210531,1.4634
303029,1,혜택·대학생 특화형,4.740574822994295,113.50000000000003,6.1674
303722,1,혜택·대학생 특화형,1.1895840668738364,2.285714285714286,0.9615
303038,1,혜택·대학생 특화형,2.7143793361538577,14.095238095238097,2.027
303125,1,혜택·대학생 특화형,4.5078580035130935,89.72727272727273,6.5856
304353,1,혜택·대학생 특화형,2.948191328784991,18.07142857142857,3.1621
285633,1,혜택·대학생 특화형,2.469216434044913,10.813186813186814,1.0163
300032,1,혜택·대학생 특화형,4.829912458666,124.20000000000019,6.2802
302917,1,혜택·대학생 특화형,3.0411152794018084,19.928571428571423,2.1505
286280,0,일반·범용 모집형,3.1871696637559555,23.21978021978023,2.6976
302115,1,혜택·대학생 특화형,2.624668592163159,12.800000000000002,0.7812
302698,1,혜택·대학생 특화형,5.132197189092089,168.38888888888874,3.6952
303611,1,혜택·대학생 특화형,7.543177040065028,1886.81818181818,2.3127
301684,1,혜택·대학생 특화형,4.161719964694871,63.18181818181816,5.9712
300807,1,혜택·대학생 특화형,6.599808654381499,733.9545454545454,3.3752
302350,1,혜택·대학생 특화형,4.352211549594696,76.64999999999996,4.3053
285893,0,일반·범용 모집형,3.082514686604441,20.81318681318682,1.5312
300986,1,혜택·대학생 특화형,2.7107133185216936,14.039999999999997,3.1339
301274,1,혜택·대학생 특화형,3.5070577723616325,32.349999999999994,1.5456
302606,1,혜택·대학생 특화형,4.5027293804336,89.26315789473684,3.8325
302658,1,혜택·대학생 특화형,4.940451237239151,138.83333333333337,4.3617
302674,1,혜택·대학생 특화형,4.127940511650617,61.05000000000003,0.0819
302706,0,일반·범용 모집형,4.554534570019512,94.06250000000003,1.0963
302900,1,혜택·대학생 특화형,4.740574822994295,113.50000000000003,4.6806
303491,1,혜택·대학생 특화형,5.166343202372121,174.27272727272742,1.7214
304288,1,혜택·대학생 특화형,3.3817104939886584,28.421052631578938,1.2963
304743,0,일반·범용 모집형,4.568506201616501,95.40000000000006,1.2579
304816,1,혜택·대학생 특화형,3.3741687092742363,28.200000000000006,0.0
304820,1,혜택·대학생 특화형,4.799326200429049,120.42857142857146,2.6097
301998,1,혜택·대학생 특화형,4.7561730595246186,115.29999999999998,5.5507
301270,1,혜택·대학생 특화형,3.441699324971485,30.24,1.7196
302359,1,혜택·대학생 특화형,5.801446783679558,329.7777777777781,3.9757
300274,1,혜택·대학생 특화형,4.959991561277501,141.59259259259267,6.5394
301133,1,혜택·대학생 특화형,4.396691308078128,80.18181818181814,3.9683
297773,0,일반·범용 모집형,2.538151164306813,11.656250000000007,2.4129
299661,1,혜택·대학생 특화형,3.176616015578318,22.965517241379306,5.2553
300968,1,혜택·대학생 특화형,2.6361960973342264,12.96,2.7778
301937,1,혜택·대학생 특화형,3.220692355794599,24.04545454545455,2.4575
302153,0,일반·범용 모집형,4.401216329067022,80.54999999999995,4.4072
302280,1,혜택·대학생 특화형,3.240704795309613,24.551724137931036,2.2472
303043,1,혜택·대학생 특화형,4.001254139156089,53.666666666666664,2.4845
303477,1,혜택·대학생 특화형,3.4990296308991904,32.08333333333334,4.6753
303580,1,혜택·대학생 특화형,4.990432586778736,145.99999999999997,5.4795
293480,0,일반·범용 모집형,2.475453507144245,10.88709677419355,3.2593
298949,1,혜택·대학생 특화형,2.82964191168862,15.939393939393955,0.9506
300125,1,혜택·대학생 특화형,4.213713641034119,66.60714285714289,4.7185
302165,0,일반·범용 모집형,3.042252289188884,19.952380952380953,2.3866
302650,1,혜택·대학생 특화형,3.3738424982127886,28.190476190476197,0.8446
302896,1,혜택·대학생 특화형,3.5818836151153794,34.941176470588246,4.5455
303570,1,혜택·대학생 특화형,3.1498829533812494,22.333333333333336,3.7313
302245,0,일반·범용 모집형,3.187729095871364,23.233333333333338,1.5782
304683,1,혜택·대학생 특화형,4.866434945122165,128.85714285714283,1.1086
304253,1,혜택·대학생 특화형,4.446565155811453,84.33333333333337,4.0843
300804,1,혜택·대학생 특화형,4.253974707813985,69.38461538461539,4.6009
302964,1,혜택·대학생 특화형,5.560681631015528,258.99999999999994,6.3261
292316,1,혜택·대학생 특화형,2.185909039343643,7.898734177215188,3.0449
300331,1,혜택·대학생 특화형,2.6633894302747896,13.3448275862069,0.5168
300920,1,혜택·대학생 특화형,6.391917113392602,596.0000000000001,1.6779
301614,1,혜택·대학생 특화형,5.394247189044913,219.1363636363636,3.3188
301909,1,혜택·대학생 특화형,2.951590380324065,18.136363636363626,3.2581
303606,1,혜택·대학생 특화형,2.92673940206704,17.66666666666668,1.4151
303808,1,혜택·대학생 특화형,3.503476230782573,32.23076923076921,1.432
304414,1,혜택·대학생 특화형,4.064267106984823,57.22222222222223,3.301
296966,1,혜택·대학생 특화형,4.730228281407992,112.32142857142865,6.0731
300978,0,일반·범용 모집형,4.393171199226947,79.89655172413792,3.3233
301401,1,혜택·대학생 특화형,5.7939024408977415,327.29166666666634,5.767
302689,1,혜택·대학생 특화형,2.341805806147327,9.4,1.0638
303583,0,일반·범용 모집형,3.2250108134357167,24.153846153846157,0.6369
303612,1,혜택·대학생 특화형,3.1849742731925192,23.166666666666664,1.0791
304663,1,혜택·대학생 특화형,3.626243883122452,36.571428571428605,4.0365
304876,1,혜택·대학생 특화형,3.129263666178513,21.857142857142847,2.2876
304981,1,혜택·대학생 특화형,4.969813299576001,143.0,3.0969
301959,1,혜택·대학생 특화형,6.593542542120856,729.3636363636357,3.8888
300715,1,혜택·대학생 특화형,6.026402598469263,413.2222222222223,3.0833
302589,1,혜택·대학생 특화형,5.274280788719794,194.24999999999983,4.556
303098,1,혜택·대학생 특화형,3.3068867021909143,26.300000000000008,2.0913
305043,0,일반·범용 모집형,4.31748811353631,73.99999999999997,2.7027
304057,1,혜택·대학생 특화형,2.0382834691863283,6.677419354838708,0.4831
305444,1,혜택·대학생 특화형,2.3154057814231077,9.129032258064521,3.5336
294804,1,혜택·대학생 특화형,2.634846797078916,12.941176470588244,1.6667
302039,1,혜택·대학생 특화형,4.612867756257995,99.77272727272725,4.3736
302579,1,혜택·대학생 특화형,3.489898152078806,31.782608695652165,2.1888
303603,0,일반·범용 모집형,3.4904285153900987,31.80000000000002,2.0964
303607,1,혜택·대학생 특화형,3.3458472865789903,27.38461538461538,3.9326
303905,1,혜택·대학생 특화형,3.5156077328399,32.636363636363654,3.3426
304321,1,혜택·대학생 특화형,3.561046082604052,34.20000000000003,3.8012
305095,1,혜택·대학생 특화형,5.664447469257524,287.4285714285715,1.0934
305259,0,일반·범용 모집형,4.490240219314114,88.14285714285715,2.4311
295931,1,혜택·대학생 특화형,3.624624580687812,36.51063829787235,4.1958
300473,1,혜택·대학생 특화형,4.303132692204219,72.93103448275865,2.9314
300960,0,일반·범용 모집형,4.049776242742223,56.38461538461534,2.1828
301048,1,혜택·대학생 특화형,3.6183459876527344,36.27586206896552,1.616
302223,1,혜택·대학생 특화형,5.719417188803603,303.7272727272727,2.6938
304258,1,혜택·대학생 특화형,5.458521118088373,233.75000000000017,3.5651
304475,1,혜택·대학생 특화형,2.4006463061702603,10.03030303030303,3.3233
304775,1,혜택·대학생 특화형,3.840646342585918,45.555555555555536,2.439
304781,1,혜택·대학생 특화형,2.6551607371818373,13.227272727272727,2.4055
303473,1,혜택·대학생 특화형,7.298275939704479,1476.7500000000002,3.7131
294438,1,혜택·대학생 특화형,3.5445078469365487,33.62264150943396,4.7699
298405,1,혜택·대학생 특화형,2.844909383819408,16.200000000000014,2.1605
300314,1,혜택·대학생 특화형,2.193385801029053,7.965517241379304,0.8658
301351,0,일반·범용 모집형,3.186034718678959,23.1923076923077,0.4975
301934,1,혜택·대학생 특화형,3.5633162311385904,34.279999999999994,2.4504
302859,1,혜택·대학생 특화형,4.899393318983253,133.20833333333331,4.1602
303102,1,혜택·대학생 특화형,4.382026634673882,79.00000000000004,4.1139
303536,1,혜택·대학생 특화형,5.397559201197686,219.8666666666668,5.3972
303701,1,혜택·대학생 특화형,3.5433718704426997,33.58333333333339,3.2258
303997,1,혜택·대학생 특화형,3.139110856399338,22.083333333333332,1.8868
304591,1,혜택·대학생 특화형,3.689840530593487,39.038461538461554,5.1232
305067,1,혜택·대학생 특화형,4.2889362116078695,71.88888888888889,4.1731
298735,1,혜택·대학생 특화형,3.5095264597482645,32.43243243243247,2.4167
302528,1,혜택·대학생 특화형,3.901053974057573,48.454545454545496,2.7205
302839,1,혜택·대학생 특화형,3.068052935133617,20.499999999999996,1.7738
304029,1,혜택·대학생 특화형,3.398162477967001,28.909090909090907,2.2013
304688,1,혜택·대학생 특화형,3.2498206287176226,24.785714285714292,3.17
300543,0,일반·범용 모집형,6.308450926532566,548.1935483870963,4.2191
293308,1,혜택·대학생 특화형,3.387211139687416,28.58333333333335,0.9913
298929,1,혜택·대학생 특화형,4.167712234681585,63.567567567567565,1.5731
303252,1,혜택·대학생 특화형,2.985212012879811,18.790697674418595,3.5891
304851,0,일반·범용 모집형,2.797281334830153,15.400000000000002,0.6494
287180,1,혜택·대학생 특화형,3.5417553122987164,33.527472527472526,4.687
287222,1,혜택·대학생 특화형,1.8726471283671555,5.505494505494505,1.3972
299048,1,혜택·대학생 특화형,4.547206494438693,93.3684210526316,0.6201
303431,1,혜택·대학생 특화형,4.65871095291612,104.49999999999991,4.1866
303509,1,혜택·대학생 특화형,3.754533424335373,41.71428571428571,1.0274
303728,1,혜택·대학생 특화형,3.6012185155555105,35.64285714285713,2.8056
304658,1,혜택·대학생 특화형,3.564826805443958,34.33333333333334,2.4272
304912,1,혜택·대학생 특화형,4.84811636459848,126.49999999999994,1.7787
305167,1,혜택·대학생 특화형,5.887491956725005,359.5000000000004,1.5763
301325,1,혜택·대학생 특화형,5.177018542359149,176.15384615384625,4.5415
300859,1,혜택·대학생 특화형,2.971241253545696,18.516129032258082,3.4843
287292,1,혜택·대학생 특화형,2.703644907634294,13.934065934065941,1.8139
301535,1,혜택·대학생 특화형,2.4875912151586697,11.032258064516133,2.924
301781,1,혜택·대학생 특화형,3.663561646129646,37.99999999999998,2.9506
302430,0,일반·범용 모집형,4.373994462976617,78.35999999999996,6.636
302679,1,혜택·대학생 특화형,2.319114394945256,9.166666666666664,0.4545
303744,1,혜택·대학생 특화형,5.013488363078662,149.4285714285714,5.5449
303991,0,일반·범용 모집형,3.500827222610997,32.14285714285715,2.2222
304062,1,혜택·대학생 특화형,3.7022511910798257,39.53846153846154,3.1128
304560,1,혜택·대학생 특화형,4.852030263919618,127.00000000000009,3.6089
304813,1,혜택·대학생 특화형,4.756664278986786,115.35714285714283,2.8483
305063,1,혜택·대학생 특화형,4.9339203765153945,137.923076923077,1.952
305487,1,혜택·대학생 특화형,4.6720497148276365,105.91666666666671,3.2258
301279,1,혜택·대학생 특화형,3.75870531190478,41.89285714285717,4.6036
304926,0,일반·범용 모집형,4.430816798843313,82.99999999999999,3.6145
224823,1,혜택·대학생 특화형,4.09016919081162,58.75000000000001,3.7082
287145,0,일반·범용 모집형,2.559014621941722,11.923076923076922,1.2903
298169,1,혜택·대학생 특화형,4.57028292698765,95.57142857142848,0.8719
302769,1,혜택·대학생 특화형,3.843922592724214,45.70833333333333,3.464
302949,1,혜택·대학생 특화형,4.914054466090476,135.19047619047626,5.8471
303715,1,혜택·대학생 특화형,5.367310238034989,213.28571428571445,6.296
303772,1,혜택·대학생 특화형,4.664112721621541,105.07142857142848,1.7675
303920,0,일반·범용 모집형,4.85870437100731,127.85714285714278,3.2402
304121,1,혜택·대학생 특화형,5.188549002435791,178.20833333333343,5.3308
304282,1,혜택·대학생 특화형,3.3193673634145235,26.642857142857153,2.1448
304614,1,혜택·대학생 특화형,3.40949618447685,29.24999999999999,1.4245
305165,1,혜택·대학생 특화형,5.0065528983727,148.38888888888889,3.1823
305837,1,혜택·대학생 특화형,5.1961923517483575,179.58333333333312,1.9026
306261,0,일반·범용 모집형,3.8409872323113934,45.57142857142853,1.0972
306636,1,혜택·대학생 특화형,4.680973149403592,106.87500000000004,2.5731
301382,1,혜택·대학생 특화형,7.372772538591147,1591.041666666667,3.504
292561,1,혜택·대학생 특화형,3.64631983969514,37.33333333333333,3.6139
305408,1,혜택·대학생 특화형,5.992535402109475,399.42857142857133,4.6853
301675,1,혜택·대학생 특화형,3.4556404721343754,30.678571428571423,3.9581
302000,1,혜택·대학생 특화형,3.2680186605277983,25.259259259259256,2.7859
303261,1,혜택·대학생 특화형,5.444339863924752,230.4444444444444,3.9296
304593,1,혜택·대학생 특화형,3.6850258847979465,38.846153846153854,5.3465
301477,0,일반·범용 모집형,3.3907986744412573,28.689655172413808,1.3221
301836,1,혜택·대학생 특화형,4.492641180851653,88.35714285714286,3.8804
302942,1,혜택·대학생 특화형,5.951115925377632,383.1818181818184,2.4199
303609,1,혜택·대학생 특화형,3.190234248904817,23.29411764705883,2.7778
304902,0,일반·범용 모집형,3.1806546120480026,23.06249999999999,1.2195
287519,1,혜택·대학생 특화형,4.069120672998153,57.50549450549455,6.459
300235,1,혜택·대학생 특화형,3.661422607880896,37.91666666666662,4.5421
287520,0,일반·범용 모집형,3.065237834106261,20.439560439560438,2.5269
287620,1,혜택·대학생 특화형,2.4018833139763256,10.043956043956038,0.9847
303671,1,혜택·대학생 특화형,6.715302574988726,823.9333333333352,5.4373
304535,1,혜택·대학생 특화형,5.383789097352073,216.84615384615375,2.5186
306351,0,일반·범용 모집형,4.564348191467837,95.00000000000007,3.1579
305411,1,혜택·대학생 특화형,6.70364813011626,814.3750000000001,6.7997
301601,0,일반·범용 모집형,3.735203525788175,40.89655172413794,4.3845
287691,0,일반·범용 모집형,2.386845436611785,9.879120879120874,1.3348
303360,0,일반·범용 모집형,3.601218515555511,35.642857142857146,1.9038
303405,1,혜택·대학생 특화형,3.5037539699872475,32.24,4.3424
304074,0,일반·범용 모집형,5.978041526775842,393.66666666666686,3.6579
304422,1,혜택·대학생 특화형,5.082645830072528,160.20000000000007,6.159
305562,1,혜택·대학생 특화형,3.548179572010801,33.75,2.5926
306470,0,일반·범용 모집형,4.630837932736669,101.59999999999997,1.378
304542,1,혜택·대학생 특화형,6.625013364781892,752.7142857142857,5.3615
303435,1,혜택·대학생 특화형,2.19722457733622,8.000000000000005,1.8519
303511,1,혜택·대학생 특화형,6.731771490773872,837.6315789473697,4.8131
303585,0,일반·범용 모집형,3.3581799965784644,27.736842105263154,1.7078
304626,1,혜택·대학생 특화형,3.622672875875668,36.4375,2.7444
304634,1,혜택·대학생 특화형,4.3494711593893625,76.4375000000001,2.5348
304767,1,혜택·대학생 특화형,5.606367517258194,271.15384615384625,7.1489
305020,1,혜택·대학생 특화형,3.743604353803184,41.25000000000005,3.3333
305938,1,혜택·대학생 특화형,3.80029304148484,43.714285714285715,0.6536
306018,0,일반·범용 모집형,3.614771481960215,36.14285714285717,0.3953
306343,0,일반·범용 모집형,3.19552846087121,23.423076923076934,1.4778
306462,1,혜택·대학생 특화형,4.448516375942714,84.49999999999996,3.6982
306481,1,혜택·대학생 특화형,5.086361004624392,160.80000000000007,2.2388
287951,1,혜택·대학생 특화형,2.8364401942263138,16.05494505494505,1.5743
298607,0,일반·범용 모집형,2.625358485257097,12.809523809523814,2.6022
300248,1,혜택·대학생 특화형,2.039363318112425,6.685714285714283,2.1368
300690,1,혜택·대학생 특화형,2.7427357590901003,14.529411764705886,2.6316
301699,1,혜택·대학생 특화형,3.941916535706288,50.51724137931033,5.5973
302088,1,혜택·대학생 특화형,3.249820628717622,24.78571428571428,4.0346
304028,1,혜택·대학생 특화형,4.39444915467244,80.0000000000001,2.6667
304885,1,혜택·대학생 특화형,4.061768391787488,57.07692307692306,3.2345
305064,1,혜택·대학생 특화형,4.378896741664954,78.74999999999997,3.5714
300599,1,혜택·대학생 특화형,2.897469019766927,17.12820512820514,2.5449
303047,1,혜택·대학생 특화형,2.5902671654458267,12.333333333333334,3.2432
305101,1,혜택·대학생 특화형,4.6792781581418135,106.69230769230772,4.6864
305117,1,혜택·대학생 특화형,5.1643463168489445,173.9230769230769,5.2632
305143,1,혜택·대학생 특화형,4.901278198753944,133.4615384615385,3.7464
306749,1,혜택·대학생 특화형,3.835861644462582,45.33333333333333,2.2059
307122,1,혜택·대학생 특화형,3.988984046564275,53.00000000000003,3.3019
305841,1,혜택·대학생 특화형,5.39192154650726,218.6249999999997,4.3453
305426,1,혜택·대학생 특화형,8.016134530023942,3028.4444444444434,2.6269
295142,1,혜택·대학생 특화형,2.1972245773362205,8.000000000000009,2.0089
299261,1,혜택·대학생 특화형,3.282789150611853,25.649999999999984,3.0214
302987,1,혜택·대학생 특화형,4.443211323713021,84.04761904761898,1.813
303741,1,혜택·대학생 특화형,3.540106445520797,33.47058823529413,3.1634
304136,1,혜택·대학생 특화형,3.253277251585533,24.874999999999996,3.7688
304290,1,혜택·대학생 특화형,3.847484484290575,45.875,3.8147
304847,1,혜택·대학생 특화형,3.897247719845992,48.26666666666667,2.9006
305040,1,혜택·대학생 특화형,2.932218867831665,17.769230769230766,1.2987
305204,1,혜택·대학생 특화형,3.099424732111121,21.1851851851852,3.1469
305234,1,혜택·대학생 특화형,3.1748435547176967,22.92307692307691,5.3691
305281,1,혜택·대학생 특화형,3.71731738943447,40.15384615384616,2.682
305494,1,혜택·대학생 특화형,4.31748811353631,73.99999999999997,4.955
305601,0,일반·범용 모집형,4.329270282234571,74.88888888888891,2.9674
305791,0,일반·범용 모집형,3.7612001156935615,41.99999999999996,1.1905
305930,1,혜택·대학생 특화형,3.765295684558299,42.176470588235276,4.0446
306032,1,혜택·대학생 특화형,5.601591533759653,269.8571428571427,5.0291
306367,1,혜택·대학생 특화형,4.893566289173529,132.42857142857144,4.9622
303080,1,혜택·대학생 특화형,4.490167372838031,88.1363636363637,5.2089
305724,1,혜택·대학생 특화형,5.200566711204352,180.37499999999994,6.5142
302984,1,혜택·대학생 특화형,5.836063085379071,341.42857142857144,5.8438
307154,1,혜택·대학생 특화형,4.940542917275888,138.84615384615392,3.3241
287901,1,혜택·대학생 특화형,3.132144129043868,21.923076923076927,4.3108
304652,1,혜택·대학생 특화형,4.428167790671736,82.77777777777774,1.3423
304934,0,일반·범용 모집형,4.557379522151742,94.33333333333329,3.5336
305014,1,혜택·대학생 특화형,4.274527080767306,70.84615384615384,4.886
305026,0,일반·범용 모집형,3.122025998878283,21.69230769230769,1.773
305062,1,혜택·대학생 특화형,5.073248886824242,158.69230769230762,5.5259
305221,1,혜택·대학생 특화형,5.524839818327783,249.8461538461541,2.186
305629,1,혜택·대학생 특화형,4.123543716914363,60.777777777777786,0.0
305686,1,혜택·대학생 특화형,4.9060974851898935,134.1111111111112,3.3969
307403,1,혜택·대학생 특화형,4.283586561860629,71.49999999999999,0.6993
304818,1,혜택·대학생 특화형,6.99117688712121,1086.0000000000002,4.3033
303608,1,혜택·대학생 특화형,2.8278514009148306,15.909090909090907,2.5714
305548,1,혜택·대학생 특화형,7.057295346251712,1160.2999999999995,2.9217
305742,1,혜택·대학생 특화형,3.3557350075853978,27.66666666666666,1.2048
305777,1,혜택·대학생 특화형,3.111043120064985,21.444444444444436,0.5181
305963,1,혜택·대학생 특화형,5.190573059534934,178.57142857142856,2.68
307022,0,일반·범용 모집형,3.2556897979909167,24.937499999999993,1.7544
298402,1,혜택·대학생 특화형,3.7485986888155582,41.461538461538446,2.9066
300273,1,혜택·대학생 특화형,3.256015371817657,24.94594594594594,1.8418
301485,1,혜택·대학생 특화형,3.354280461874404,27.625000000000014,1.9231
302394,1,혜택·대학생 특화형,3.515141641011373,32.62068965517241,5.074
303628,1,혜택·대학생 특화형,3.465735902799726,30.999999999999986,2.1505
304966,1,혜택·대학생 특화형,4.046553898385753,56.20000000000003,1.7794
305159,1,혜택·대학생 특화형,5.766652938693076,318.46666666666687,4.103
305296,1,혜택·대학생 특화형,3.044522437723423,20.0,2.3077
305870,1,혜택·대학생 특화형,4.305565468579404,73.1111111111111,1.5198
306441,1,혜택·대학생 특화형,4.653960350157523,103.99999999999997,1.9231
302857,1,혜택·대학생 특화형,3.520256741678143,32.79310344827585,2.6288
302343,1,혜택·대학생 특화형,2.6585701438388405,13.27586206896552,2.8571
303167,1,혜택·대학생 특화형,3.68203792229722,38.72727272727275,2.3474
303835,1,혜택·대학생 특화형,6.152969073383847,469.11111111111063,1.3264
304732,1,혜택·대학생 특화형,3.939151672816399,50.375000000000014,3.2258
305028,1,혜택·대학생 특화형,4.4748987799507765,86.7857142857143,6.0082
305230,1,혜택·대학생 특화형,4.651235552831337,103.71428571428558,5.1653
305311,1,혜택·대학생 특화형,4.67999218887547,106.76923076923077,2.1614
305450,1,혜택·대학생 특화형,3.190476350346503,23.3,2.5751
305613,1,혜택·대학생 특화형,4.917893242397641,135.71428571428572,6.1053
306339,1,혜택·대학생 특화형,3.340412490593033,27.230769230769216,1.9774
305134,1,혜택·대학생 특화형,5.057041666910411,156.12499999999997,5.0841
305006,1,혜택·대학생 특화형,4.402645921876617,80.66666666666667,4.4628
302468,1,혜택·대학생 특화형,2.9806186357439426,18.699999999999996,3.3868
299945,1,혜택·대학생 특화형,2.622436448379218,12.769230769230768,3.8153
301478,0,일반·범용 모집형,2.564949357461537,12.000000000000005,2.7778
302426,1,혜택·대학생 특화형,3.66612246699132,38.099999999999994,3.4121
304312,0,일반·범용 모집형,2.79506157809184,15.36363636363637,3.5503
304454,1,혜택·대학생 특화형,2.455053686638319,10.64705882352941,0.5525
305079,1,혜택·대학생 특화형,4.097672352314776,59.200000000000024,1.5766
305412,1,혜택·대학생 특화형,3.9631912920025454,51.62499999999999,1.6949
305465,0,일반·범용 모집형,4.275797686482102,70.93750000000006,2.6432
305588,1,혜택·대학생 특화형,4.552919495644215,93.90909090909102,2.4201
305757,1,혜택·대학생 특화형,3.752707495647909,41.63636363636364,0.4367
305949,1,혜택·대학생 특화형,4.106392900738276,59.72727272727275,2.1309
305993,1,혜택·대학생 특화형,4.301605067363308,72.81818181818187,2.2472
306104,1,혜택·대학생 특화형,3.3040336332085087,26.222222222222253,2.9661
306365,1,혜택·대학생 특화형,3.539640932284056,33.45454545454546,1.6304
306682,1,혜택·대학생 특화형,5.081968858366656,160.0909090909091,3.0097
306796,1,혜택·대학생 특화형,2.8162637857424424,15.714285714285708,0.9091
307264,1,혜택·대학생 특화형,3.793239469438179,43.39999999999999,0.9217
307821,1,혜택·대학생 특화형,5.035771267367799,152.8181818181819,1.1303
301305,0,일반·범용 모집형,2.19385189285758,7.969696969696967,1.1407
302477,1,혜택·대학생 특화형,2.100060828882572,7.16666666666667,2.7907
304044,0,일반·범용 모집형,3.724353842307597,40.44444444444447,2.7473
305041,0,일반·범용 모집형,3.232121051618221,24.333333333333325,1.9178
305550,1,혜택·대학생 특화형,5.224279322019251,184.7272727272727,1.8701
305581,1,혜택·대학생 특화형,5.684198005380011,293.1818181818181,3.5039
305621,1,혜택·대학생 특화형,4.753015313252073,114.93333333333331,3.3063
306009,1,혜택·대학생 특화형,4.689307065194291,107.7777777777778,1.2371
306166,1,혜택·대학생 특화형,3.810694753298258,44.181818181818166,0.6173
306520,1,혜택·대학생 특화형,5.451490124756758,232.1052631578949,0.8844
306920,1,혜택·대학생 특화형,3.651838182433587,37.54545454545454,1.4528
303604,1,혜택·대학생 특화형,3.859224819861175,46.42857142857142,2.7692
306179,1,혜택·대학생 특화형,2.737249355794472,14.444444444444438,1.5385
302158,1,혜택·대학생 특화형,1.4563619237366077,3.290322580645162,0.0
303801,1,혜택·대학생 특화형,6.372151512652402,584.3157894736845,4.0803
304495,1,혜택·대학생 특화형,2.922528869530696,17.58823529411765,3.01
305029,1,혜택·대학생 특화형,3.270835563798912,25.333333333333336,2.8947
305454,1,혜택·대학생 특화형,3.750573023119277,41.545454545454575,3.7199
305647,1,혜택·대학생 특화형,3.737669618283369,41.00000000000002,2.6608
305865,1,혜택·대학생 특화형,5.190934605509442,178.63636363636354,1.7812
306272,0,일반·범용 모집형,5.885548321516432,358.7999999999998,2.4805
306733,0,일반·범용 모집형,4.729597764363144,112.25000000000011,2.6726
306747,1,혜택·대학생 특화형,2.989462660540396,18.87500000000001,0.6623
306798,1,혜택·대학생 특화형,2.9139022553063585,17.428571428571423,0.0
307814,1,혜택·대학생 특화형,4.989194962858386,145.8181818181818,0.6234
304539,1,혜택·대학생 특화형,2.3978952727983707,10.000000000000002,1.0526
301188,1,혜택·대학생 특화형,6.881162377136799,972.7575757575745,4.3332
304914,1,혜택·대학생 특화형,4.116895387743996,60.36842105263153,5.231
304292,1,혜택·대학생 특화형,4.518350178246007,90.68421052631574,3.076
306109,0,일반·범용 모집형,3.218875824868201,24.000000000000007,1.6667
303274,1,혜택·대학생 특화형,3.159833284234417,22.566666666666652,3.5451
303555,1,혜택·대학생 특화형,2.0614230361771577,6.857142857142858,0.3472
305973,1,혜택·대학생 특화형,4.432978961847809,83.18181818181819,3.6066
306376,1,혜택·대학생 특화형,4.388257184424518,79.5,2.6415
307624,1,혜택·대학생 특화형,4.513602992462601,90.24999999999999,3.6011
303754,0,일반·범용 모집형,3.9862024036023977,52.85000000000001,4.3519
305298,1,혜택·대학생 특화형,5.163642463221436,173.8000000000001,4.9482
306285,1,혜택·대학생 특화형,5.744070993570313,311.3333333333335,3.8276
303684,1,혜택·대학생 특화형,4.496099090933729,88.66666666666663,4.2763
304606,1,혜택·대학생 특화형,4.920365024162019,136.05263157894737,4.7582
304815,1,혜택·대학생 특화형,4.187969821661506,64.88888888888887,3.8527
304971,1,혜택·대학생 특화형,3.968193276895201,51.8888888888889,1.0707
304972,1,혜택·대학생 특화형,3.862390381225736,46.57894736842104,3.5028
304986,1,혜택·대학생 특화형,4.939992710934634,138.76923076923072,2.2727
305251,0,일반·범용 모집형,2.8968864389173583,17.11764705882353,3.4364
305502,0,일반·범용 모집형,4.298854033991418,72.61538461538466,4.661
305794,0,일반·범용 모집형,3.770843391965367,42.416666666666686,5.6974
305860,0,일반·범용 모집형,3.5858310782144898,35.08333333333334,0.7126
306355,1,혜택·대학생 특화형,4.075995423553904,57.909090909090885,4.8666
306360,1,혜택·대학생 특화형,4.125667033351142,60.909090909090935,1.194
307064,0,일반·범용 모집형,5.028716454277693,151.7368421052632,3.7461
307357,1,혜택·대학생 특화형,4.479768919446819,87.21428571428572,2.7027
307470,1,혜택·대학생 특화형,4.075113200294213,57.85714285714286,3.4568
307569,1,혜택·대학생 특화형,2.864794916106516,16.54545454545456,1.0989
307095,1,혜택·대학생 특화형,5.456894326155263,233.36842105263182,5.2097
299344,1,혜택·대학생 특화형,2.8004702054843014,15.452380952380949,2.1572
299887,1,혜택·대학생 특화형,3.272781089704403,25.384615384615383,2.0202
301420,1,혜택·대학생 특화형,4.653143690250968,103.91428571428582,1.1548
302288,1,혜택·대학생 특화형,2.8834030885800708,16.87499999999999,2.5926
302295,1,혜택·대학생 특화형,3.1754462669408645,22.937499999999993,3.1335
302651,1,혜택·대학생 특화형,2.9917242521564527,18.92000000000001,2.3256
302694,1,혜택·대학생 특화형,4.626372393638694,101.14285714285711,6.1441
302842,0,일반·범용 모집형,1.659762996321616,4.258064516129032,0.0
304097,1,혜택·대학생 특화형,3.101806819945475,21.23809523809525,1.5695
304303,1,혜택·대학생 특화형,3.148453360571655,22.300000000000008,3.139
304435,0,일반·범용 모집형,4.546648614368436,93.3157894736843,2.8765
305015,1,혜택·대학생 특화형,3.822584442780905,44.72222222222221,4.8447
306318,1,혜택·대학생 특화형,3.6476567382899816,37.38461538461537,2.4691
306584,1,혜택·대학생 특화형,4.109233174715851,59.89999999999999,1.1686
307508,0,일반·범용 모집형,4.499809670330265,89.0,2.4719
308029,1,혜택·대학생 특화형,3.688879454113936,38.99999999999998,0.0
303748,1,혜택·대학생 특화형,4.862761171702925,128.38095238095238,4.0059
302647,1,혜택·대학생 특화형,6.347972810489616,570.3333333333338,3.2479
306141,1,혜택·대학생 특화형,7.879635517837581,2641.909090909089,4.5387
305456,1,혜택·대학생 특화형,5.947231292131155,381.6923076923072,6.9327
306377,1,혜택·대학생 특화형,5.610935924289849,272.39999999999986,7.9295
303520,1,혜택·대학생 특화형,4.77631844218392,117.66666666666663,4.7096
304404,1,혜택·대학생 특화형,3.637586159726385,36.99999999999998,1.8919
304410,1,혜택·대학생 특화형,3.671012452285512,38.291666666666664,2.3939
304890,1,혜택·대학생 특화형,4.330733340286331,75.0,6.4762
305160,0,일반·범용 모집형,5.68043511065921,292.0769230769231,4.2929
305471,1,혜택·대학생 특화형,2.4032286187737326,10.05882352941176,4.0936
305611,1,혜택·대학생 특화형,3.7060390743967626,39.69230769230769,2.907
305723,1,혜택·대학생 특화형,2.633547673804289,12.923076923076922,1.7857
305867,1,혜택·대학생 특화형,5.276412531159987,194.66666666666666,1.6695
306406,1,혜택·대학생 특화형,4.0220996553487725,54.81818181818185,5.141
306475,0,일반·범용 모집형,5.091908014224992,161.69999999999996,4.5145
306658,1,혜택·대학생 특화형,4.291828366755732,72.09999999999995,1.387
306898,1,혜택·대학생 특화형,3.651523667570168,37.53333333333336,1.7762
307148,1,혜택·대학생 특화형,5.935272053171787,377.1428571428569,6.7803
308107,1,혜택·대학생 특화형,5.028256895446075,151.66666666666669,3.7363
308220,1,혜택·대학생 특화형,5.841004963462772,343.1250000000001,9.4718
301169,1,혜택·대학생 특화형,2.907204596046397,17.305555555555546,2.0867
304211,0,일반·범용 모집형,4.47785321004868,87.04545454545458,3.0809
305799,1,혜택·대학생 특화형,4.362092419773064,77.42105263157892,1.5636
305889,1,혜택·대학생 특화형,5.243416464529184,188.31578947368428,5.2823
307387,0,일반·범용 모집형,4.583508689206912,96.85714285714288,1.4749
308304,1,혜택·대학생 특화형,5.392490536565287,218.7500000000001,1.9429
288836,1,혜택·대학생 특화형,2.0127027996326627,6.483516483516486,0.339
290272,1,혜택·대학생 특화형,2.357114902453443,9.560439560439564,2.9885
302404,1,혜택·대학생 특화형,3.3332861760459447,27.030303030303024,3.2511
304233,1,혜택·대학생 특화형,3.531947131324801,33.19047619047618,1.0043
304804,1,혜택·대학생 특화형,3.4099310616309104,29.263157894736857,3.0576
304916,1,혜택·대학생 특화형,3.241769644734054,24.578947368421066,3.8544
305489,1,혜택·대학생 특화형,3.3193673634145235,26.642857142857153,1.3405
306438,1,혜택·대학생 특화형,4.143134726391533,61.99999999999999,0.5865
306510,1,혜택·대학생 특화형,6.572067350095804,713.8461538461545,4.0841
308161,1,혜택·대학생 특화형,4.394449154672439,80.00000000000003,0.3125
304854,1,혜택·대학생 특화형,7.476378001474345,1764.8333333333337,3.3368
303063,1,혜택·대학생 특화형,3.198673117550681,23.499999999999993,0.982
305125,1,혜택·대학생 특화형,2.4375044108934167,10.444444444444448,1.5957
305148,0,일반·범용 모집형,3.5091860197262514,32.42105263157895,2.9221
306112,0,일반·범용 모집형,3.20545280453606,23.66666666666667,1.7606
306752,0,일반·범용 모집형,4.158883083359672,63.00000000000003,1.1544
306926,1,혜택·대학생 특화형,2.845521191730813,16.21052631578948,2.9221
307595,1,혜택·대학생 특화형,4.28411692517192,71.53846153846152,1.3978
308031,0,일반·범용 모집형,4.1399550734741535,61.80000000000003,0.6472
308474,1,혜택·대학생 특화형,4.169245870395218,63.66666666666666,0.5236
302892,1,혜택·대학생 특화형,2.3180892795300108,9.156249999999998,0.0
304669,1,혜택·대학생 특화형,3.827553848801696,44.949999999999996,3.5595
304869,1,혜택·대학생 특화형,2.800325477211381,15.450000000000003,0.6472
307823,1,혜택·대학생 특화형,5.638862928556885,280.14285714285705,3.4676
308160,0,일반·범용 모집형,3.9889840465642745,53.00000000000001,3.0189
305025,1,혜택·대학생 특화형,2.916347244299425,17.47368421052631,3.9157
307388,0,일반·범용 모집형,3.998812135500538,53.53333333333339,2.7397
307567,1,혜택·대학생 특화형,4.925440448033024,136.75000000000003,2.3766
308243,0,일반·범용 모집형,5.358680516275127,211.44444444444443,5.4651
305718,0,일반·범용 모집형,4.262679877041316,70.00000000000007,1.3265
306386,1,혜택·대학생 특화형,4.410776047959867,81.33333333333333,2.7664
306463,1,혜택·대학생 특화형,5.394763264816289,219.25000000000006,3.0787
306593,1,혜택·대학생 특화형,5.703782474656201,298.99999999999994,3.7068
306653,0,일반·범용 모집형,3.958543021063039,51.38095238095239,3.8925
306862,0,일반·범용 모집형,6.313699001066422,551.0833333333331,1.7995
308086,1,혜택·대학생 특화형,2.571339155560308,12.083333333333334,0.0
308400,1,혜택·대학생 특화형,4.120661870539474,60.60000000000002,0.6601
308659,1,혜택·대학생 특화형,3.253813876229481,24.888888888888886,1.3393
303725,1,혜택·대학생 특화형,4.423348504235787,82.37499999999994,5.5134
305925,1,혜택·대학생 특화형,5.794346561071269,327.4374999999997,4.4283
290413,0,일반·범용 모집형,2.6240313450490342,12.791208791208792,3.0928
305027,1,혜택·대학생 특화형,4.533674184283021,92.1,1.1944
306111,1,혜택·대학생 특화형,3.454512440429877,30.642857142857135,1.6317
306292,1,혜택·대학생 특화형,3.2425923514855164,24.59999999999999,2.439
306488,1,혜택·대학생 특화형,3.440418094815436,30.199999999999985,0.9934
306490,1,혜택·대학생 특화형,4.154184562578118,62.70000000000003,1.5949
306854,1,혜택·대학생 특화형,3.7041469262447246,39.61538461538461,1.165
307537,1,혜택·대학생 특화형,2.661530185467317,13.318181818181815,0.3413
308176,1,혜택·대학생 특화형,3.680511204443419,38.66666666666664,2.5862
308835,0,일반·범용 모집형,5.820082930352362,335.99999999999994,4.3651
305805,1,혜택·대학생 특화형,4.675317945890173,106.26666666666665,0.7528
306274,1,혜택·대학생 특화형,4.0453877174955695,56.13333333333332,2.9691
306857,0,일반·범용 모집형,4.2770518470825545,71.02777777777779,1.9945
307038,1,혜택·대학생 특화형,4.810557015713042,121.79999999999995,2.8736
308202,1,혜택·대학생 특화형,3.6287755300442304,36.66666666666665,1.3636
308903,1,혜택·대학생 특화형,4.93806460126142,138.49999999999994,1.444
301202,1,혜택·대학생 특화형,3.914651127834416,49.131578947368446,4.9277
303576,1,혜택·대학생 특화형,2.257122718917288,8.555555555555554,1.2987
304538,1,혜택·대학생 특화형,2.758282326588543,14.772727272727272,3.0769
306145,1,혜택·대학생 특화형,5.001065843080105,147.57142857142856,1.6941
306650,1,혜택·대학생 특화형,6.983861253798532,1078.0769230769226,5.1302
306971,1,혜택·대학생 특화형,3.975936331171799,52.3,2.6769
307009,1,혜택·대학생 특화형,3.27336401015227,25.399999999999988,4.3307
307963,1,혜택·대학생 특화형,7.623703039464519,2045.125,4.7552
302703,1,혜택·대학생 특화형,5.027051531430918,151.48275862068974,2.4812
305842,1,혜택·대학생 특화형,3.267105607963848,25.23529411764706,3.7296
307960,1,혜택·대학생 특화형,2.953684037310492,18.176470588235304,4.8544
308219,1,혜택·대학생 특화형,5.9049725157545385,365.8571428571429,5.1542
304937,1,혜택·대학생 특화형,4.31748811353631,73.99999999999997,3.8378
306235,1,혜택·대학생 특화형,3.3700506526653187,28.080000000000002,3.7037
306729,0,일반·범용 모집형,4.179866735660263,64.35714285714288,4.3285
306731,1,혜택·대학생 특화형,3.80029304148484,43.714285714285715,4.2484
307363,1,혜택·대학생 특화형,5.41119952360471,222.90000000000012,1.8394
307800,1,혜택·대학생 특화형,4.2845712985231685,71.57142857142857,3.8922
308411,1,혜택·대학생 특화형,5.199285985941858,180.14285714285708,1.8239
308838,1,혜택·대학생 특화형,4.624972813284271,100.99999999999996,0.7426
301265,1,혜택·대학생 특화형,3.027965768128976,19.655172413793117,4.0351
302471,1,혜택·대학생 특화형,1.8845412026790211,5.583333333333333,1.99
306728,1,혜택·대학생 특화형,3.5695326964813705,34.500000000000014,4.5549
307157,1,혜택·대학생 특화형,4.290459441148391,71.99999999999999,4.0404
308834,1,혜택·대학생 특화형,4.166665223801727,63.50000000000004,1.5748
289833,1,혜택·대학생 특화형,2.963345299979275,18.36263736263737,6.0443
302144,1,혜택·대학생 특화형,3.335956859793755,27.105263157894747,3.5922
304537,1,혜택·대학생 특화형,4.829543749757501,124.1538461538461,7.28
304886,1,혜택·대학생 특화형,3.729353562041712,40.65217391304353,2.7807
306254,1,혜택·대학생 특화형,3.8250116284385167,44.83333333333335,2.6022
307441,0,일반·범용 모집형,2.9444389791664407,18.000000000000004,2.3148
307551,1,혜택·대학생 특화형,2.911746617480898,17.388888888888882,1.5974
307728,1,혜택·대학생 특화형,2.7932080094425173,15.33333333333334,2.7174
307955,1,혜택·대학생 특화형,4.970507503005477,143.10000000000005,3.5639
307970,0,일반·범용 모집형,4.28496492183075,71.59999999999997,4.1899
308175,0,일반·범용 모집형,3.4657359027997265,31.0,0.4032
308790,1,혜택·대학생 특화형,4.293195420967265,72.19999999999996,3.8781
308831,0,일반·범용 모집형,4.366912996863833,77.8,1.7995
308839,0,일반·범용 모집형,6.114124559843869,451.19999999999993,3.6348
309733,1,혜택·대학생 특화형,2.132686056198648,7.437499999999998,0.8403
289828,0,일반·범용 모집형,1.845248154179041,5.329670329670329,0.2062
304023,1,혜택·대학생 특화형,3.1763857732472487,22.96,2.7875
304101,1,혜택·대학생 특화형,3.7524409356036807,41.62499999999999,3.6036
305628,1,혜택·대학생 특화형,2.9177707320842794,17.500000000000004,3.0769
305651,1,혜택·대학생 특화형,6.20010341221931,491.79999999999984,0.854
305766,1,혜택·대학생 특화형,2.32998406718216,9.277777777777775,0.0
306604,1,혜택·대학생 특화형,4.259859000699674,69.79999999999997,1.7192
307175,1,혜택·대학생 특화형,3.2580965380214826,25.000000000000014,3.0909
307376,1,혜택·대학생 특화형,3.4339872044851463,30.0,2.7273
307394,0,일반·범용 모집형,3.3359568597937543,27.105263157894736,2.9126
307536,1,혜택·대학생 특화형,4.996597834420667,146.9090909090909,6.3119
308576,1,혜택·대학생 특화형,4.00369019395397,53.800000000000004,2.6022
308662,1,혜택·대학생 특화형,2.803360380906535,15.5,2.5806
308873,1,혜택·대학생 특화형,5.6011958858811,269.74999999999994,5.0046
309404,1,혜택·대학생 특화형,4.6443908991413725,102.99999999999999,2.2654
298590,1,혜택·대학생 특화형,3.234900585940898,24.403846153846157,4.4917
301050,1,혜택·대학생 특화형,3.079346413595124,20.74418604651162,0.7848
301187,1,혜택·대학생 특화형,2.180417459019838,7.849999999999998,2.8662
302146,0,일반·범용 모집형,1.6657187483326903,4.289473684210528,0.0
303356,1,혜택·대학생 특화형,3.5206883596636955,32.80769230769233,5.3927
305092,1,혜택·대학생 특화형,2.6160678113905598,12.68181818181818,3.9427
305500,1,혜택·대학생 특화형,2.507790943621588,11.277777777777775,1.9704
305666,1,혜택·대학생 특화형,4.331464067392284,75.05555555555556,4.3671
305735,1,혜택·대학생 특화형,2.5784327077988234,12.176470588235288,1.4493
305982,0,일반·범용 모집형,3.1329333950674765,21.941176470588246,2.4129
306132,1,혜택·대학생 특화형,2.963983575239411,18.375000000000007,0.6803
306430,0,일반·범용 모집형,4.382026634673881,78.99999999999997,2.7981
306877,1,혜택·대학생 특화형,3.251665647691192,24.83333333333334,2.0134
306949,1,혜택·대학생 특화형,3.2503744919275723,24.800000000000015,2.957
306981,1,혜택·대학생 특화형,3.2802844529968445,25.58333333333334,1.9544
307121,1,혜택·대학생 특화형,2.627081138568543,12.833333333333332,1.2987
307413,1,혜택·대학생 특화형,4.30406509320417,73.00000000000003,3.653
307740,1,혜택·대학생 특화형,3.919991175077323,49.4,3.2389
307772,1,혜택·대학생 특화형,3.030133700271324,19.700000000000006,0.5076
309246,1,혜택·대학생 특화형,2.644992065135073,13.083333333333332,2.5478
309412,1,혜택·대학생 특화형,4.564348191467836,94.99999999999999,0.7018
296740,1,혜택·대학생 특화형,4.106298149035042,59.72151898734174,2.8826
307111,1,혜택·대학생 특화형,7.970135716728187,2892.2499999999995,3.1406
303534,1,혜택·대학생 특화형,7.440440237101024,1702.5000000000045,2.2704
307451,1,혜택·대학생 특화형,3.1060803307228566,21.33333333333334,1.5625
309259,1,혜택·대학생 특화형,5.239628370199357,187.6,2.6652
301061,1,혜택·대학생 특화형,3.129409004453604,21.860465116279066,4.2553
298835,1,혜택·대학생 특화형,4.343805421853684,76.00000000000001,3.5088
307573,1,혜택·대학생 특화형,3.246490991901175,24.700000000000024,1.2146
304433,1,혜택·대학생 특화형,4.923064320001927,136.42307692307685,2.0017
300437,1,혜택·대학생 특화형,3.9428473636285215,50.56521739130437,3.3964
305124,1,혜택·대학생 특화형,3.104212916548061,21.291666666666668,2.3483
305843,1,혜택·대학생 특화형,3.524888854004705,32.949999999999996,1.8209
306110,0,일반·범용 모집형,4.43147795589219,83.05555555555549,6.9565
306328,1,혜택·대학생 특화형,3.0963757993336785,21.11764705882353,1.3928
306454,1,혜택·대학생 특화형,4.61512051684126,100.00000000000003,2.0556
306552,0,일반·범용 모집형,5.521016374623096,248.88888888888872,1.6518
306842,1,혜택·대학생 특화형,5.321964136268111,203.78571428571422,3.6803
307086,1,혜택·대학생 특화형,3.951243718581429,51.00000000000008,3.2295
307145,1,혜택·대학생 특화형,4.142000296320922,61.928571428571495,1.6148
307562,1,혜택·대학생 특화형,5.749392985908253,312.9999999999999,1.8371
307682,1,혜택·대학생 특화형,3.9070104636046015,48.749999999999986,2.5641
308649,1,혜택·대학생 특화형,4.302712827954156,72.90000000000002,4.6639
308690,1,혜택·대학생 특화형,4.087176072743488,58.57142857142856,0.7317
308716,0,일반·범용 모집형,3.80273321163043,43.823529411764696,3.8926
308886,1,혜택·대학생 특화형,5.0095235652435655,148.83333333333337,2.3516
308997,1,혜택·대학생 특화형,3.767822656454056,42.285714285714285,3.0405
309078,1,혜택·대학생 특화형,4.619354820980048,100.42857142857144,3.6984
305263,1,혜택·대학생 특화형,5.487559366186566,240.6666666666668,3.5615
303191,0,일반·범용 모집형,3.0295296531372813,19.687499999999993,2.6984
304421,1,혜택·대학생 특화형,3.091042453358316,21.000000000000004,2.2109
304823,1,혜택·대학생 특화형,3.1161784266298587,21.560000000000013,2.4119
305617,1,혜택·대학생 특화형,4.8744336729158535,129.8999999999999,2.3865
306690,1,혜택·대학생 특화형,4.186083309658829,64.764705882353,4.723
306941,1,혜택·대학생 특화형,5.086714111972693,160.85714285714286,3.1083
307181,1,혜택·대학생 특화형,4.866984848902864,128.92857142857147,7.036
307360,1,혜택·대학생 특화형,2.6977408314433493,13.846153846153854,2.2222
307386,1,혜택·대학생 특화형,3.9673849347608128,51.846153846153854,1.9288
307402,1,혜택·대학생 특화형,2.014903020542264,6.499999999999993,0.0
307704,1,혜택·대학생 특화형,5.758112819201249,315.7500000000001,6.0702
308585,0,일반·범용 모집형,4.616533944638407,100.14285714285721,3.7565
309482,1,혜택·대학생 특화형,4.255612709818223,69.5,1.199
308430,1,혜택·대학생 특화형,5.711136321104809,301.21428571428584,1.6125
305512,0,일반·범용 모집형,4.309359931085767,73.39285714285708,1.5085
307574,1,혜택·대학생 특화형,6.262078711047614,523.307692307692,4.6156
307091,1,혜택·대학생 특화형,4.326676539590717,74.69230769230771,4.7374
307140,1,혜택·대학생 특화형,6.047878636388074,422.21428571428584,4.5001
302648,1,혜택·대학생 특화형,4.326966857490855,74.71428571428577,3.5373
303522,1,혜택·대학생 특화형,4.506138805381912,89.57142857142854,1.7544
304516,1,혜택·대학생 특화형,2.5893739094686112,12.321428571428566,3.7681
305457,1,혜택·대학생 특화형,3.828641396489095,45.0,8.3333
305532,1,혜택·대학생 특화형,2.804677036791282,15.521739130434785,2.8011
305881,1,혜택·대학생 특화형,4.877103901471734,130.25000000000009,4.3378
306419,1,혜택·대학생 특화형,3.5655004329534314,34.35714285714285,3.5343
307187,1,혜택·대학생 특화형,3.5450915613222245,33.64285714285714,1.9108
307452,0,일반·범용 모집형,3.5538431703099933,33.94736842105263,3.1008
307702,0,일반·범용 모집형,3.1245651453969594,21.75,1.1494
307932,1,혜택·대학생 특화형,3.416235259026696,29.454545454545457,5.2469
308253,1,혜택·대학생 특화형,4.144354982796762,62.07692307692308,3.7175
308722,0,일반·범용 모집형,4.367335919263878,77.83333333333334,1.9272
309409,1,혜택·대학생 특화형,4.486386649998124,87.79999999999998,1.3667
306426,1,혜택·대학생 특화형,4.361277130659972,77.35714285714289,3.9705
305728,0,일반·범용 모집형,5.436705367786521,228.68421052631584,3.4292
306979,0,일반·범용 모집형,4.421575091316194,82.22727272727269,4.8093
307969,1,혜택·대학생 특화형,7.137339582510948,1257.0769230769233,4.4976
305953,0,일반·범용 모집형,6.706105268168368,816.3809523809515,3.0565
306262,1,혜택·대학생 특화형,4.657129924918802,104.33333333333331,4.1534
306390,1,혜택·대학생 특화형,3.772760938094638,42.49999999999998,2.3529
307180,1,혜택·대학생 특화형,5.047716969000788,154.66666666666677,4.7414
308116,1,혜택·대학생 특화형,3.7070467580693856,39.73333333333335,2.5168
309569,1,혜택·대학생 특화형,4.7797235531355335,118.07142857142836,0.9679
304423,0,일반·범용 모집형,4.542788068299192,92.9523809523809,0.5635
304581,1,혜택·대학생 특화형,4.355792656217812,76.92857142857139,6.221
307018,0,일반·범용 모집형,3.025291075795536,19.60000000000001,1.7007
307483,1,혜택·대학생 특화형,3.904214822980335,48.61111111111115,4.5714
307866,1,혜택·대학생 특화형,3.684704082703455,38.833333333333314,1.4306
309214,1,혜택·대학생 특화형,5.3698625337111325,213.83333333333337,4.9104
309991,0,일반·범용 모집형,3.555348061489414,34.00000000000001,0.0
307944,1,혜택·대학생 특화형,4.877738620629824,130.33333333333331,0.8312
302603,1,혜택·대학생 특화형,5.927814520031526,374.3333333333333,3.9523
306453,1,혜택·대학생 특화형,4.476073390431434,86.88888888888887,0.6394
306726,1,혜택·대학생 특화형,3.864232341591798,46.66666666666668,4.5238
306966,1,혜택·대학생 특화형,4.060443010546419,56.999999999999986,3.3918
307369,1,혜택·대학생 특화형,4.391846680854857,79.78947368421052,2.1768
307375,1,혜택·대학생 특화형,4.448906163513427,84.53333333333337,3.47
308569,1,혜택·대학생 특화형,3.8881028217104943,47.81818181818183,0.7605
308948,1,혜택·대학생 특화형,5.684065557972477,293.1428571428573,5.6043
307710,1,혜택·대학생 특화형,6.616888654041933,746.615384615384,3.6987
290581,1,혜택·대학생 특화형,2.831919682814996,15.978021978021985,1.8569
290590,1,혜택·대학생 특화형,3.120087074373609,21.648351648351646,2.7919
290721,1,혜택·대학생 특화형,3.206046628781537,23.68131868131864,0.7425
306358,0,일반·범용 모집형,2.8243506567983707,15.850000000000001,1.2618
307561,0,일반·범용 모집형,5.285569793725534,196.46666666666664,2.8843
307706,1,혜택·대학생 특화형,5.381213143203979,216.2857142857142,1.4861
307924,1,혜택·대학생 특화형,4.653227480941871,103.923076923077,3.4049
308643,0,일반·범용 모집형,3.737669618283368,40.999999999999986,1.355
308729,0,일반·범용 모집형,3.763780762287054,42.111111111111114,1.5831
307066,1,혜택·대학생 특화형,6.896460968469698,987.7692307692336,3.5278
290578,1,혜택·대학생 특화형,3.325905276747217,26.824175824175825,3.3593
304676,1,혜택·대학생 특화형,3.725693427236653,40.50000000000001,4.4092
305256,1,혜택·대학생 특화형,2.779774381900656,15.115384615384624,4.0712
306617,1,혜택·대학생 특화형,2.749293159636259,14.63157894736842,2.518
307407,0,일반·범용 모집형,3.194583132299156,23.39999999999999,1.9943
307926,1,혜택·대학생 특화형,4.331744974161174,75.07692307692301,3.3811
308803,1,혜택·대학생 특화형,4.636114989837513,102.14285714285718,2.0979
308989,1,혜택·대학생 특화형,3.198673117550681,23.499999999999993,1.5957
309314,0,일반·범용 모집형,5.717575796788537,303.1666666666666,3.3535
291039,1,혜택·대학생 특화형,2.2165722183340058,8.175824175824179,4.4355
305620,1,혜택·대학생 특화형,3.49650756146648,31.999999999999986,3.267
306239,1,혜택·대학생 특화형,3.994021840594232,53.2727272727273,4.9488
306424,0,일반·범용 모집형,4.174387269895638,64.00000000000004,6.3039
306892,1,혜택·대학생 특화형,3.584547216181676,35.03703703703703,3.1712
308731,1,혜택·대학생 특화형,3.715786907033861,40.0909090909091,2.1542
308740,1,혜택·대학생 특화형,3.84445768593238,45.733333333333334,2.0408
308154,0,일반·범용 모집형,4.441810567075523,83.92857142857139,3.4043
308793,0,일반·범용 모집형,3.3250360206965914,26.8,1.1194
309184,0,일반·범용 모집형,4.627420794922911,101.25000000000003,4.9383
309302,1,혜택·대학생 특화형,5.7872807434568925,325.125,5.7286
309339,0,일반·범용 모집형,3.3629761688419584,27.87500000000002,2.6906
309993,1,혜택·대학생 특화형,3.332204510175204,26.999999999999996,2.963
310371,1,혜택·대학생 특화형,4.660289485209171,104.6666666666667,1.2739
305579,0,일반·범용 모집형,4.515344936414336,90.4090909090909,3.7707
307016,1,혜택·대학생 특화형,3.97472159964371,52.23529411764706,3.3784
307123,0,일반·범용 모집형,3.4908095403518424,31.8125,2.7505
307575,1,혜택·대학생 특화형,5.062199385148413,156.93750000000006,1.7125
307588,0,일반·범용 모집형,3.5418114757718806,33.52941176470589,2.807
307951,1,혜택·대학생 특화형,2.860294302658888,16.466666666666686,4.0486
308162,1,혜택·대학생 특화형,3.101477330650896,21.230769230769244,0.0
308998,1,혜택·대학생 특화형,4.447866392169425,84.4444444444445,2.7632
309283,1,혜택·대학생 특화형,4.645458704902202,103.11111111111103,2.1552
309486,1,혜택·대학생 특화형,3.401197381662155,28.99999999999999,1.4778
310375,1,혜택·대학생 특화형,4.634728988229635,101.99999999999991,1.3072
305120,1,혜택·대학생 특화형,6.406021531894364,604.4799999999998,5.0821
304985,1,혜택·대학생 특화형,3.0191403644520056,19.47368421052631,4.3243
306968,1,혜택·대학생 특화형,3.930793108110137,49.947368421052644,3.8988
307027,1,혜택·대학생 특화형,4.407206933204179,81.03999999999995,3.6032
307183,1,혜택·대학생 특화형,3.841148665841488,45.57894736842101,4.2725
307404,1,혜택·대학생 특화형,3.4863551900024623,31.66666666666667,3.1579
308043,1,혜택·대학생 특화형,3.038152989437943,19.86666666666666,0.6711
308414,1,혜택·대학생 특화형,4.0684567912699725,57.46666666666664,3.9443
309529,0,일반·범용 모집형,3.5198031240700023,32.77777777777778,0.339
310137,1,혜택·대학생 특화형,3.11482164512443,21.529411764705884,5.7377
299609,1,혜택·대학생 특화형,4.398783597411506,80.35185185185192,1.4519
307462,1,혜택·대학생 특화형,4.710530701645918,110.11111111111111,5.449
307774,1,혜택·대학생 특화형,3.20226808846854,23.588235294117645,3.7406
307921,1,혜택·대학생 특화형,4.470209200553975,86.37500000000004,0.2171
307946,1,혜택·대학생 특화형,3.968303841326736,51.89473684210528,2.9412
308040,0,일반·범용 모집형,3.345508475801568,27.37500000000004,2.5114
308117,1,혜택·대학생 특화형,4.636770847029906,102.2105263157895,3.862
308560,1,혜택·대학생 특화형,4.003690193953969,53.799999999999955,3.5936
308779,1,혜택·대학생 특화형,3.4249139082794717,29.72000000000001,2.288
308782,1,혜택·대학생 특화형,3.0937126819141945,21.058823529411757,1.1173
308919,1,혜택·대학생 특화형,5.527262239426332,250.45454545454533,1.0526
308953,0,일반·범용 모집형,2.813410716760037,15.666666666666675,2.1277
310067,0,일반·범용 모집형,4.203334845930505,65.90909090909086,2.4828
310963,0,일반·범용 모집형,4.056123349401903,56.75000000000002,0.0
308307,0,일반·범용 모집형,3.997053254612721,53.437499999999964,1.9883
308678,1,혜택·대학생 특화형,4.265924877184642,70.23076923076921,2.7382
310085,1,혜택·대학생 특화형,3.790662148423879,43.285714285714306,0.9901
308371,1,혜택·대학생 특화형,3.975310744664065,52.26666666666669,2.6786
307773,1,혜택·대학생 특화형,7.04417066678651,1145.157894736842,3.5849
291128,0,일반·범용 모집형,3.0507822390719297,20.13186813186813,2.238
306875,1,혜택·대학생 특화형,4.087176072743488,58.57142857142856,1.7073
308251,1,혜택·대학생 특화형,4.672828834461907,106.00000000000006,2.9412
308381,0,일반·범용 모집형,7.055312843339752,1158.0,2.5043
308404,1,혜택·대학생 특화형,4.001254139156089,53.666666666666664,2.0704
308626,1,혜택·대학생 특화형,2.9506118382735216,18.117647058823533,1.9481
309147,1,혜택·대학생 특화형,4.4238481295272205,82.41666666666669,3.9434
309201,1,혜택·대학생 특화형,3.917010546939185,49.24999999999999,5.0761
309204,1,혜택·대학생 특화형,4.336200822468465,75.41666666666669,4.3094
309234,1,혜택·대학생 특화형,3.444682493601895,30.333333333333364,3.5714
309375,1,혜택·대학생 특화형,4.712528704308591,110.33333333333334,4.7583
309645,1,혜택·대학생 특화형,5.188980702510571,178.28571428571436,3.125
309848,1,혜택·대학생 특화형,3.1229940531649185,21.714285714285722,2.193
310155,1,혜택·대학생 특화형,5.231643233280044,186.10000000000005,4.6749
307013,1,혜택·대학생 특화형,3.657437928279118,37.76190476190478,2.5221
306750,1,혜택·대학생 특화형,4.669318005811843,105.62499999999999,4.2998
307186,1,혜택·대학생 특화형,3.758982819884915,41.90476190476191,4.2045
307308,1,혜택·대학생 특화형,3.636332241066792,36.952380952380956,3.9948
307681,1,혜택·대학생 특화형,4.010199885714547,54.15789473684211,3.5957
308805,1,혜택·대학생 특화형,3.9457340627704576,50.71428571428571,3.9437
310469,1,혜택·대학생 특화형,3.559421386877049,34.142857142857125,3.4868
310474,1,혜택·대학생 특화형,5.8054361283827,331.0999999999998,3.3827
307015,0,일반·범용 모집형,4.470209200553975,86.37500000000004,3.0391
307138,1,혜택·대학생 특화형,4.676382814213356,106.38095238095238,3.8048
307927,0,일반·범용 모집형,3.467470508611935,31.055555555555557,1.61
309291,0,일반·범용 모집형,4.278648280220047,71.14285714285715,4.5181
309307,0,일반·범용 모집형,2.465104022491821,10.764705882352946,0.2732
309604,1,혜택·대학생 특화형,5.82626823983949,338.09090909090895,4.8131
310118,1,혜택·대학생 특화형,5.0805166596443225,159.8571428571429,5.8981
310959,0,일반·범용 모집형,4.805659046737495,121.20000000000002,1.9802
311283,1,혜택·대학생 특화형,2.812233553587021,15.647058823529406,0.7519
308682,1,혜택·대학생 특화형,6.730080054107921,836.2142857142851,4.288
310874,1,혜택·대학생 특화형,4.037186148382152,55.666666666666664,2.3952
307971,1,혜택·대학생 특화형,4.247780701111489,68.94999999999995,0.2175
308060,1,혜택·대학생 특화형,3.906292330719161,48.714285714285715,3.4457
308082,1,혜택·대학생 특화형,3.986666548423912,52.875000000000014,3.7037
308879,1,혜택·대학생 특화형,5.414511839519283,223.64285714285722,5.2379
308875,1,혜택·대학생 특화형,3.68219046596314,38.73333333333334,6.0241
309616,1,혜택·대학생 특화형,6.034284544290911,416.5000000000005,2.7611
309664,1,혜택·대학생 특화형,4.165557190447365,63.42857142857143,0.5631
310003,1,혜택·대학생 특화형,3.385929909531367,28.54545454545455,1.5924
305496,0,일반·범용 모집형,5.003030694711036,147.86363636363632,2.5208
304808,1,혜택·대학생 특화형,3.846918667680887,45.84848484848485,5.8824
308646,1,혜택·대학생 특화형,3.4446824936018947,30.33333333333335,2.6374
309348,0,일반·범용 모집형,3.12456514539696,21.75000000000001,2.7915
309523,1,혜택·대학생 특화형,5.1154956847124,165.58333333333334,6.0393
310200,1,혜택·대학생 특화형,5.779971613013747,322.7499999999999,5.0736
310443,1,혜택·대학생 특화형,5.161515325055391,173.4285714285714,5.6013
310597,1,혜택·대학생 특화형,3.747821989747387,41.42857142857145,1.3793
304858,1,혜택·대학생 특화형,4.375757021660285,78.49999999999993,5.8449
291993,0,일반·범용 모집형,3.5403149941181145,33.47777777777775,8.1978
269129,1,혜택·대학생 특화형,2.840613111431104,16.12626262626264,1.6912
269137,1,혜택·대학생 특화형,2.472626165156488,10.853535353535351,3.2108
299762,1,혜택·대학생 특화형,2.4415839678007014,10.491228070175435,2.6756
303100,0,일반·범용 모집형,2.503034034380557,11.219512195121952,0.2174
307060,1,혜택·대학생 특화형,4.481773597699197,87.39130434782611,6.8159
307465,1,혜택·대학생 특화형,3.1874789708075286,23.227272727272727,3.9139
307546,1,혜택·대학생 특화형,3.0888756052732256,20.952380952380953,4.0909
309408,1,혜택·대학생 특화형,3.4612616224048054,30.857142857142854,3.2407
309760,1,혜택·대학생 특화형,3.672072335797555,38.333333333333336,0.0
309875,1,혜택·대학생 특화형,4.686395625910677,107.46153846153845,4.4381
309924,0,일반·범용 모집형,3.352094668654423,27.56249999999999,3.1746
309981,0,일반·범용 모집형,5.317674261721837,202.90909090909082,4.5251
310326,1,혜택·대학생 특화형,4.956296430996408,141.06666666666686,4.3006
310456,1,혜택·대학생 특화형,2.8134107167600364,15.666666666666668,1.0638
310571,1,혜택·대학생 특화형,3.457892725338701,30.750000000000007,1.2195
311262,1,혜택·대학생 특화형,4.241326752570747,68.50000000000004,2.4331
311453,1,혜택·대학생 특화형,3.8155121050473024,44.400000000000006,1.3514
269133,1,혜택·대학생 특화형,1.5426072039516443,3.6767676767676774,2.8846
276559,0,일반·범용 모집형,3.524349003411255,32.93167701863354,3.2629
305593,1,혜택·대학생 특화형,2.3929691544623144,9.945945945945942,1.087
306028,1,혜택·대학생 특화형,3.914876074410553,49.14285714285716,4.5058
306859,1,혜택·대학생 특화형,3.1542213549798475,22.434782608695652,2.7132
307291,0,일반·범용 모집형,2.3530159466209377,9.517241379310345,1.8116
307572,1,혜택·대학생 특화형,2.740840023925201,14.499999999999998,0.627
308000,1,혜택·대학생 특화형,3.4483989831464497,30.450000000000003,3.7767
308101,1,혜택·대학생 특화형,3.3603753871419,27.799999999999997,4.8561
308110,1,혜택·대학생 특화형,3.66612246699132,38.099999999999994,1.4436
308776,1,혜택·대학생 특화형,4.604300242479551,98.91304347826087,5.5385
308783,1,혜택·대학생 특화형,4.815712940543822,122.43478260869571,2.9119
309223,1,혜택·대학생 특화형,4.163041093508336,63.266666666666694,3.4773
309260,1,혜택·대학생 특화형,6.566232811384943,709.6875000000007,3.9982
309304,1,혜택·대학생 특화형,2.4881066525186712,11.03846153846154,1.3937
309521,1,혜택·대학생 특화형,5.354043130703709,210.46153846153848,5.7749
309592,1,혜택·대학생 특화형,4.011520211586687,54.2307692307692,2.4113
309651,1,혜택·대학생 특화형,3.864770120577601,46.69230769230771,0.4942
310255,1,혜택·대학생 특화형,4.208664819251399,66.26666666666667,2.3139
310449,1,혜택·대학생 특화형,3.3440389678222067,27.333333333333332,4.878
299209,1,혜택·대학생 특화형,3.5950265453075896,35.41666666666666,2.6353
310809,1,혜택·대학생 특화형,4.21635146899467,66.78571428571435,3.7433
299379,1,혜택·대학생 특화형,3.0648400809642924,20.431034482758633,0.5907
305206,1,혜택·대학생 특화형,3.4992585948383703,32.0909090909091,2.4551
305820,1,혜택·대학생 특화형,3.3734345846847997,28.178571428571452,4.0558
306613,1,혜택·대학생 특화형,3.657626910609832,37.769230769230774,2.7495
307790,1,혜택·대학생 특화형,3.505128304510388,32.28571428571431,1.7699
307964,1,혜택·대학생 특화형,2.4973291697865583,11.15000000000001,1.3453
308159,1,혜택·대학생 특화형,3.494911391933658,31.94736842105263,3.1301
308163,1,혜택·대학생 특화형,2.226045015871712,8.263157894736848,0.0
308342,1,혜택·대학생 특화형,4.006375789276143,53.94736842105262,3.8049
308352,1,혜택·대학생 특화형,4.083873262354806,58.37500000000004,3.3191
309301,1,혜택·대학생 특화형,3.3032169733019514,26.199999999999992,3.5623
309654,1,혜택·대학생 특화형,2.8830989985670845,16.869565217391298,1.1598
310455,1,혜택·대학생 특화형,2.767366778258629,14.916666666666659,2.2346
310464,1,혜택·대학생 특화형,3.004031076368686,19.166666666666664,2.1739
310519,1,혜택·대학생 특화형,3.26011878340225,25.052631578947373,3.3613
305528,1,혜택·대학생 특화형,5.4734290867752415,237.27586206896552,2.2526
300900,1,혜택·대학생 특화형,2.125087049169796,7.3736263736263705,1.3413
306980,1,혜택·대학생 특화형,3.3856931951261897,28.538461538461526,1.8868
292113,0,일반·범용 모집형,2.194779588343153,7.978021978021978,4.6832
293375,1,혜택·대학생 특화형,2.1996636029355776,8.021978021978017,1.9178
307273,1,혜택·대학생 특화형,3.507668391604009,32.370370370370374,2.9748
306886,1,혜택·대학생 특화형,5.509219631439893,245.95833333333348,5.4379
305808,1,혜택·대학생 특화형,2.6366735382599824,12.966666666666667,0.5141
292112,0,일반·범용 모집형,3.2149119350711013,23.901098901098894,1.6092
298854,1,혜택·대학생 특화형,2.262220869138685,8.604395604395602,1.0217
307055,1,혜택·대학생 특화형,1.910762761289668,5.75824175824176,0.5725
308686,1,혜택·대학생 특화형,3.852647603012143,46.11764705882352,2.551
309587,1,혜택·대학생 특화형,4.14878765269432,62.357142857142826,5.0401
308925,1,혜택·대학생 특화형,4.185188455012985,64.70588235294119,2.0909
309531,1,혜택·대학생 특화형,3.3343031468321254,27.05882352941177,1.3043
309549,0,일반·범용 모집형,3.570471223063634,34.533333333333324,0.5792
310192,1,혜택·대학생 특화형,5.566051801190122,260.40000000000015,5.5684
310361,1,혜택·대학생 특화형,4.018837009713955,54.636363636363626,3.1614
311443,1,혜택·대학생 특화형,5.052599493195288,155.42857142857144,3.8603
308373,1,혜택·대학생 특화형,3.998637478264917,53.523809523809526,1.6904
308712,0,일반·범용 모집형,2.9026418504879787,17.222222222222218,2.2581
309617,1,혜택·대학생 특화형,4.142252503131842,61.94444444444447,4.2152
311809,0,일반·범용 모집형,6.073044534100404,432.9999999999997,0.6351
293450,0,일반·범용 모집형,2.4867364764650763,11.02197802197802,1.3958
309548,0,일반·범용 모집형,3.3393219779440684,27.200000000000014,0.7353
309551,0,일반·범용 모집형,3.3945083935113587,28.799999999999997,1.3889
310174,1,혜택·대학생 특화형,3.416464853792944,29.461538461538463,2.611
310261,1,혜택·대학생 특화형,4.36829644186198,77.90909090909092,1.0502
310783,1,혜택·대학생 특화형,4.139601153810222,61.77777777777782,2.1583
311452,1,혜택·대학생 특화형,3.2744456760230114,25.428571428571427,0.0
312138,0,일반·범용 모집형,4.848116364598481,126.50000000000006,0.7905
311062,1,혜택·대학생 특화형,5.235681795556552,186.8571428571429,4.9312
311412,1,혜택·대학생 특화형,3.530030253505124,33.12500000000001,2.9245
306297,1,혜택·대학생 특화형,3.200032737066721,23.533333333333342,4.5326
309066,1,혜택·대학생 특화형,3.102933199879837,21.26315789473683,2.2277
309411,1,혜택·대학생 특화형,5.6675794259922405,288.33333333333337,2.659
309928,1,혜택·대학생 특화형,3.751462940415704,41.58333333333333,1.002
310094,1,혜택·대학생 특화형,2.983153491347131,18.750000000000007,0.4444
310441,1,혜택·대학생 특화형,5.011241171121758,149.09090909090912,4.1463
310941,1,혜택·대학생 특화형,3.71153747800652,39.91666666666666,0.8351
311175,0,일반·범용 모집형,3.0719214119115383,20.583333333333353,0.4049
312009,0,일반·범용 모집형,3.7612001156935615,41.99999999999996,1.7857
312026,0,일반·범용 모집형,3.3596034843633187,27.777777777777786,1.2
312421,1,혜택·대학생 특화형,5.178031200673535,176.33333333333346,1.5123
307178,1,혜택·대학생 특화형,4.198935551100899,65.61538461538464,4.4549
309252,0,일반·범용 모집형,4.671269987692615,105.83333333333337,4.3307
309560,0,일반·범용 모집형,3.020424886144362,19.499999999999993,3.4188
309818,1,혜택·대학생 특화형,5.504518197131934,244.79999999999987,4.4662
310243,1,혜택·대학생 특화형,4.5738515027306645,95.91666666666671,5.2129
311017,1,혜택·대학생 특화형,5.311562593298057,201.66666666666666,5.3994
309804,1,혜택·대학생 특화형,6.501790045832292,665.3333333333346,5.1202
302084,1,혜택·대학생 특화형,3.2708355637989115,25.333333333333325,4.0205
306447,0,일반·범용 모집형,3.1439127863947456,22.194444444444446,2.1277
309506,1,혜택·대학생 특화형,2.908720896564361,17.333333333333332,1.6026
309614,0,일반·범용 모집형,4.861103560125293,128.16666666666677,4.9415
310133,1,혜택·대학생 특화형,3.5765502691400166,34.75,3.3573
310246,1,혜택·대학생 특화형,3.5765502691400166,34.75,2.1583
311409,1,혜택·대학생 특화형,4.285309215172076,71.62500000000009,1.0471
311808,1,혜택·대학생 특화형,4.409155302062134,81.19999999999996,1.4778
311040,1,혜택·대학생 특화형,4.318699500722607,74.09090909090905,3.0675
310731,1,혜택·대학생 특화형,3.3224165038090416,26.72727272727274,0.6803
310958,0,일반·범용 모집형,5.1343267664388055,168.75,2.8148
307002,1,혜택·대학생 특화형,6.681795265158352,796.7499999999995,3.447
310311,1,혜택·대학생 특화형,4.586424143167036,97.1428571428571,1.8382
310363,1,혜택·대학생 특화형,4.619354820980048,100.42857142857144,0.6401
310567,1,혜택·대학생 특화형,2.8903717578961645,16.999999999999996,2.7682
311397,0,일반·범용 모집형,3.64283551561253,37.20000000000001,5.1075
311438,0,일반·범용 모집형,4.377014092850337,78.59999999999998,4.3257
311694,1,혜택·대학생 특화형,5.948780701370311,382.2857142857145,3.7743
311758,1,혜택·대학생 특화형,3.447717397297048,30.428571428571423,0.939
311912,1,혜택·대학생 특화형,5.5157302431532615,247.5714285714286,4.1546
313044,1,혜택·대학생 특화형,2.4849066497880004,11.0,0.8264
310159,1,혜택·대학생 특화형,6.848990533665498,941.9285714285688,3.8219
308797,1,혜택·대학생 특화형,4.212480269368649,66.52380952380949,1.2169
308959,0,일반·범용 모집형,3.9560398908449206,51.25000000000001,3.252
309073,1,혜택·대학생 특화형,2.628285232633348,12.850000000000009,0.3891
309430,1,혜택·대학생 특화형,4.829912458666,124.20000000000019,4.1868
309630,0,일반·범용 모집형,3.913688284747208,49.08333333333337,3.2258
309979,1,혜택·대학생 특화형,4.3652195163575005,77.66666666666667,3.2904
310885,1,혜택·대학생 특화형,2.489944443817957,11.060606060606055,2.1918
311451,0,일반·범용 모집형,3.6375861597263857,36.99999999999999,2.7027
311478,1,혜택·대학생 특화형,3.929956473301622,49.9047619047619,0.9542
310141,1,혜택·대학생 특화형,4.843061593936857,125.85714285714285,4.2565
302182,1,혜택·대학생 특화형,4.506454213048934,89.60000000000001,3.0506
307429,1,혜택·대학생 특화형,4.172737558220968,63.89285714285718,5.1425
293263,0,일반·범용 모집형,3.536330055653652,33.34065934065934,2.5049
306988,1,혜택·대학생 특화형,4.672828834461907,106.00000000000006,3.6051
307294,1,혜택·대학생 특화형,6.059296250873394,427.0740740740739,2.9226
308276,1,혜택·대학생 특화형,3.225520367586869,24.166666666666657,1.7241
309490,1,혜택·대학생 특화형,3.3749294548415447,28.22222222222221,2.3622
310422,1,혜택·대학생 특화형,3.282521090028557,25.642857142857146,1.3928
310447,1,혜택·대학생 특화형,5.167858172960484,174.5384615384615,6.5227
310475,0,일반·범용 모집형,4.790691745512717,119.38461538461542,2.384
310500,1,혜택·대학생 특화형,4.769473237279367,116.85714285714282,4.6455
310956,1,혜택·대학생 특화형,3.1952659592290678,23.416666666666686,2.1352
310997,0,일반·범용 모집형,4.923623917106625,136.49999999999991,5.4945
311155,1,혜택·대학생 특화형,4.008289665458428,54.0526315789474,1.2658
312874,1,혜택·대학생 특화형,3.850147601710059,46.000000000000014,1.087
309032,1,혜택·대학생 특화형,4.1446453006969,62.095238095238116,2.3006
309888,0,일반·범용 모집형,3.42957867420038,29.863636363636363,3.653
309990,0,일반·범용 모집형,3.4206154675192573,29.588235294117656,1.1928
310935,1,혜택·대학생 특화형,3.255133572890825,24.92307692307692,1.2346
312599,1,혜택·대학생 특화형,5.76456394691606,317.80000000000007,4.5941
309236,1,혜택·대학생 특화형,2.8061114142784254,15.545454545454554,2.6316
311131,0,일반·범용 모집형,4.42484663185681,82.50000000000001,2.3232
311446,0,일반·범용 모집형,2.880219386432147,16.818181818181824,3.2432
311449,0,일반·범용 모집형,3.233316509022995,24.363636363636367,0.3731
312021,0,일반·범용 모집형,3.808882246508632,44.099999999999966,1.5873
312829,1,혜택·대학생 특화형,5.181783550292086,177.00000000000014,2.5424
294474,1,혜택·대학생 특화형,2.488562960991111,11.043956043956047,1.194
307778,0,일반·범용 모집형,3.372209844788903,28.142857142857142,0.5076
310479,1,혜택·대학생 특화형,3.845883202923602,45.80000000000005,2.1834
310738,0,일반·범용 모집형,3.4522525524624394,30.57142857142857,2.5701
311810,1,혜택·대학생 특화형,4.195320479562103,65.37499999999999,5.1625
312322,1,혜택·대학생 특화형,3.633190548253348,36.83333333333334,0.4525
312809,1,혜택·대학생 특화형,5.418320158942733,224.50000000000003,1.8931
309798,1,혜택·대학생 특화형,2.6759618865507098,13.526315789473687,1.9455
310801,1,혜택·대학생 특화형,4.505349850705881,89.50000000000003,2.1548
311830,1,혜택·대학생 특화형,4.359908829420263,77.25000000000003,2.9126
313322,1,혜택·대학생 특화형,5.751513877477391,313.66666666666674,0.5313
311330,1,혜택·대학생 특화형,5.733700795147168,308.111111111111,5.4093
311272,1,혜택·대학생 특화형,3.6375861597263857,36.99999999999999,0.6757
311969,1,혜택·대학생 특화형,3.80666248977032,44.000000000000014,0.8523
312196,1,혜택·대학생 특화형,3.9062923307191606,48.714285714285694,0.5865
312639,1,혜택·대학생 특화형,2.9509963797126,18.125000000000007,0.3448
313080,0,일반·범용 모집형,4.945207488773801,139.50000000000006,0.5376
308555,1,혜택·대학생 특화형,7.065547671365801,1169.9230769230776,2.7254
310856,1,혜택·대학생 특화형,5.050313777914432,155.07142857142853,4.6062
310906,1,혜택·대학생 특화형,5.360956764062813,211.92857142857144,5.3252
309501,1,혜택·대학생 특화형,3.0445224377234226,19.99999999999999,1.4286
309584,1,혜택·대학생 특화형,4.780583880373636,118.17391304347828,0.2208
310329,1,혜택·대학생 특화형,4.180522258463153,64.39999999999999,4.3478
310539,1,혜택·대학생 특화형,2.886661178499629,16.933333333333334,0.3937
311444,1,혜택·대학생 특화형,4.4436311683766645,84.08333333333327,2.1804
308993,0,일반·범용 모집형,4.582413198865475,96.74999999999999,2.2394
312057,1,혜택·대학생 특화형,2.824774475410352,15.857142857142868,0.9009
313168,0,일반·범용 모집형,5.05199047977817,155.3333333333334,2.1459
311722,1,혜택·대학생 특화형,7.525100746125801,1853.0000000000016,4.0583
307034,1,혜택·대학생 특화형,4.688680818861262,107.70967741935493,1.5574
307496,0,일반·범용 모집형,6.084043728401075,437.79999999999984,4.5226
307584,1,혜택·대학생 특화형,4.801558999993482,120.70000000000003,2.955
310011,1,혜택·대학생 특화형,2.974070776772812,18.57142857142858,3.5897
310076,1,혜택·대학생 특화형,5.144068642698934,170.41176470588232,2.2092
310368,0,일반·범용 모집형,3.063940523580525,20.41176470588236,0.5764
311827,1,혜택·대학생 특화형,3.479529224932062,31.444444444444436,2.1201
311960,1,혜택·대학생 특화형,3.5098856874126567,32.44444444444446,1.7123
311983,1,혜택·대학생 특화형,4.411585436915426,81.4,2.7027
312055,0,일반·범용 모집형,3.381394754365976,28.411764705882366,2.2774
313130,1,혜택·대학생 특화형,5.330300412401088,205.50000000000006,0.6083
309298,1,혜택·대학생 특화형,4.246650223075791,68.8709677419356,3.0445
310158,1,혜택·대학생 특화형,4.631296490580312,101.64705882352949,1.5046
311051,0,일반·범용 모집형,3.96584251800258,51.76470588235293,3.5227
311276,0,일반·범용 모집형,3.917721026542784,49.285714285714306,3.3333
311630,0,일반·범용 모집형,3.629660094453965,36.699999999999996,1.3624
311888,1,혜택·대학생 특화형,3.672072335797554,38.3333333333333,1.4493
312734,0,일반·범용 모집형,5.43932077401126,229.2857142857142,0.6231
295992,0,일반·범용 모집형,2.1501164993497723,7.5858585858585865,0.2663
312367,1,혜택·대학생 특화형,4.95504427869632,140.88888888888894,4.8896
312521,1,혜택·대학생 특화형,3.7612001156935615,41.99999999999996,1.1905
312915,1,혜택·대학생 특화형,4.770684624465665,117.00000000000004,0.8547
314107,0,일반·범용 모집형,4.537961436294641,92.50000000000001,0.5405
312927,1,혜택·대학생 특화형,4.69918082045033,108.85714285714279,3.9808
311725,1,혜택·대학생 특화형,3.436915464264234,30.090909090909076,1.2085
313582,1,혜택·대학생 특화형,5.274707500908903,194.33333333333337,1.7153
310369,1,혜택·대학생 특화형,3.1085648040505185,21.388888888888893,0.5195
313417,0,일반·범용 모집형,3.6163087612791007,36.199999999999996,1.105
294035,1,혜택·대학생 특화형,3.990407534349128,53.07692307692306,3.5818
295010,1,혜택·대학생 특화형,2.0249533563957662,6.575757575757576,1.3825
306294,1,혜택·대학생 특화형,4.088773517172645,58.66666666666664,4.7348
308901,1,혜택·대학생 특화형,2.862200880929468,16.499999999999996,1.8648
309226,1,혜택·대학생 특화형,3.867940492857957,46.84374999999999,4.5364
310009,1,혜택·대학생 특화형,3.3672958299864737,27.99999999999999,2.0408
311919,1,혜택·대학생 특화형,3.875997183171384,47.23076923076924,2.3616
312180,1,혜택·대학생 특화형,4.940927881671436,138.90000000000003,5.3276
308109,1,혜택·대학생 특화형,2.954910279033736,18.200000000000003,0.7326
309016,0,일반·범용 모집형,4.747537427275013,114.29999999999997,7.3491
310099,1,혜택·대학생 특화형,5.962631797016249,387.6315789473688,2.5798
310552,1,혜택·대학생 특화형,2.865370455690747,16.555555555555546,2.6846
311076,0,일반·범용 모집형,3.940367478437288,50.43749999999998,1.7348
311318,1,혜택·대학생 특화형,3.9219733362813134,49.499999999999964,4.3159
311807,0,일반·범용 모집형,4.231688123732978,67.83333333333333,1.1057
312242,0,일반·범용 모집형,4.579852378003801,96.49999999999999,4.3523
307177,0,일반·범용 모집형,3.070164868336761,20.54545454545455,1.9174
310138,1,혜택·대학생 특화형,3.7426696287000736,41.21052631578945,3.3206
310365,1,혜택·대학생 특화형,3.299727921497296,26.105263157894747,2.621
310372,0,일반·범용 모집형,2.893291467999499,17.052631578947363,0.0
311174,1,혜택·대학생 특화형,3.8918202981106265,47.99999999999999,5.2885
311800,1,혜택·대학생 특화형,4.3208159036289855,74.25000000000003,4.9383
311917,1,혜택·대학생 특화형,5.611758555843027,272.62499999999994,3.5993
312189,1,혜택·대학생 특화형,4.070734696582967,57.600000000000016,2.6042
312966,0,일반·범용 모집형,2.689701062434013,13.72727272727272,1.3245
313435,1,혜택·대학생 특화형,4.746018494575471,114.12499999999997,4.7097
310879,1,혜택·대학생 특화형,4.996536369716754,146.89999999999998,2.757
299245,1,혜택·대학생 특화형,4.401546416543201,80.5769230769231,0.2864
313319,0,일반·범용 모집형,4.590781448535991,97.57142857142853,0.7321
311297,1,혜택·대학생 특화형,6.693633409638385,806.2500000000001,3.6124
312016,0,일반·범용 모집형,3.0859791514017694,20.888888888888893,0.5319
312132,1,혜택·대학생 특화형,6.172222381925755,478.2500000000004,4.1471
294231,0,일반·범용 모집형,2.385834825105862,9.868131868131865,3.3408
294956,0,일반·범용 모집형,2.211770288338598,8.13186813186813,2.4324
307585,1,혜택·대학생 특화형,4.294480355291183,72.29411764705888,2.8885
308936,1,혜택·대학생 특화형,4.3778512632634,78.6666666666666,3.6252
309476,1,혜택·대학생 특화형,4.701528767076633,109.11538461538461,5.0053
311160,1,혜택·대학생 특화형,3.653540087668628,37.61111111111113,4.2836
313121,1,혜택·대학생 특화형,4.691347882229144,108.00000000000007,3.3069
313482,1,혜택·대학생 특화형,3.269025608553672,25.285714285714278,3.3898
314219,1,혜택·대학생 특화형,1.9701048776423704,6.171428571428573,1.8519
311448,0,일반·범용 모집형,3.920224574541564,49.411764705882355,0.3571
311582,1,혜택·대학생 특화형,3.975668270588502,52.28571428571428,6.2842
311799,0,일반·범용 모집형,3.968943295680828,51.92857142857142,4.5392
312713,1,혜택·대학생 특화형,3.648363785220215,37.41176470588235,3.3019
313649,1,혜택·대학생 특화형,3.981015876915097,52.571428571428555,3.6685
311618,1,혜택·대학생 특화형,4.996246556644156,146.8571428571428,4.7665
312243,1,혜택·대학생 특화형,6.035082628930239,416.8333333333334,3.2187
311541,1,혜택·대학생 특화형,5.216487348300404,183.28571428571428,6.4692
298183,1,혜택·대학생 특화형,2.5331733907578347,11.593406593406591,3.5071
305598,1,혜택·대학생 특화형,4.321058966218798,74.26829268292681,2.5944
309265,0,일반·범용 모집형,6.137062270947241,461.69230769230694,3.5988
310279,1,혜택·대학생 특화형,3.9263203101289705,49.720000000000006,4.5052
310296,1,혜택·대학생 특화형,4.7787032367489655,117.94999999999986,1.1869
311016,1,혜택·대학생 특화형,5.776619798608467,321.66666666666646,1.3472
311134,1,혜택·대학생 특화형,4.294775994613365,72.31578947368416,5.4585
311631,1,혜택·대학생 특화형,4.901032990530067,133.42857142857147,3.8009
311738,1,혜택·대학생 특화형,3.509410966302388,32.428571428571416,1.7621
313079,0,일반·범용 모집형,4.34236137828145,75.88888888888889,3.3675
314227,1,혜택·대학생 특화형,1.5626457509273417,3.771428571428573,0.0
314440,1,혜택·대학생 특화형,3.4681368643372643,31.076923076923066,3.4653
306644,1,혜택·대학생 특화형,3.080497540181701,20.76923076923077,2.8395
309311,1,혜택·대학생 특화형,4.149580690697358,62.407407407407405,4.5104
310871,0,일반·범용 모집형,3.86702563949741,46.79999999999999,4.1667
310896,1,혜택·대학생 특화형,4.07668962698338,57.949999999999996,4.8318
307863,1,혜택·대학생 특화형,7.210318719624407,1352.3235294117642,3.9061
294430,1,혜택·대학생 특화형,1.529395204760564,3.615384615384615,0.6079
294569,1,혜택·대학생 특화형,1.884402091598599,5.58241758241758,3.5433
309796,1,혜택·대학생 특화형,3.9387222117833858,50.35294117647057,3.3294
310203,1,혜택·대학생 특화형,5.888374179984695,359.818181818182,1.377
311614,1,혜택·대학생 특화형,5.063438559015406,157.13333333333335,2.6305
312457,1,혜택·대학생 특화형,4.714369477953084,110.53846153846159,5.2192
313081,0,일반·범용 모집형,3.8897773964808255,47.89999999999996,3.9666
313912,0,일반·범용 모집형,4.809679657757409,121.69230769230774,4.2984
295907,1,혜택·대학생 특화형,3.855510795164805,46.252747252747305,3.8964
310328,1,혜택·대학생 특화형,2.7101313673060345,14.031249999999998,4.4543
312056,0,일반·범용 모집형,4.013805699738088,54.35714285714286,1.7083
313124,1,혜택·대학생 특화형,3.662395465239464,37.95454545454545,5.1497
313816,1,혜택·대학생 특화형,2.969529901159967,18.482758620689662,0.1866
314086,0,일반·범용 모집형,5.150174246170569,171.46153846153857,5.2041
295060,1,혜택·대학생 특화형,1.94747877682794,6.010989010989012,3.1079
312140,1,혜택·대학생 특화형,4.56954300834494,95.5,3.6649
312294,1,혜택·대학생 특화형,3.037696472653024,19.857142857142872,1.6787
313519,1,혜택·대학생 특화형,5.674468086987425,290.3333333333332,4.4393
314590,0,일반·범용 모집형,2.793208009442517,15.333333333333332,1.3043
311672,1,혜택·대학생 특화형,6.019982586029216,410.5714285714289,2.8184
271432,1,혜택·대학생 특화형,4.475712118751205,86.85714285714289,1.8092
311129,0,일반·범용 모집형,3.389462125443735,28.650000000000013,0.6981
311331,1,혜택·대학생 특화형,4.3837612404860895,79.13888888888886,3.4398
313828,1,혜택·대학생 특화형,4.217404654979328,66.85714285714285,3.2051
313883,1,혜택·대학생 특화형,5.555540231515109,257.66666666666663,2.3717
311967,1,혜택·대학생 특화형,6.17142220097259,477.8666666666661,4.7154
295058,0,일반·범용 모집형,2.1861747411496344,7.9010989010989015,5.007
310197,1,혜택·대학생 특화형,5.14166355650266,170.00000000000009,4.8109
310773,1,혜택·대학생 특화형,4.312714834783653,73.64285714285712,3.6857
314712,0,일반·범용 모집형,4.59511985013459,97.99999999999999,2.8571
314959,1,혜택·대학생 특화형,2.118443699483105,7.318181818181817,0.6211
295017,1,혜택·대학생 특화형,3.6470840005881855,37.362637362637344,5.1176
312174,0,일반·범용 모집형,6.045479135414221,421.2000000000005,3.8462
311546,1,혜택·대학생 특화형,4.243440471387735,68.64705882352939,2.6564
311939,0,일반·범용 모집형,3.9293716437627593,49.87500000000001,0.5013
312136,1,혜택·대학생 특화형,5.6240175061873385,276.0,1.1199
312295,1,혜택·대학생 특화형,3.710314734834001,39.86666666666666,3.8462
313347,1,혜택·대학생 특화형,4.754451888703846,115.10000000000002,2.7802
313988,1,혜택·대학생 특화형,3.198673117550681,23.499999999999993,0.5319
314131,0,일반·범용 모집형,4.204692619390966,65.99999999999997,2.8409
310488,1,혜택·대학생 특화형,4.40722724829118,81.0416666666667,1.7995
310763,1,혜택·대학생 특화형,3.983074362839047,52.681818181818215,3.7101
312405,1,혜택·대학생 특화형,4.179502370562407,64.33333333333329,4.456
313002,1,혜택·대학생 특화형,4.039536325727106,55.800000000000004,3.1063
313528,1,혜택·대학생 특화형,2.5442232269444194,11.733333333333327,0.0
314133,1,혜택·대학생 특화형,3.737669618283368,40.999999999999986,0.3049
315146,1,혜택·대학생 특화형,3.7612001156935615,41.99999999999996,0.0
314328,1,혜택·대학생 특화형,7.835332082873262,2527.3750000000064,3.0961
295184,1,혜택·대학생 특화형,1.6268675475693843,4.087912087912089,1.3441
311704,0,일반·범용 모집형,4.294026626857312,72.26086956521739,0.722
311927,0,일반·범용 모집형,4.00733318523247,53.999999999999964,2.0833
312622,1,혜택·대학생 특화형,4.0163830207523885,54.499999999999986,5.7667
313141,1,혜택·대학생 특화형,4.352855257373602,76.70000000000005,3.781
313317,1,혜택·대학생 특화형,4.050044303325521,56.40000000000001,2.6596
313470,0,일반·범용 모집형,3.356897122765575,27.69999999999999,2.1661
313716,1,혜택·대학생 특화형,5.006180943746875,148.33333333333326,3.8202
313867,1,혜택·대학생 특화형,3.31097229006943,26.411764705882355,3.118
314262,0,일반·범용 모집형,4.701389043728635,109.10000000000005,3.9413
315347,1,혜택·대학생 특화형,4.990432586778737,146.00000000000009,2.5114
314247,1,혜택·대학생 특화형,6.9306169481254,1022.1250000000008,4.5127
309315,1,혜택·대학생 특화형,2.047692843365256,6.750000000000003,1.8519
313655,0,일반·범용 모집형,4.725489684640383,111.78571428571425,7.2843
313677,0,일반·범용 모집형,4.852030263919617,126.99999999999997,3.4308
313865,1,혜택·대학생 특화형,3.40327854786598,29.0625,1.7204
314159,1,혜택·대학생 특화형,4.891184201339176,132.11111111111126,3.196
314735,1,혜택·대학생 특화형,3.8652308439213874,46.71428571428573,1.5291
311569,1,혜택·대학생 특화형,4.637499073103451,102.28571428571428,4.7486
312032,1,혜택·대학생 특화형,2.505525936990736,11.250000000000002,1.1111
312693,1,혜택·대학생 특화형,4.424447350557834,82.4666666666667,5.3355
313600,1,혜택·대학생 특화형,4.09933210373314,59.300000000000004,2.3609
314385,0,일반·범용 모집형,4.217404654979328,66.85714285714285,1.7094
314876,1,혜택·대학생 특화형,4.383587915240834,79.12499999999997,3.7915
315486,1,혜택·대학생 특화형,4.158883083359672,63.00000000000003,1.7637
299006,1,혜택·대학생 특화형,1.8910576902103355,5.626373626373628,1.5625
310888,1,혜택·대학생 특화형,3.388068090220363,28.608695652173918,0.9119
312048,1,혜택·대학생 특화형,2.8304082931286074,15.952380952380953,0.0
314496,1,혜택·대학생 특화형,4.262679877041316,70.00000000000007,1.0204
314286,0,일반·범용 모집형,3.7816611875649024,42.888888888888886,1.8135
311574,1,혜택·대학생 특화형,4.493730624253882,88.45454545454535,3.2374
308980,1,혜택·대학생 특화형,2.079441541679836,7.000000000000002,0.8929
310288,0,일반·범용 모집형,3.3183730310267423,26.61538461538462,3.3237
310309,1,혜택·대학생 특화형,4.278800591544687,71.15384615384612,3.6757
311045,1,혜택·대학생 특화형,3.4696345432153843,31.125000000000014,2.4096
311316,1,혜택·대학생 특화형,3.643290681756028,37.21739130434785,0.1168
311445,0,일반·범용 모집형,2.5147596129376817,11.363636363636367,1.2
312030,1,혜택·대학생 특화형,3.1010927892118167,21.22222222222221,2.8796
312419,0,일반·범용 모집형,5.416361805943983,224.05882352941194,0.6563
312420,1,혜택·대학생 특화형,3.3753766820404123,28.235294117647047,1.6667
312488,1,혜택·대학생 특화형,4.681101890955105,106.88888888888886,3.7422
313886,0,일반·범용 모집형,3.210843653170937,23.80000000000001,0.8403
314290,1,혜택·대학생 특화형,5.226343866922948,185.11111111111114,3.1813
314572,0,일반·범용 모집형,3.539640932284056,33.45454545454546,0.2717
315820,1,혜택·대학생 특화형,4.116323468940876,60.33333333333333,0.0
311180,1,혜택·대학생 특화형,4.254069737748484,69.39130434782598,4.198
312277,1,혜택·대학생 특화형,4.503506532211591,89.33333333333331,2.2388
313041,1,혜택·대학생 특화형,4.104294893075269,59.60000000000002,2.5727
313042,0,일반·범용 모집형,3.8725889361827392,47.06666666666668,2.1246
314623,0,일반·범용 모집형,3.850147601710059,46.000000000000014,0.6522
315624,0,일반·범용 모집형,3.8375529767896586,45.41176470588237,3.3679
315629,1,혜택·대학생 특화형,3.329223882037066,26.91666666666666,3.7152
316098,1,혜택·대학생 특화형,4.859812404361672,127.99999999999997,2.8125
313481,0,일반·범용 모집형,4.310799125385514,73.5,4.5351
295689,1,혜택·대학생 특화형,1.613823884377355,4.021978021978024,1.3661
307453,1,혜택·대학생 특화형,2.3178525651248343,9.153846153846155,1.4006
309083,1,혜택·대학생 특화형,3.940641810733799,50.45161290322582,3.133
310826,1,혜택·대학생 특화형,4.424347505317873,82.45833333333336,4.5983
311742,1,혜택·대학생 특화형,3.261296540752153,25.083333333333336,1.8272
313397,1,혜택·대학생 특화형,3.721669276936927,40.33333333333333,3.0992
313626,1,혜택·대학생 특화형,4.852681093750595,127.08333333333331,3.541
314487,1,혜택·대학생 특화형,3.9459851613279606,50.72727272727274,2.0609
314495,1,혜택·대학생 특화형,4.398713553458896,80.34615384615385,2.3935
315732,0,일반·범용 모집형,2.302585092994046,9.000000000000002,0.6536
313971,0,일반·범용 모집형,3.814710822953149,44.3636363636364,0.2049
314125,1,혜택·대학생 특화형,3.502002080784121,32.18181818181817,3.6723
311619,1,혜택·대학생 특화형,3.6696480921860495,38.23809523809527,3.6115
312141,1,혜택·대학생 특화형,4.15552925126124,62.78571428571425,2.5028
312646,1,혜택·대학생 특화형,6.352242174630314,572.777777777778,2.7837
313145,1,혜택·대학생 특화형,4.204692619390966,65.99999999999997,5.8442
313181,1,혜택·대학생 특화형,4.8989053301529495,133.14285714285714,3.7017
313419,1,혜택·대학생 특화형,3.827605663615564,44.952380952381,2.4364
314011,1,혜택·대학생 특화형,2.330200260027018,9.27999999999999,1.2931
314196,0,일반·범용 모집형,4.446565155811452,84.33333333333329,2.3715
314992,1,혜택·대학생 특화형,4.465908118654584,86.0,5.6478
315443,1,혜택·대학생 특화형,5.918509755939252,370.8571428571428,1.926
296789,0,일반·범용 모집형,2.250713262287206,8.494505494505498,2.7167
311584,1,혜택·대학생 특화형,4.242353974027276,68.57142857142856,2.9167
311773,1,혜택·대학생 특화형,4.357349646961441,77.05,4.1531
311887,0,일반·범용 모집형,5.294309345150498,198.19999999999996,2.4218
312381,1,혜택·대학생 특화형,3.92395157629342,49.6,0.6048
313421,1,혜택·대학생 특화형,3.5486026733498823,33.76470588235295,5.0523
314127,1,혜택·대학생 특화형,4.702750514326955,109.24999999999999,2.8223
314715,1,혜택·대학생 특화형,4.0302099998862255,55.27272727272727,1.9737
314721,1,혜택·대학생 특화형,5.438079308923196,229.00000000000006,3.811
314651,0,일반·범용 모집형,6.876854147648444,968.5714285714279,4.2552
309042,0,일반·범용 모집형,2.971528671813105,18.52173913043479,1.6432
310527,1,혜택·대학생 특화형,4.562858987916369,94.85714285714286,4.3675
311368,1,혜택·대학생 특화형,2.320934231662242,9.185185185185183,2.4194
313158,1,혜택·대학생 특화형,4.6614510218866805,104.78947368421048,3.8172
313699,1,혜택·대학생 특화형,4.666578814116735,105.33333333333337,3.1646
314311,1,혜택·대학생 특화형,5.0262700082436575,151.36363636363632,4.024
296379,1,혜택·대학생 특화형,1.7294163386539192,4.637362637362636,0.237
311197,1,혜택·대학생 특화형,3.278595059569823,25.538461538461537,3.7651
312077,1,혜택·대학생 특화형,2.939413842963768,17.90476190476192,2.6596
312714,1,혜택·대학생 특화형,4.72738781871234,111.99999999999993,4.9812
313535,1,혜택·대학생 특화형,3.4130318393091583,29.35714285714286,1.4599
314660,1,혜택·대학생 특화형,5.322603392428192,203.91666666666663,4.9448
298859,1,혜택·대학생 특화형,1.6712254001997815,4.3186813186813175,0.5089
313342,1,혜택·대학생 특화형,4.321037363047452,74.26666666666668,2.2442
314110,1,혜택·대학생 특화형,4.805910809075179,121.23076923076923,5.3934
314578,0,일반·범용 모집형,4.59787088350648,98.27272727272728,3.8853
315414,0,일반·범용 모집형,3.931825632724325,49.99999999999995,2.2857
316403,1,혜택·대학생 특화형,3.574216545793796,34.66666666666666,0.9615
310316,0,일반·범용 모집형,4.850682373164258,126.82758620689647,3.4258
311377,1,혜택·대학생 특화형,4.550864841130548,93.71428571428561,2.0122
312871,1,혜택·대학생 특화형,4.757032535297338,115.40000000000003,4.3328
313981,0,일반·범용 모집형,3.648057459593681,37.39999999999999,3.7433
313599,1,혜택·대학생 특화형,5.153291594497779,172.00000000000006,5.9302
312042,1,혜택·대학생 특화형,4.459318308975528,85.42857142857144,5.1282
315320,0,일반·범용 모집형,7.142629753172046,1263.7500000000007,5.5094
306491,0,일반·범용 모집형,8.288247123732033,3975.8571428571436,3.4458
309045,1,혜택·대학생 특화형,3.851919081358441,46.08333333333335,2.0494
309802,1,혜택·대학생 특화형,4.419570534836306,82.0606060606061,4.2097
313587,1,혜택·대학생 특화형,4.132878226224343,61.357142857142826,5.0058
313671,1,혜택·대학생 특화형,3.64448749836708,37.26315789473688,3.5311
314064,1,혜택·대학생 특화형,3.085344432243678,20.874999999999993,2.3952
315315,1,혜택·대학생 특화형,4.195320479562103,65.37499999999999,3.0593
311137,1,혜택·대학생 특화형,7.094580567622235,1204.4166666666665,2.6707
311861,1,혜택·대학생 특화형,4.157461619012294,62.909090909090914,3.9017
312240,1,혜택·대학생 특화형,3.665889935889237,38.09090909090907,1.1933
312360,1,혜택·대학생 특화형,3.0336409375358886,19.772727272727266,1.3793
312540,1,혜택·대학생 특화형,5.900021878830146,364.0454545454545,2.4722
313937,1,혜택·대학생 특화형,2.7472709142554907,14.59999999999999,0.4566
314042,0,일반·범용 모집형,2.90507790528586,17.266666666666662,0.3861
314377,1,혜택·대학생 특화형,5.085948888401785,160.7333333333333,4.5209
314732,1,혜택·대학생 특화형,2.9657415598703087,18.40909090909091,4.4444
314811,0,일반·범용 모집형,4.456670177669648,85.20000000000003,1.5258
315950,1,혜택·대학생 특화형,4.587878688878031,97.28571428571435,1.7621
316006,1,혜택·대학생 특화형,3.3402886285751627,27.227272727272723,1.3356
316353,0,일반·범용 모집형,4.137829674161839,61.66666666666665,2.973
316402,1,혜택·대학생 특화형,3.751854253275325,41.60000000000001,0.0
313047,1,혜택·대학생 특화형,3.280569393873541,25.590909090909104,4.2629
313950,0,일반·범용 모집형,3.7534179752515073,41.66666666666666,1.28
314284,1,혜택·대학생 특화형,4.476524796569195,86.92857142857143,4.2728
314664,1,혜택·대학생 특화형,2.7950615780918397,15.363636363636363,2.071
315047,1,혜택·대학생 특화형,5.061328408411773,156.79999999999993,4.5918
315097,1,혜택·대학생 특화형,4.880526608749236,130.70000000000005,3.6725
316147,0,일반·범용 모집형,3.685301632766053,38.857142857142875,0.7353
311399,1,혜택·대학생 특화형,3.4599320559799267,30.814814814814827,5.649
312195,1,혜택·대학생 특화형,4.296047782298442,72.40909090909096,2.5738
314654,1,혜택·대학생 특화형,3.9219733362813134,49.499999999999964,1.443
314931,1,혜택·대학생 특화형,4.701389043728635,109.10000000000005,3.8497
315431,0,일반·범용 모집형,4.712528704308591,110.33333333333334,2.2356
315581,0,일반·범용 모집형,4.617592705986649,100.25000000000003,5.4863
316260,1,혜택·대학생 특화형,4.31748811353631,73.99999999999997,1.8018
316324,1,혜택·대학생 특화형,2.9652730660692823,18.4,1.087
316556,1,혜택·대학생 특화형,3.3167800398495726,26.57142857142858,0.5376
310184,1,혜택·대학생 특화형,4.310799125385514,73.5,4.2092
315380,1,혜택·대학생 특화형,6.116112851673091,452.0999999999995,2.3667
314123,1,혜택·대학생 특화형,4.590690864723257,97.56249999999999,5.189
315817,1,혜택·대학생 특화형,4.397188882413559,80.22222222222221,3.7396
316545,0,일반·범용 모집형,3.473518043241782,31.250000000000014,2.4
312803,1,혜택·대학생 특화형,3.914876074410552,49.14285714285712,5.2326
313428,0,일반·범용 모집형,4.249288578068755,69.05555555555554,3.6203
314129,0,일반·범용 모집형,3.349904087274605,27.5,2.0455
314172,0,일반·범용 모집형,4.155753190350744,62.799999999999976,4.034
314946,1,혜택·대학생 특화형,4.8300265553059765,124.2142857142858,2.6452
315566,1,혜택·대학생 특화형,4.193778459210288,65.27272727272727,2.507
316463,1,혜택·대학생 특화형,4.0141282283653,54.375000000000036,3.6782
313824,1,혜택·대학생 특화형,6.565063742547006,708.8571428571422,3.6612
310364,0,일반·범용 모집형,2.748872195622465,14.624999999999995,2.1368
314438,1,혜택·대학생 특화형,3.937040768403434,50.266666666666666,2.6525
314764,1,혜택·대학생 특화형,3.625366048391611,36.538461538461554,3.3684
315878,1,혜택·대학생 특화형,4.248495242049359,69.00000000000003,3.442
316542,1,혜택·대학생 특화형,3.7316994512968646,40.75000000000001,0.6135
312046,0,일반·범용 모집형,3.459708157002209,30.8076923076923,1.8727
297508,1,혜택·대학생 특화형,1.9979096304548316,6.373626373626372,1.2069
309082,0,일반·범용 모집형,4.034013700672697,55.48717948717948,4.0665
313473,1,혜택·대학생 특화형,4.014959532967535,54.42105263157895,3.9652
314002,1,혜택·대학생 특화형,4.504374399482379,89.41176470588229,5.0658
314932,1,혜택·대학생 특화형,3.946424432145479,50.75000000000002,1.9704
315119,1,혜택·대학생 특화형,3.737669618283368,40.999999999999986,1.9512
315173,1,혜택·대학생 특화형,3.3730265046954586,28.166666666666654,1.1834
315308,1,혜택·대학생 특화형,3.7237892692509633,40.42105263157897,3.776
315570,1,혜택·대학생 특화형,3.742420221041967,41.20000000000004,2.6699
315580,1,혜택·대학생 특화형,5.247024072160486,189.0,5.5026
316356,1,혜택·대학생 특화형,3.752707495647909,41.63636363636364,1.5284
317336,0,일반·범용 모집형,4.564348191467836,94.99999999999999,1.0526
317586,1,혜택·대학생 특화형,3.697178256928632,39.33333333333335,0.8475
309768,1,혜택·대학생 특화형,3.4226326623822207,29.65000000000001,5.312
313662,0,일반·범용 모집형,3.5065578973199814,32.33333333333332,2.4055
314001,1,혜택·대학생 특화형,4.085481874964255,58.47058823529412,1.9115
314021,1,혜택·대학생 특화형,2.6680448664885112,13.411764705882359,3.5088
314893,1,혜택·대학생 특화형,3.352823797377939,27.583333333333318,0.0
315894,1,혜택·대학생 특화형,3.756962821218047,41.81818181818181,3.6957
317781,0,일반·범용 모집형,4.309455941839047,73.40000000000003,1.3624
303514,1,혜택·대학생 특화형,2.0002123051322616,6.3906250000000036,1.956
314867,1,혜택·대학생 특화형,4.522693964163854,91.08333333333343,5.3065
315006,0,일반·범용 모집형,4.041588209782789,55.91666666666664,0.5961
315012,0,일반·범용 모집형,3.9496398689994527,50.916666666666664,0.8183
315153,0,일반·범용 모집형,2.818398258271076,15.750000000000007,0.5291
315445,1,혜택·대학생 특화형,5.411273958827491,222.91666666666663,6.0935
316036,0,일반·범용 모집형,3.4688560301359703,31.1,0.9646
316053,1,혜택·대학생 특화형,5.204006687076796,181.0000000000001,5.4635
314410,1,혜택·대학생 특화형,3.504738060602995,32.27272727272726,3.0986
300022,1,혜택·대학생 특화형,4.099735410856977,59.3243243243243,5.7859
316718,1,혜택·대학생 특화형,4.589331121958345,97.42857142857143,5.4252
316090,1,혜택·대학생 특화형,3.7321599624723993,40.769230769230795,2.2642
314030,1,혜택·대학생 특화형,3.645076831455543,37.28571428571427,4.3423
314538,1,혜택·대학생 특화형,2.9567468268410373,18.235294117647058,0.9677
314859,1,혜택·대학생 특화형,3.4812400893356914,31.499999999999986,0.6803
315248,1,혜택·대학생 특화형,3.37258684762089,28.153846153846164,5.7377
315390,1,혜택·대학생 특화형,4.180286992022825,64.38461538461539,5.9737
316893,1,혜택·대학생 특화형,4.105394398408685,59.666666666666636,1.3966
312984,1,혜택·대학생 특화형,4.12646211611221,60.95833333333335,1.9822
315084,1,혜택·대학생 특화형,5.209095756584267,181.92857142857147,3.298
315149,1,혜택·대학생 특화형,3.266304518439312,25.21428571428572,0.5666
317021,0,일반·범용 모집형,4.768260380854158,116.71428571428564,4.0392
317607,0,일반·범용 모집형,3.71843825635548,40.19999999999997,0.7463
296048,1,혜택·대학생 특화형,5.005957704545144,148.29999999999995,4.1133
313986,1,혜택·대학생 특화형,3.662211207031775,37.94736842105263,3.6061
314288,1,혜택·대학생 특화형,3.9879547103951607,52.94444444444447,2.6233
314815,1,혜택·대학생 특화형,4.136308761321133,61.57142857142858,3.4803
315045,1,혜택·대학생 특화형,3.086486636822455,20.9,2.6316
315439,0,일반·범용 모집형,3.9048545159495336,48.642857142857146,2.6432
315545,1,혜택·대학생 특화형,4.959926624104193,141.58333333333326,1.7657
315797,1,혜택·대학생 특화형,3.61316763237824,36.08333333333333,0.6928
316009,0,일반·범용 모집형,3.502002080784121,32.18181818181817,2.5424
316477,1,혜택·대학생 특화형,5.803843257219124,330.5714285714286,5.7476
316919,1,혜택·대학생 특화형,3.945457781514384,50.70000000000003,1.1834
316585,1,혜택·대학생 특화형,3.75244093560368,41.62499999999996,5.1051
315627,1,혜택·대학생 특화형,8.131078119512571,3397.4615384615367,1.5079
314128,1,혜택·대학생 특화형,4.404888303817144,80.84999999999997,2.35
316087,0,일반·범용 모집형,5.030437921392435,151.99999999999997,4.9561
315151,1,혜택·대학생 특화형,2.624668592163159,12.800000000000002,0.0
315327,1,혜택·대학생 특화형,3.305664954940592,26.266666666666676,3.0457
298092,1,혜택·대학생 특화형,2.0008858231278777,6.395604395604395,3.2646
314717,1,혜택·대학생 특화형,5.049518568407125,154.94736842105266,3.4307
315370,1,혜택·대학생 특화형,6.74237511720333,846.5714285714283,3.4762
316345,1,혜택·대학생 특화형,3.9872991261993542,52.90909090909087,3.9519
316991,1,혜택·대학생 특화형,5.035219499726794,152.73333333333326,2.357
317348,1,혜택·대학생 특화형,3.878121453752465,47.33333333333335,2.1127
304277,1,혜택·대학생 특화형,5.741399338227507,310.49999999999966,2.6822
315432,1,혜택·대학생 특화형,4.587006215360421,97.20000000000006,5.2126
298386,1,혜택·대학생 특화형,2.400887793734824,10.03296703296703,2.1906
313707,0,일반·범용 모집형,3.827652765662156,44.954545454545475,1.82
315128,1,혜택·대학생 특화형,5.9981090898266505,401.66666666666663,2.6058
315292,0,일반·범용 모집형,3.3561502037715583,27.678571428571445,3.7419
316487,1,혜택·대학생 특화형,3.2440117981397427,24.63636363636363,3.5055
317234,0,일반·범용 모집형,6.427095069547873,617.3750000000001,4.6568
298357,1,혜택·대학생 특화형,2.766388220114634,14.901098901098907,3.3186
298493,1,혜택·대학생 특화형,2.748256621580251,14.61538461538462,3.0827
308711,1,혜택·대학생 특화형,3.304033633208508,26.22222222222223,4.3079
312487,1,혜택·대학생 특화형,2.659260036932778,13.285714285714283,1.2903
314301,1,혜택·대학생 특화형,2.815408719422709,15.699999999999996,2.8662
315336,1,혜택·대학생 특화형,2.2485178717237697,8.473684210526313,1.8634
315742,0,일반·범용 모집형,2.58895050956108,12.315789473684214,1.7094
298778,0,일반·범용 모집형,2.49311463020583,11.0989010989011,4.4554
298823,0,일반·범용 모집형,2.283727074359649,8.813186813186812,4.9875
299183,1,혜택·대학생 특화형,1.939610915627326,5.956043956043955,1.2915
314213,1,혜택·대학생 특화형,3.500827222610997,32.14285714285715,1.9259
314530,1,혜택·대학생 특화형,4.546527294897724,93.30434782608691,3.0755
314534,1,혜택·대학생 특화형,3.966181755690294,51.782608695652186,2.7708
315339,1,혜택·대학생 특화형,5.11998783102362,166.33333333333337,6.7335
316267,1,혜택·대학생 특화형,4.097909628386597,59.214285714285694,3.076
317290,0,일반·범용 모집형,2.963061491264442,18.357142857142854,4.8638
314646,1,혜택·대학생 특화형,4.075113200294213,57.85714285714286,3.7037
298809,1,혜택·대학생 특화형,3.1548939253448487,22.450549450549453,2.3005
299184,1,혜택·대학생 특화형,1.9737757291184024,6.1978021978022015,1.5957
315436,1,혜택·대학생 특화형,4.06259586390752,57.12499999999996,3.5011
316544,1,혜택·대학생 특화형,4.458987675810009,85.39999999999995,5.5035
317219,0,일반·범용 모집형,3.949763333410994,50.92307692307696,1.9637
317269,1,혜택·대학생 특화형,3.865979066926739,46.74999999999999,2.139
317716,1,혜택·대학생 특화형,4.728861658330641,112.16666666666664,0.8915
315086,0,일반·범용 모집형,3.4471824949039784,30.411764705882344,1.354
315114,1,혜택·대학생 특화형,3.789522979893624,43.235294117647065,2.0408
315739,0,일반·범용 모집형,3.7796338173824,42.79999999999998,3.4268
317688,1,혜택·대학생 특화형,2.293452609430773,8.909090909090905,0.0
316533,1,혜택·대학생 특화형,3.396424102909497,28.857142857142836,4.4554
316662,1,혜택·대학생 특화형,3.979681653901961,52.5,1.9048
316683,1,혜택·대학생 특화형,4.211304213723278,66.44444444444441,0.6689
317151,1,혜택·대학생 특화형,2.750014400201242,14.64285714285714,0.9756
317288,1,혜택·대학생 특화형,3.317815772723104,26.599999999999994,1.7544
317701,1,혜택·대학생 특화형,4.534390003927045,92.16666666666671,2.17
312481,1,혜택·대학생 특화형,5.623214937925961,275.7777777777777,3.4784
316422,1,혜택·대학생 특화형,3.2255203675868698,24.16666666666668,2.4138
318937,0,일반·범용 모집형,4.158883083359672,63.00000000000003,1.5873
316881,1,혜택·대학생 특화형,4.939497266262917,138.7000000000001,3.677
314024,1,혜택·대학생 특화형,4.892495051792031,132.2857142857144,6.4795
314431,1,혜택·대학생 특화형,6.06074723166753,427.6956521739123,6.1909
316860,1,혜택·대학생 특화형,7.453156227387819,1724.3000000000009,3.4681
315652,1,혜택·대학생 특화형,3.907010463604602,48.75000000000001,2.9487
313729,1,혜택·대학생 특화형,3.2548862623912336,24.91666666666666,4.5151
316122,1,혜택·대학생 특화형,4.716583773358996,110.78571428571445,5.029
304429,1,혜택·대학생 특화형,4.482412108742545,87.44776119402988,3.3282
312940,0,일반·범용 모집형,3.5849798590957853,35.052631578947384,3.1532
313238,1,혜택·대학생 특화형,3.784973026046065,43.03448275862067,2.8045
313483,1,혜택·대학생 특화형,2.201659174404085,8.040000000000001,0.4975
314922,0,일반·범용 모집형,4.273187854639732,70.75000000000014,4.2403
314948,1,혜택·대학생 특화형,4.356067595503784,76.94999999999992,1.6244
315230,1,혜택·대학생 특화형,2.857146110267844,16.411764705882348,1.4337
315619,0,일반·범용 모집형,2.858384082402768,16.433333333333344,2.4341
315903,1,혜택·대학생 특화형,3.641962534326185,37.16666666666668,0.5979
316346,1,혜택·대학생 특화형,4.120197941048435,60.57142857142859,3.066
318778,1,혜택·대학생 특화형,3.086486636822455,20.9,0.0
311433,1,혜택·대학생 특화형,5.113758013637375,165.29411764705887,6.1388
315411,1,혜택·대학생 특화형,4.879006851617819,130.5,4.5551
314430,1,혜택·대학생 특화형,4.319784325796661,74.17241379310347,5.1604
314435,1,혜택·대학생 특화형,3.972087246170796,52.09523809523808,1.3711
315942,0,일반·범용 모집형,2.7472709142554907,14.59999999999999,1.3699
316781,1,혜택·대학생 특화형,4.566299411599098,95.18749999999999,5.5154
316844,1,혜택·대학생 특화형,3.594568774642695,35.400000000000006,3.1073
317016,1,혜택·대학생 특화형,4.526126978647638,91.39999999999996,4.5952
317414,1,혜택·대학생 특화형,3.385929909531367,28.54545454545455,1.9108
317644,1,혜택·대학생 특화형,3.562465529258278,34.250000000000014,2.1898
312811,1,혜택·대학생 특화형,6.312581395646,550.4666666666666,4.5355
298989,1,혜택·대학생 특화형,2.75317063638268,14.692307692307695,4.8616
299007,0,일반·범용 모집형,2.31133788410364,9.087912087912084,0.6046
299055,1,혜택·대학생 특화형,3.188982900880136,23.263736263736266,2.3146
299180,1,혜택·대학생 특화형,2.162438461250804,7.692307692307695,3.2857
303060,1,혜택·대학생 특화형,2.620782709371777,12.746478873239436,1.326
308065,1,혜택·대학생 특화형,2.009555414215669,6.459999999999997,2.7864
311436,0,일반·범용 모집형,2.9868695862961454,18.823529411764703,1.875
312617,1,혜택·대학생 특화형,3.5486590733386176,33.76666666666669,4.9358
314063,1,혜택·대학생 특화형,3.9620546346856433,51.565217391304365,4.5531
314555,1,혜택·대학생 특화형,4.751946805362635,114.80952380952381,1.4932
314969,1,혜택·대학생 특화형,2.693124550885534,13.777777777777775,2.4194
315441,1,혜택·대학생 특화형,3.9765615265657175,52.33333333333335,7.1125
315773,0,일반·범용 모집형,3.5152698379220038,32.62500000000002,3.8314
315818,1,혜택·대학생 특화형,2.4531579514734205,10.625000000000005,1.7647
315939,1,혜택·대학생 특화형,4.544712216950978,93.13333333333337,2.9349
316400,1,혜택·대학생 특화형,3.1454776599133325,22.230769230769223,4.4983
317606,1,혜택·대학생 특화형,3.8572147689331513,46.33333333333334,3.3094
317776,1,혜택·대학생 특화형,4.109050709611797,59.88888888888893,3.525
318013,1,혜택·대학생 특화형,3.303742045511443,26.214285714285726,3.5422
318109,1,혜택·대학생 특화형,3.921973336281314,49.499999999999986,0.5051
312256,1,혜택·대학생 특화형,3.5444783892525096,33.621621621621614,6.2701
316633,0,일반·범용 모집형,5.47684385237344,238.09090909090915,4.2001
316978,1,혜택·대학생 특화형,3.917010546939185,49.24999999999999,2.3689
317334,0,일반·범용 모집형,3.843744164674852,45.70000000000002,2.407
312868,0,일반·범용 모집형,2.791799558505459,15.310344827586206,0.9009
315791,1,혜택·대학생 특화형,3.5418114757718806,33.52941176470589,2.9825
318020,1,혜택·대학생 특화형,4.209655408733095,66.33333333333333,4.5226
306774,1,혜택·대학생 특화형,3.5509047068572017,33.8448275862069,2.8018
316607,1,혜택·대학생 특화형,4.307437777682809,73.25,3.9818
316898,1,혜택·대학생 특화형,4.125667033351142,60.909090909090935,1.791
317448,1,혜택·대학생 특화형,4.888844237042333,131.79999999999995,2.352
316398,1,혜택·대학생 특화형,3.310543013394025,26.400000000000013,0.5051
298891,1,혜택·대학생 특화형,3.1916966067517323,23.329670329670332,0.7065
313663,0,일반·범용 모집형,3.0723503203461635,20.5925925925926,1.6187
314396,1,혜택·대학생 특화형,3.6291294497081625,36.68000000000001,6.325
316584,1,혜택·대학생 특화형,3.5973122605884456,35.49999999999999,2.0121
316867,0,일반·범용 모집형,2.966744736680739,18.428571428571434,2.0672
317154,1,혜택·대학생 특화형,4.1640779002367765,63.33333333333337,3.4211
317600,1,혜택·대학생 특화형,3.599726748682963,35.58823529411764,4.7934
318810,0,일반·범용 모집형,3.310813320193886,26.4074074074074,0.1403
299126,0,일반·범용 모집형,2.988010227460081,18.846153846153854,0.8746
299447,1,혜택·대학생 특화형,2.19110085948569,7.94505494505494,3.1812
310914,1,혜택·대학생 특화형,4.6415021152354825,102.70000000000009,4.3574
316716,0,일반·범용 모집형,4.067805006987489,57.428571428571445,2.8607
317038,1,혜택·대학생 특화형,4.862577128268154,128.35714285714278,4.3406
317180,1,혜택·대학생 특화형,4.022797410930053,54.857142857142904,4.5573
317330,0,일반·범용 모집형,4.420846626523464,82.16666666666671,4.9696
315307,1,혜택·대학생 특화형,3.7126335401220434,39.96153846153846,2.4062
299145,1,혜택·대학생 특화형,2.846058735839171,16.219780219780226,1.4905
299706,1,혜택·대학생 특화형,1.8910576902103355,5.626373626373628,1.3672
315122,1,혜택·대학생 특화형,2.847121774102348,16.238095238095237,1.4663
317203,1,혜택·대학생 특화형,3.8902492058785856,47.923076923076934,4.4944
317510,1,혜택·대학생 특화형,2.98496017657208,18.785714285714292,0.7605
317792,1,혜택·대학생 특화형,3.64283551561253,37.20000000000001,1.0753
318132,1,혜택·대학생 특화형,5.657987819466568,285.57142857142867,4.4022
318229,1,혜택·대학생 특화형,5.177762636149295,176.28571428571456,3.6467
316077,1,혜택·대학생 특화형,5.121454567797834,166.57894736842113,5.1185
316715,1,혜택·대학생 특화형,3.7410652072845063,41.14285714285713,3.4722
315813,1,혜택·대학생 특화형,3.719970041183967,40.26315789473682,3.5294
310774,1,혜택·대학생 특화형,5.959135034992428,386.27500000000066,5.8572
318246,0,일반·범용 모집형,4.819272992650152,122.875,3.2553
299709,1,혜택·대학생 특화형,3.129744319876784,21.868131868131854,4.1206
299946,1,혜택·대학생 특화형,2.352943884936103,9.516483516483502,1.7321
318680,0,일반·범용 모집형,4.037186148382152,55.666666666666664,4.491
310010,1,혜택·대학생 특화형,6.190969185814107,487.3191489361702,4.1346
313870,1,혜택·대학생 특화형,3.2917131488204667,25.888888888888882,5.1502
317052,1,혜택·대학생 특화형,4.333548921686495,75.21428571428571,4.3685
317193,1,혜택·대학생 특화형,4.060443010546419,56.999999999999986,4.5113
299865,0,일반·범용 모집형,4.926217952283672,136.85714285714275,3.9666
299802,1,혜택·대학생 특화형,2.46828576855196,10.802197802197805,2.238
299979,1,혜택·대학생 특화형,1.6418731881872544,4.164835164835165,2.1108
316149,1,혜택·대학생 특화형,3.7339031354878913,40.84210526315789,2.3196
317185,0,일반·범용 모집형,3.785936359253202,43.07692307692303,2.1429
301977,1,혜택·대학생 특화형,1.9630311898354245,6.12087912087912,2.3339
313310,1,혜택·대학생 특화형,3.977082224312447,52.361111111111136,4.0849
316349,1,혜택·대학생 특화형,3.756830116022444,41.8125,0.0
316948,1,혜택·대학생 특화형,2.976804263668472,18.624999999999996,2.0134
317525,1,혜택·대학생 특화형,2.702630133632871,13.918918918918923,1.5534
317587,0,일반·범용 모집형,4.339801412500302,75.69230769230772,1.2195
318922,1,혜택·대학생 특화형,4.670957926526095,105.8000000000001,5.8601
319417,0,일반·범용 모집형,4.690036406631333,107.85714285714288,4.2384
319485,0,일반·범용 모집형,3.816141233724864,44.428571428571445,1.6077
317513,1,혜택·대학생 특화형,4.839112364544527,125.35714285714292,5.755
274863,1,혜택·대학생 특화형,4.393625770517233,79.93333333333331,5.588
316974,1,혜택·대학생 특화형,4.30496558853742,73.06666666666666,2.646
317445,1,혜택·대학생 특화형,4.308214476750981,73.30769230769232,4.4071
300122,0,일반·범용 모집형,2.986347716686467,18.813186813186807,2.7453
315094,1,혜택·대학생 특화형,2.9484793887034453,18.076923076923073,1.4894
315305,1,혜택·대학생 특화형,4.112298365838697,60.08695652173917,5.7164
316101,1,혜택·대학생 특화형,3.784189633918261,42.99999999999999,2.6744
317311,1,혜택·대학생 특화형,4.641180623511124,102.66666666666661,0.9091
317570,1,혜택·대학생 특화형,3.408860254407725,29.230769230769244,0.7895
318123,0,일반·범용 모집형,4.45046379622711,84.66666666666666,3.5433
318946,1,혜택·대학생 특화형,4.080358320247361,58.16666666666665,1.7192
315810,1,혜택·대학생 특화형,5.9340119723598965,376.66666666666663,3.3755
315428,1,혜택·대학생 특화형,3.312531744576499,26.454545454545453,1.5464
315814,1,혜택·대학생 특화형,2.8449093838194077,16.200000000000006,1.5432
316944,1,혜택·대학생 특화형,5.181408948302314,176.93333333333337,3.165
317456,1,혜택·대학생 특화형,4.118411588304737,60.46153846153843,5.7252
317770,0,일반·범용 모집형,4.714665000784371,110.57142857142837,2.1964
318763,0,일반·범용 모집형,4.681101890955106,106.88888888888896,4.8857
318679,1,혜택·대학생 특화형,4.251664816810639,69.22222222222226,2.0867
300559,1,혜택·대학생 특화형,2.890982072226978,17.01098901098898,1.292
313905,0,일반·범용 모집형,1.903550875216172,5.709677419354841,0.0
316658,0,일반·범용 모집형,3.467572450607028,31.05882352941176,2.6515
317289,1,혜택·대학생 특화형,3.358057889001538,27.733333333333334,1.4423
317846,0,일반·범용 모집형,3.3193673634145235,26.642857142857153,2.1448
318192,0,일반·범용 모집형,3.985007898184634,52.78571428571424,2.571
319280,1,혜택·대학생 특화형,4.448516375942715,84.50000000000003,4.931
319427,1,혜택·대학생 특화형,3.49650756146648,31.999999999999986,1.5625
319495,0,일반·범용 모집형,3.663561646129647,38.00000000000003,1.0526
318526,1,혜택·대학생 특화형,3.988984046564274,52.999999999999986,2.965
317765,1,혜택·대학생 특화형,4.596900794505584,98.1764705882352,4.1941
315721,1,혜택·대학생 특화형,4.465908118654584,86.0,3.5412
312923,1,혜택·대학생 특화형,4.098636414303642,59.25806451612905,5.2803
316670,1,혜택·대학생 특화형,2.977927648920484,18.647058823529402,2.8391
318757,0,일반·범용 모집형,3.2548862623912336,24.91666666666666,2.3411
318950,0,일반·범용 모집형,2.8150759960790976,15.694444444444446,0.885
319499,0,일반·범용 모집형,4.767501597905544,116.62500000000003,3.8585
319894,1,혜택·대학생 특화형,3.449987545831588,30.50000000000002,0.0
315144,1,혜택·대학생 특화형,4.007333185232471,54.000000000000014,4.7068
317689,1,혜택·대학생 특화형,3.4011973816621555,29.000000000000004,1.3263
317995,1,혜택·대학생 특화형,4.874433672915854,129.9,4.388
318058,1,혜택·대학생 특화형,3.3296502303701074,26.928571428571438,4.5093
318876,0,일반·범용 모집형,3.8685934475008095,46.87499999999997,2.6667
316320,1,혜택·대학생 특화형,3.901972669574645,48.500000000000014,2.6242
316582,1,혜택·대학생 특화형,3.133075835064868,21.944444444444446,2.0253
317803,1,혜택·대학생 특화형,3.1750732022098083,22.928571428571438,0.0
319135,1,혜택·대학생 특화형,3.0937126819141945,21.058823529411757,0.2793
319166,1,혜택·대학생 특화형,5.332718793265369,205.99999999999994,3.5801
316390,1,혜택·대학생 특화형,3.4075265167138027,29.190476190476183,2.447
316485,1,혜택·대학생 특화형,5.233778845410465,186.49999999999994,4.6768
300936,1,혜택·대학생 특화형,2.518228057632812,11.406593406593407,2.5048
314970,1,혜택·대학생 특화형,3.294641408599555,25.96774193548386,0.6211
316851,1,혜택·대학생 특화형,3.3537951427675714,27.61111111111111,2.8169
316910,1,혜택·대학생 특화형,3.6665736965996394,38.11764705882358,5.2469
318504,1,혜택·대학생 특화형,4.144720769547167,62.09999999999996,3.8647
318925,0,일반·범용 모집형,3.5263605246161616,33.00000000000001,1.2121
319101,1,혜택·대학생 특화형,4.709530201312335,110.00000000000007,2.3864
319192,1,혜택·대학생 특화형,4.336564260597124,75.44444444444446,4.1237
300740,1,혜택·대학생 특화형,2.983014380266709,18.747252747252748,5.2169
312783,1,혜택·대학생 특화형,6.504202626678302,666.9428571428574,3.7227
317202,0,일반·범용 모집형,2.6210388241125804,12.750000000000002,1.9608
319971,0,일반·범용 모집형,4.770684624465665,117.00000000000004,4.2735
317623,1,혜택·대학생 특화형,4.842796587972671,125.82352941176465,4.5348
317133,1,혜택·대학생 특화형,4.85889999553925,127.88235294117644,2.1619
317233,1,혜택·대학생 특화형,3.3195193506478886,26.647058823529424,2.649
317810,0,일반·범용 모집형,3.3032169733019514,26.199999999999992,0.7634
317857,1,혜택·대학생 특화형,4.81014976667463,121.74999999999996,4.449
318105,1,혜택·대학생 특화형,4.77139058990268,117.0833333333333,4.3416
318282,1,혜택·대학생 특화형,3.370165272414427,28.08333333333334,3.5608
317683,0,일반·범용 모집형,4.0193815237486445,54.66666666666662,0.3659
317966,0,일반·범용 모집형,3.312973148247316,26.46666666666666,2.267
318039,1,혜택·대학생 특화형,3.339695181904361,27.210526315789465,1.1605
314728,1,혜택·대학생 특화형,4.058062057040678,56.862068965517246,4.9121
318677,0,일반·범용 모집형,4.08978874568624,58.72727272727275,5.5728
302389,0,일반·범용 모집형,2.1458670176615424,7.549450549450556,1.0189
315636,1,혜택·대학생 특화형,3.102933199879837,21.26315789473683,1.2376
317628,1,혜택·대학생 특화형,3.5517702401415296,33.875,2.583
319263,0,일반·범용 모집형,3.600731067337231,35.624999999999986,1.0526
319264,0,일반·범용 모집형,3.82319179172153,44.74999999999999,0.5587
319439,0,일반·범용 모집형,3.471966452550362,31.19999999999999,1.2821
301267,1,혜택·대학생 특화형,2.2081536478684094,8.098901098901097,1.4925
317025,0,일반·범용 모집형,3.966511190712217,51.800000000000054,2.9923
317285,1,혜택·대학생 특화형,4.715675340007488,110.6842105263158,0.6657
318285,1,혜택·대학생 특화형,5.5469787058492015,255.46153846153817,4.1855
319144,1,혜택·대학생 특화형,4.6720497148276365,105.91666666666671,0.6294
319155,1,혜택·대학생 특화형,5.24649761781824,188.89999999999995,5.0291
319732,1,혜택·대학생 특화형,3.066262424359829,20.461538461538467,3.3835
318836,0,일반·범용 모집형,5.674182004879911,290.2500000000001,4.9957
313480,1,혜택·대학생 특화형,3.152736022363656,22.400000000000002,2.2959
315145,1,혜택·대학생 특화형,2.7858926878661445,15.214285714285722,4.6948
315595,0,일반·범용 모집형,4.105001856696088,59.642857142857096,3.4731
317181,1,혜택·대학생 특화형,5.076214939742238,159.16666666666674,3.4206
318243,1,혜택·대학생 특화형,2.3913805917771764,9.928571428571423,0.0
318248,1,혜택·대학생 특화형,4.7963806901992925,120.07142857142863,3.9857
318516,0,일반·범용 모집형,4.602224675758334,98.70588235294115,5.9595
320145,0,일반·범용 모집형,3.507807116720413,32.37499999999998,1.9305
301172,1,혜택·대학생 특화형,2.378731801837616,9.791208791208794,2.4691
318441,1,혜택·대학생 특화형,5.781404672841208,323.214285714286,6.6298
301204,1,혜택·대학생 특화형,2.3612685948221355,9.6043956043956,1.8307
316792,1,혜택·대학생 특화형,2.990719731730447,18.900000000000002,1.8519
316852,1,혜택·대학생 특화형,2.917770732084279,17.499999999999996,1.4286
316932,1,혜택·대학생 특화형,3.2676659890376327,25.25,4.6205
317788,1,혜택·대학생 특화형,3.0937126819141945,21.058823529411757,1.3966
318361,0,일반·범용 모집형,3.5179216559702966,32.71428571428571,1.7467
319406,1,혜택·대학생 특화형,4.5776521570942,96.28571428571442,7.27
319507,0,일반·범용 모집형,3.6942222985244313,39.214285714285694,2.0036
319786,0,일반·범용 모집형,4.500603006349661,89.07142857142858,4.8917
319901,0,일반·범용 모집형,3.818710828286494,44.545454545454525,2.8571
317247,1,혜택·대학생 특화형,3.983678994334581,52.714285714285715,4.336
317560,0,일반·범용 모집형,3.172083663361441,22.85714285714284,1.875
316373,0,일반·범용 모집형,4.969813299576,142.9999999999999,3.7005
320027,1,혜택·대학생 특화형,4.47191086519221,86.52380952380955,0.6054
301539,0,일반·범용 모집형,2.2881963555419462,8.85714285714286,0.7444
316791,1,혜택·대학생 특화형,3.744449305268749,41.28571428571436,2.7682
317013,1,혜택·대학생 특화형,3.6122040864549687,36.04761904761905,2.2457
317265,1,혜택·대학생 특화형,4.907388944130765,134.28571428571425,1.4539
318365,1,혜택·대학생 특화형,5.202828599369364,180.78571428571422,3.9905
318593,1,혜택·대학생 특화형,4.639571612705423,102.49999999999996,3.8581
318626,0,일반·범용 모집형,4.72466116398963,111.6923076923076,3.9256
318783,1,혜택·대학생 특화형,4.447984602465679,84.45454545454545,4.7901
319138,1,혜택·대학생 특화형,4.34866373100476,76.37499999999999,3.1097
319506,1,혜택·대학생 특화형,4.667205576907543,105.3999999999999,3.9848
319574,1,혜택·대학생 특화형,4.557816489604622,94.37500000000006,3.9735
319599,1,혜택·대학생 특화형,2.9378382951350885,17.875000000000004,0.6993
301605,0,일반·범용 모집형,1.8417698898027168,5.30769230769231,1.6563
301641,1,혜택·대학생 특화형,1.349926716949016,2.8571428571428577,0.0
317731,0,일반·범용 모집형,3.5850609588079254,35.05555555555556,2.5357
318393,1,혜택·대학생 특화형,3.2984788754671674,26.071428571428562,3.0137
319542,1,혜택·대학생 특화형,3.0069593361477747,19.225806451612907,2.0134
318740,1,혜택·대학생 특화형,3.979681653901961,52.5,2.7211
320131,1,혜택·대학생 특화형,3.3193673634145235,26.642857142857153,1.0724
318606,1,혜택·대학생 특화형,5.9165870481752325,370.1428571428575,2.8367
317061,1,혜택·대학생 특화형,3.943890744276169,50.619047619047635,2.7281
319510,0,일반·범용 모집형,4.418037072196914,81.9333333333333,5.533
319869,1,혜택·대학생 특화형,5.785581880190371,324.57142857142856,5.9419
319890,0,일반·범용 모집형,4.183140061005232,64.57142857142857,2.6549
317789,1,혜택·대학생 특화형,2.859339648648436,16.45,2.4316
318802,1,혜택·대학생 특화형,5.7654149917368605,318.07142857142867,4.7384
301515,1,혜택·대학생 특화형,2.409811997731833,10.13186813186813,1.9523
301884,1,혜택·대학생 특화형,1.6247053845648889,4.0769230769230775,1.0782
319435,1,혜택·대학생 특화형,3.548732822370694,33.76923076923075,5.6948
319833,1,혜택·대학생 특화형,4.04960866838071,56.37500000000004,1.7738
320219,1,혜택·대학생 특화형,4.343805421853683,75.99999999999996,5.4511
320283,0,일반·범용 모집형,3.300762984340385,26.133333333333333,0.7653
301974,1,혜택·대학생 특화형,3.1459505849635283,22.24175824175824,2.5198
310190,1,혜택·대학생 특화형,2.3926367155449038,9.942307692307695,2.9014
318841,1,혜택·대학생 특화형,4.564348191467836,94.99999999999999,4.6316
319437,1,혜택·대학생 특화형,3.730501128804756,40.70000000000001,4.1769
302249,0,일반·범용 모집형,2.914498380510301,17.439560439560434,4.7259
302326,1,혜택·대학생 특화형,2.2781122364753204,8.75824175824176,3.3877
302382,1,혜택·대학생 특화형,2.4215883850556588,10.263736263736266,1.4989
302387,1,혜택·대학생 특화형,2.566638547052382,12.021978021978025,1.5539
302439,1,혜택·대학생 특화형,2.7594533795621747,14.791208791208788,1.3373
317952,1,혜택·대학생 특화형,4.755743044467466,115.25000000000003,0.6508
318676,1,혜택·대학생 특화형,5.761325429935228,316.7692307692309,4.7596
319318,1,혜택·대학생 특화형,4.42962561347316,82.89999999999996,3.8601
319378,1,혜택·대학생 특화형,4.120661870539474,60.60000000000002,5.6106
320223,0,일반·범용 모집형,4.541773869429297,92.8571428571428,1.8462
320728,1,혜택·대학생 특화형,5.030437921392436,152.0000000000001,3.0702
321299,0,일반·범용 모집형,3.5115454388310203,32.499999999999986,1.5385
319915,1,혜택·대학생 특화형,4.778072520865554,117.87499999999997,3.1813
318625,1,혜택·대학생 특화형,3.0937126819141945,21.058823529411757,1.9553
319320,1,혜택·대학생 특화형,4.326778160443404,74.7000000000001,5.4886
319323,1,혜택·대학생 특화형,4.244200317766479,68.70000000000006,3.2023
319964,0,일반·범용 모집형,4.497028027368388,88.74999999999996,3.2394
320174,1,혜택·대학생 특화형,4.396211269665838,80.14285714285715,3.7433
320205,1,혜택·대학생 특화형,4.571613402459248,95.69999999999996,5.0157
320642,0,일반·범용 모집형,5.741934240620577,310.6666666666667,1.1266
320725,1,혜택·대학생 특화형,4.814890716970161,122.33333333333337,3.8147
320841,1,혜택·대학생 특화형,4.360973225476049,77.3333333333333,1.7241
320845,0,일반·범용 모집형,5.419058984244166,224.6666666666668,3.7092
320511,0,일반·범용 모집형,3.7184382563554808,40.2,1.8242
319183,1,혜택·대학생 특화형,5.957686140558989,385.71428571428623,5.7222
318866,1,혜택·대학생 특화형,2.5952547069568657,12.4,1.0753
319395,0,일반·범용 모집형,4.398146016553766,80.3000000000001,5.4795
319477,1,혜택·대학생 특화형,4.639571612705423,102.49999999999996,6.9268
319814,1,혜택·대학생 특화형,3.946424432145478,50.74999999999998,4.1872
319966,1,혜택·대학생 특화형,4.234106504597259,67.99999999999996,1.8382
320169,0,일반·범용 모집형,3.734262459961754,40.85714285714287,1.7483
320326,1,혜택·대학생 특화형,4.027899462813948,55.14285714285713,3.6269
320334,1,혜택·대학생 특화형,4.596801936317575,98.16666666666666,4.2445
320459,1,혜택·대학생 특화형,4.579852378003801,96.49999999999999,5.3541
320585,0,일반·범용 모집형,5.19203049603008,178.8333333333334,2.5163
320887,1,혜택·대학생 특화형,5.176149732573829,175.99999999999994,4.3561
321024,1,혜택·대학생 특화형,4.330733340286331,75.0,2.2222
317589,0,일반·범용 모집형,3.7359043927588,40.92592592592595,2.4434
314997,0,일반·범용 모집형,3.7036141138708727,39.593749999999986,2.9992
302799,0,일반·범용 모집형,3.136926538924083,22.03296703296704,3.8404
311629,1,혜택·대학생 특화형,2.677590993617501,13.549999999999994,2.706
313203,1,혜택·대학생 특화형,2.9609682811176508,18.316666666666663,1.6379
317593,1,혜택·대학생 특화형,4.599599140938635,98.44444444444439,6.6027
319401,0,일반·범용 모집형,3.2152328335897,23.909090909090914,3.0418
320574,1,혜택·대학생 특화형,5.752175734672774,313.87500000000006,5.3763
321386,1,혜택·대학생 특화형,2.0027077474484467,6.409090909090911,0.7092
319585,1,혜택·대학생 특화형,4.230146103381162,67.72727272727268,5.1007
320426,1,혜택·대학생 특화형,3.9346228373453855,50.14285714285707,0.8547
321483,1,혜택·대학생 특화형,6.031886461606898,415.5000000000001,1.444
317813,1,혜택·대학생 특화형,6.578093134289473,718.1666666666663,4.1464
319597,1,혜택·대학생 특화형,3.32568982915401,26.818181818181813,2.3729
320545,1,혜택·대학생 특화형,4.51085950651685,89.99999999999997,3.1746
320752,0,일반·범용 모집형,4.879006851617819,130.5,7.0881
320927,1,혜택·대학생 특화형,3.9318256327243257,50.0,1.75
311605,1,혜택·대학생 특화형,3.619886582626985,36.33333333333334,2.7523
314961,0,일반·범용 모집형,4.619312139744846,100.42424242424237,4.0133
316409,1,혜택·대학생 특화형,3.548732822370694,33.76923076923075,2.5057
316520,1,혜택·대학생 특화형,3.527491106986447,33.038461538461526,3.2596
318481,1,혜택·대학생 특화형,3.654977902438255,37.666666666666664,3.8348
318616,1,혜택·대학생 특화형,4.625549348324744,101.05882352941178,5.8207
319379,0,일반·범용 모집형,3.158251203051766,22.529411764705884,3.1332
319723,0,일반·범용 모집형,5.078916801512659,159.59999999999968,2.5063
319883,1,혜택·대학생 특화형,3.7898553714539385,43.25,3.7572
320101,1,혜택·대학생 특화형,3.5425683348430144,33.55555555555554,2.3179
320952,1,혜택·대학생 특화형,6.763884908562435,864.9999999999999,1.6416
321359,1,혜택·대학생 특화형,3.157000421150113,22.499999999999993,2.2222
321865,1,혜택·대학생 특화형,4.36097322547605,77.33333333333337,1.4368
302861,1,혜택·대학생 특화형,1.7057465945680144,4.505494505494504,4.1463
315656,1,혜택·대학생 특화형,3.861069211977484,46.51612903225807,3.9528
317335,1,혜택·대학생 특화형,3.626560689714678,36.58333333333333,4.8975
317652,1,혜택·대학생 특화형,3.280569393873541,25.590909090909104,1.9538
319523,0,일반·범용 모집형,4.487387150331708,87.8888888888889,0.2528
319737,1,혜택·대학생 특화형,3.552964270134137,33.91666666666666,3.9312
320536,0,일반·범용 모집형,4.374183457212856,78.37500000000006,1.2759
320674,0,일반·범용 모집형,3.610917912644225,36.000000000000014,2.0833
320275,1,혜택·대학생 특화형,5.575528139132523,262.888888888889,1.9442
316552,1,혜택·대학생 특화형,5.562455205231544,259.4615384615384,4.4174
318963,0,일반·범용 모집형,3.797733859026018,43.59999999999998,2.5229
317514,1,혜택·대학생 특화형,2.684588714423212,13.652173913043477,1.9108
317599,1,혜택·대학생 특화형,3.671420232742168,38.30769230769232,3.012
318494,1,혜택·대학생 특화형,3.5098856874126567,32.44444444444446,3.7671
319274,0,일반·범용 모집형,3.4685727841349268,31.090909090909108,4.386
319552,1,혜택·대학생 특화형,3.42136305125675,29.611111111111114,0.9381
319793,1,혜택·대학생 특화형,3.081909969795043,20.79999999999999,1.2821
319898,0,일반·범용 모집형,2.90507790528586,17.266666666666662,2.7027
320580,1,혜택·대학생 특화형,3.0319119301314936,19.736842105263165,0.2667
320826,1,혜택·대학생 특화형,5.030437921392436,152.0000000000001,3.9474
320926,0,일반·범용 모집형,4.312140507209715,73.60000000000002,0.8152
321866,0,일반·범용 모집형,3.929371643762759,49.874999999999986,1.2531
319111,1,혜택·대학생 특화형,7.967765329868304,2885.399999999999,2.359
321504,0,일반·범용 모집형,3.348553648176733,27.461538461538453,3.0812
321941,0,일반·범용 모집형,4.400603020246817,80.49999999999999,0.6211
319540,1,혜택·대학생 특화형,4.360645839648932,77.30769230769234,1.393
321338,0,일반·범용 모집형,5.298317366548036,198.99999999999991,0.3015
319592,0,일반·범용 모집형,6.94542153014729,1037.3846153846152,3.9374
316835,1,혜택·대학생 특화형,4.976478281951692,143.96296296296296,1.415
318683,0,일반·범용 모집형,3.405947984420753,29.142857142857142,1.4706
319182,1,혜택·대학생 특화형,4.021375542355511,54.77777777777782,4.7667
319494,0,일반·범용 모집형,4.101462029990965,59.428571428571445,1.9231
319498,0,일반·범용 모집형,4.296313116399852,72.42857142857144,2.3669
320775,1,혜택·대학생 특화형,4.849795626118201,126.71428571428575,1.1274
321438,1,혜택·대학생 특화형,4.7199858604166725,111.16666666666663,2.099
312472,0,일반·범용 모집형,4.353638342769923,76.76086956521739,3.6534
318163,0,일반·범용 모집형,3.261296540752153,25.083333333333336,4.8173
319809,1,혜택·대학생 특화형,3.8516662048872488,46.07142857142858,3.1008
319856,1,혜택·대학생 특화형,3.780937598531884,42.857142857142854,3.3333
319876,1,혜택·대학생 특화형,4.252247591667909,69.2631578947368,4.1033
319889,0,일반·범용 모집형,4.930268459825294,137.4166666666666,4.245
320249,0,일반·범용 모집형,3.40949618447685,29.24999999999999,1.1396
320441,1,혜택·대학생 특화형,4.581901559048736,96.69999999999993,2.5853
321285,0,일반·범용 모집형,4.350277936359301,76.5,1.3072
319941,1,혜택·대학생 특화형,6.221749206573558,502.58333333333337,5.4386
320745,1,혜택·대학생 특화형,4.781222129768451,118.25000000000001,3.1712
319715,1,혜택·대학생 특화형,7.561329684422258,1921.399999999998,4.4499
320277,1,혜택·대학생 특화형,4.904601150928955,133.9090909090909,1.6293
316326,0,일반·범용 모집형,3.5129013712421564,32.54545454545454,0.2793
317837,0,일반·범용 모집형,2.466888144285321,10.785714285714274,0.3311
318171,0,일반·범용 모집형,3.2419410977991974,24.583333333333346,4.0678
318519,0,일반·범용 모집형,3.9702919135521215,51.999999999999986,1.0577
319154,1,혜택·대학생 특화형,3.942746178070987,50.56000000000002,4.5095
319159,1,혜택·대학생 특화형,3.517921655970297,32.71428571428572,2.1834
319443,1,혜택·대학생 특화형,4.68213122712422,107.00000000000003,3.8718
319539,1,혜택·대학생 특화형,4.377851263263401,78.66666666666667,4.2373
319700,1,혜택·대학생 특화형,4.540631664850521,92.75000000000004,2.0665
320176,0,일반·범용 모집형,3.030823593365261,19.714285714285715,1.4493
320747,1,혜택·대학생 특화형,5.115424217855124,165.57142857142853,3.4513
320919,1,혜택·대학생 특화형,5.40042258948519,220.5,3.9909
318843,1,혜택·대학생 특화형,5.362967488600852,212.35714285714295,5.2136
318645,1,혜택·대학생 특화형,8.023248095970457,3050.0714285714184,3.2224
316558,1,혜택·대학생 특화형,4.845030375334988,126.1071428571428,3.0303
315986,1,혜택·대학생 특화형,3.124898090297654,21.75757575757575,2.9248
302910,1,혜택·대학생 특화형,2.2960419944051096,8.93478260869565,3.7713
321971,1,혜택·대학생 특화형,4.0943445622221,58.999999999999986,0.0
318416,1,혜택·대학생 특화형,3.235873401236772,24.428571428571434,3.5088
318448,1,혜택·대학생 특화형,3.213145150159216,23.857142857142865,0.5988
318681,1,혜택·대학생 특화형,3.0226397264739147,19.545454545454533,1.6279
320433,1,혜택·대학생 특화형,4.082047034411694,58.266666666666644,2.6316
320590,1,혜택·대학생 특화형,3.2754279943731217,25.454545454545446,3.2143
320730,0,일반·범용 모집형,4.293878247897177,72.25000000000001,0.346
320856,1,혜택·대학생 특화형,4.448126436378405,84.46666666666663,1.9732
321735,0,일반·범용 모집형,5.992963423231718,399.5999999999999,0.6006
319160,1,혜택·대학생 특화형,5.093750200806761,161.99999999999986,2.4366
319799,0,일반·범용 모집형,3.3141860046725253,26.499999999999993,0.8086
319846,1,혜택·대학생 특화형,5.345274349635807,208.61538461538453,3.6136
319989,1,혜택·대학생 특화형,4.794412185626619,119.83333333333327,5.146
320117,1,혜택·대학생 특화형,3.278595059569823,25.538461538461537,2.4096
320549,1,혜택·대학생 특화형,4.041455098301728,55.90909090909089,2.439
320552,0,일반·범용 모집형,3.1388331171946646,22.076923076923084,0.3484
320774,1,혜택·대학생 특화형,3.861686191266552,46.54545454545453,3.7109
321121,1,혜택·대학생 특화형,3.853182505405213,46.14285714285717,3.2508
319875,1,혜택·대학생 특화형,4.239886867512758,68.39999999999993,1.6569
320155,1,혜택·대학생 특화형,4.760748417806535,115.83333333333329,4.7482
319196,1,혜택·대학생 특화형,4.546090422894271,93.26315789473682,6.2641
316681,1,혜택·대학생 특화형,6.7219241224656905,829.4137931034485,3.1722
318405,1,혜택·대학생 특화형,4.808693950432649,121.57142857142857,1.841
320177,1,혜택·대학생 특화형,4.076326056719423,57.92857142857146,4.9322
321736,1,혜택·대학생 특화형,4.219507705176106,66.99999999999996,4.9751
319456,1,혜택·대학생 특화형,4.050994121348488,56.45454545454552,4.7504
319970,0,일반·범용 모집형,3.616692712138109,36.21428571428574,4.5365
321905,1,혜택·대학생 특화형,5.396221581529408,219.5714285714286,0.8458
319450,1,혜택·대학생 특화형,4.942594350334686,139.13333333333333,1.0062
292907,1,혜택·대학생 특화형,4.4856356172929015,87.73333333333333,2.5836
319358,1,혜택·대학생 특화형,4.8492691024782895,126.64705882352945,1.0683
319687,0,일반·범용 모집형,3.20545280453606,23.66666666666667,0.2817
321170,1,혜택·대학생 특화형,4.529907701487544,91.74999999999997,1.0899
322286,1,혜택·대학생 특화형,3.502549875922443,32.20000000000001,3.5197
315203,1,혜택·대학생 특화형,2.0149030205422647,6.499999999999999,3.5503
319301,1,혜택·대학생 특화형,3.9742562398540313,52.210526315789494,4.6371
320643,1,혜택·대학생 특화형,4.498954604010532,88.92307692307692,4.2388
320512,1,혜택·대학생 특화형,3.8129916248219673,44.285714285714285,3.0645
303180,0,일반·범용 모집형,2.654633968543996,13.219780219780224,3.4081
318042,1,혜택·대학생 특화형,3.273809543686038,25.411764705882344,1.1574
318746,1,혜택·대학생 특화형,4.145399733022385,62.142857142857174,4.9042
320525,1,혜택·대학생 특화형,3.441403802140196,30.230769230769226,2.2901
320950,1,혜택·대학생 특화형,4.678110810389806,106.56666666666663,1.4388
321621,0,일반·범용 모집형,4.836281906951478,125.0,3.8
322393,1,혜택·대학생 특화형,2.995732273553991,18.999999999999996,0.0
320654,1,혜택·대학생 특화형,3.780937598531884,42.857142857142854,3.5
320868,1,혜택·대학생 특화형,4.122644031743466,60.72222222222226,0.9149
322218,1,혜택·대학생 특화형,4.274680021044426,70.85714285714285,0.6048
322499,1,혜택·대학생 특화형,3.617651944825568,36.24999999999998,2.7586
303265,0,일반·범용 모집형,2.055812923286391,6.813186813186814,1.129
317391,1,혜택·대학생 특화형,3.420367297769876,29.580645161290338,1.0905
322394,1,혜택·대학생 특화형,3.6309854756950335,36.74999999999999,0.0
303354,1,혜택·대학생 특화형,2.0316124539899545,6.626373626373627,3.9801
303370,1,혜택·대학생 특화형,1.840026210197889,5.296703296703294,1.2448
320187,1,혜택·대학생 특화형,5.00930107108312,148.80000000000007,2.509
321151,1,혜택·대학생 특화형,3.817712325956905,44.5,2.9213
321274,1,혜택·대학생 특화형,4.247195696707273,68.90909090909086,1.5831
321799,0,일반·범용 모집형,3.419546520330352,29.55555555555556,0.3759
321313,1,혜택·대학생 특화형,4.616110126026426,100.1,3.2967
307756,1,혜택·대학생 특화형,2.265127530459145,8.63235294117647,0.3407
305527,1,혜택·대학생 특화형,1.7170181848302395,4.567901234567901,1.8919
320166,1,혜택·대학생 특화형,3.997053254612721,53.437499999999964,2.924
315277,1,혜택·대학생 특화형,4.17478166942747,64.02564102564104,2.9235
320409,0,일반·범용 모집형,3.534173064352955,33.266666666666666,1.002
320660,0,일반·범용 모집형,2.98496017657208,18.785714285714292,2.2814
320925,1,혜택·대학생 특화형,5.016838238220863,149.9333333333333,2.3121
322918,1,혜택·대학생 특화형,4.28358656186063,71.50000000000004,0.6993
323185,1,혜택·대학생 특화형,2.571339155560308,12.083333333333334,0.6897
316862,0,일반·범용 모집형,2.6607973162516645,13.307692307692307,0.578
319176,1,혜택·대학생 특화형,3.752215329285748,41.615384615384656,2.4954
319962,1,혜택·대학생 특화형,3.848895253393593,45.941176470588246,3.4571
320561,0,일반·범용 모집형,4.167181886174367,63.53333333333333,3.2529
320566,1,혜택·대학생 특화형,2.940043367693402,17.91666666666666,2.093
320599,1,혜택·대학생 특화형,4.816511025183149,122.53333333333326,5.8215
320607,1,혜택·대학생 특화형,3.748719454469953,41.46666666666666,4.5016
321607,1,혜택·대학생 특화형,5.057518879995106,156.2,5.0576
321625,0,일반·범용 모집형,5.420132665732359,224.90909090909096,6.0226
321899,1,혜택·대학생 특화형,3.8849943330402255,47.6666666666666,1.3986
322063,1,혜택·대학생 특화형,4.751000634199631,114.7,5.4926
322138,1,혜택·대학생 특화형,4.171819874390391,63.83333333333334,4.047
322252,0,일반·범용 모집형,4.443720203679221,84.09090909090904,1.5135
322261,1,혜택·대학생 특화형,4.749270529961848,114.49999999999996,0.1092
323247,1,혜택·대학생 특화형,4.58836306767171,97.33333333333334,2.0548
317158,0,일반·범용 모집형,4.2644955833958,70.12903225806453,4.8298
318395,1,혜택·대학생 특화형,4.705196500055216,109.52000000000001,3.2871
317602,1,혜택·대학생 특화형,7.33215117474974,1527.666666666666,4.1239
316329,1,혜택·대학생 특화형,2.3877429013343523,9.888888888888886,0.5618
318829,1,혜택·대학생 특화형,3.993248445350732,53.23076923076925,5.7803
320529,0,일반·범용 모집형,3.123565645063876,21.727272727272727,1.2552
321149,0,일반·범용 모집형,3.4011973816621555,29.000000000000004,2.8213
321350,0,일반·범용 모집형,2.26504717367498,8.631578947368418,0.6098
322482,1,혜택·대학생 특화형,4.663439094112068,105.00000000000007,1.9048
323344,0,일반·범용 모집형,3.884994333040227,47.66666666666667,0.6993
319505,0,일반·범용 모집형,4.635317223540715,102.06060606060608,4.9287
321791,0,일반·범용 모집형,3.8753590210565534,47.19999999999994,0.2119
320560,1,혜택·대학생 특화형,4.069529393102377,57.52941176470588,6.0327
323121,0,일반·범용 모집형,4.337290740832491,75.50000000000004,0.1656
323319,1,혜택·대학생 특화형,4.079955824770001,58.142857142857125,1.7199
323698,1,혜택·대학생 특화형,3.542200789125379,33.542857142857144,2.2147
321506,1,혜택·대학생 특화형,4.026838679856728,55.08333333333336,3.0257
303918,1,혜택·대학생 특화형,2.522646977770847,11.461538461538456,2.5887
318888,1,혜택·대학생 특화형,2.9723849095569994,18.53846153846153,3.527
321290,1,혜택·대학생 특화형,4.859812404361672,127.99999999999997,4.7433
322296,1,혜택·대학생 특화형,2.631888840136646,12.9,0.0
320190,1,혜택·대학생 특화형,5.158815806937009,172.95833333333317,2.0718
320932,1,혜택·대학생 특화형,4.760544606535066,115.80952380952378,6.1678
304328,1,혜택·대학생 특화형,1.4187296368730444,3.1318681318681314,1.0526
318288,1,혜택·대학생 특화형,4.106341278509732,59.724137931034484,4.6189
319068,1,혜택·대학생 특화형,3.1387096527831244,22.074074074074083,1.6779
319132,1,혜택·대학생 특화형,4.798041953677199,120.27272727272734,4.4218
319961,1,혜택·대학생 특화형,3.524888854004705,32.949999999999996,1.9727
319982,1,혜택·대학생 특화형,4.535820107853298,92.29999999999998,4.117
320375,1,혜택·대학생 특화형,4.021773869387265,54.79999999999998,3.6496
321335,1,혜택·대학생 특화형,5.166824710613362,174.3571428571428,1.9664
322201,1,혜택·대학생 특화형,5.371060771739962,214.09090909090912,3.1847
323114,1,혜택·대학생 특화형,4.378448813325997,78.7142857142857,3.6298
293886,1,혜택·대학생 특화형,5.031371192575434,152.1428571428571,5.446
313725,1,혜택·대학생 특화형,3.865658468473552,46.73469387755101,6.2009
304102,1,혜택·대학생 특화형,2.7691487463673377,14.945054945054943,3.6029
318782,1,혜택·대학생 특화형,4.165752814979305,63.44117647058822,6.2587
319688,1,혜택·대학생 특화형,3.0469005601283903,20.049999999999997,3.2419
319913,1,혜택·대학생 특화형,3.648057459593681,37.39999999999999,1.738
321300,1,혜택·대학생 특화형,4.956832588103279,141.1428571428571,5.5162
321436,1,혜택·대학생 특화형,5.831882477283517,340.00000000000006,2.7311
322414,1,혜택·대학생 특화형,3.931825632724326,50.00000000000002,5.8182
322507,1,혜택·대학생 특화형,5.102476259666569,163.42857142857144,6.0315
323038,0,일반·범용 모집형,3.895215887111765,48.166666666666664,2.4221
323346,0,일반·범용 모집형,5.018382980887082,150.16666666666669,3.9956
323494,0,일반·범용 모집형,4.065357025348848,57.28571428571426,3.4913
314282,1,혜택·대학생 특화형,4.248799147233282,69.0212765957447,6.5968
314844,1,혜택·대학생 특화형,3.406609068622881,29.16279069767441,1.8341
318742,1,혜택·대학생 특화형,5.004861079602786,148.13636363636363,2.7002
319721,1,혜택·대학생 특화형,3.9318256327243257,50.0,4.9
320576,1,혜택·대학생 특화형,4.145776735854371,62.166666666666636,3.1278
321360,0,일반·범용 모집형,3.575550768806933,34.71428571428571,0.4115
323071,0,일반·범용 모집형,3.6506582412937374,37.49999999999996,1.3333
323123,1,혜택·대학생 특화형,3.933458286148211,50.08333333333332,1.6639
323370,1,혜택·대학생 특화형,4.380889624886807,78.90909090909095,2.6498
323459,0,일반·범용 모집형,4.036651245989082,55.636363636363626,2.451
320060,1,혜택·대학생 특화형,3.0106208860477417,19.3,3.3679
252006,1,혜택·대학생 특화형,0.9520088144762344,1.5909090909090913,1.9048
252000,1,혜택·대학생 특화형,0.8004695168122735,1.226586102719033,1.9704
301867,1,혜택·대학생 특화형,5.25136868762159,189.8272727272727,3.4481
321943,1,혜택·대학생 특화형,5.88419248338351,358.3125,2.8955
321103,1,혜택·대학생 특화형,5.255322874975181,190.58333333333326,2.6235
321432,1,혜택·대학생 특화형,3.6091144856450734,35.93333333333332,0.3711
321788,0,일반·범용 모집형,3.4360013038568478,30.062500000000007,0.4158
322185,1,혜택·대학생 특화형,4.0661736852554045,57.333333333333336,4.0698
322198,1,혜택·대학생 특화형,5.320567975482857,203.50000000000006,5.9787
322227,1,혜택·대학생 특화형,5.10869650727247,164.45454545454544,4.6987
322250,1,혜택·대학생 특화형,5.432265339057776,227.6666666666667,2.5988
322373,1,혜택·대학생 특화형,4.490881039585964,88.2,5.3288
322398,0,일반·범용 모집형,5.355537506877928,210.77777777777777,2.1613
322457,1,혜택·대학생 특화형,4.184591440069879,64.6666666666667,7.9038
322668,1,혜택·대학생 특화형,3.80666248977032,44.000000000000014,3.4091
323461,1,혜택·대학생 특화형,5.675040005790548,290.50000000000017,4.1308
320998,1,혜택·대학생 특화형,4.127134385045091,60.99999999999995,5.9016
322017,1,혜택·대학생 특화형,3.674188738703932,38.416666666666636,4.5553
322174,1,혜택·대학생 특화형,4.289317236569614,71.91666666666667,4.4032
322178,0,일반·범용 모집형,4.755743044467465,115.24999999999993,4.3384
322242,1,혜택·대학생 특화형,4.875833253270277,130.08333333333326,3.2671
322483,0,일반·범용 모집형,4.07376385452208,57.77777777777779,5.0
322757,1,혜택·대학생 특화형,6.232284283435134,507.9166666666664,1.7555
323261,1,혜택·대학생 특화형,4.665010186344109,105.1666666666667,3.4865
323585,1,혜택·대학생 특화형,4.6443908991413725,102.99999999999999,1.5534
323639,1,혜택·대학생 특화형,5.2225156531317545,184.39999999999995,4.8807
322800,0,일반·범용 모집형,4.305993734110576,73.14285714285718,2.4414
321937,0,일반·범용 모집형,3.85439389259151,46.20000000000002,2.5974
323117,0,일반·범용 모집형,5.851124312554129,346.62499999999994,2.9571
319761,1,혜택·대학생 특화형,4.2260223861973,67.44444444444444,6.1779
320465,1,혜택·대학생 특화형,3.265759410767052,25.20000000000002,5.3571
322016,1,혜택·대학생 특화형,4.220732445072002,67.08333333333331,4.472
322251,1,혜택·대학생 특화형,3.832258036959283,45.16666666666665,3.1365
322581,1,혜택·대학생 특화형,3.64631983969514,37.33333333333333,4.1667
322681,1,혜택·대학생 특화형,3.801091444720864,43.749999999999986,3.4286
322898,0,일반·범용 모집형,3.433987204485146,29.999999999999986,2.0833
323130,0,일반·범용 모집형,4.364008129171203,77.57142857142853,0.7366
323377,1,혜택·대학생 특화형,4.98246441712956,144.83333333333334,2.9919
323677,1,혜택·대학생 특화형,5.099866427824198,162.99999999999991,2.3313
313183,1,혜택·대학생 특화형,1.6722858160937644,4.324324324324326,4.375
316086,1,혜택·대학생 특화형,2.768114441844861,14.92857142857144,0.7974
318512,0,일반·범용 모집형,3.0552177268401715,20.225806451612915,3.9872
318818,0,일반·범용 모집형,2.8230195758666734,15.827586206896555,1.7429
320555,1,혜택·대학생 특화형,3.824284091120139,44.79999999999999,3.5714
322316,0,일반·범용 모집형,2.0600234558227344,6.846153846153847,1.1236
322392,1,혜택·대학생 특화형,4.410371107683024,81.29999999999998,3.444
323816,1,혜택·대학생 특화형,3.962716119743664,51.59999999999998,0.3876
324011,0,일반·범용 모집형,3.8918202981106265,47.99999999999999,1.0417
324053,0,일반·범용 모집형,4.24029847484518,68.42857142857142,1.6701
324122,0,일반·범용 모집형,5.459585514144159,234.0,2.5641
320377,0,일반·범용 모집형,3.34109345759245,27.250000000000004,2.3853
320535,1,혜택·대학생 특화형,5.538260193010615,253.23529411764696,3.4843
320965,1,혜택·대학생 특화형,3.8622323409251305,46.57142857142857,1.9427
321839,0,일반·범용 모집형,3.885972328228204,47.71428571428574,6.2874
322615,0,일반·범용 모집형,3.1445114095793385,22.208333333333336,4.6904
323684,0,일반·범용 모집형,3.859559435892405,46.44444444444443,0.7177
324056,0,일반·범용 모집형,3.6413385093449366,37.14285714285716,2.6923
324131,1,혜택·대학생 특화형,4.391357962102766,79.74999999999997,1.2539
318930,0,일반·범용 모집형,6.10832761949801,448.5862068965516,3.4899
319163,0,일반·범용 모집형,4.423562659927795,82.39285714285721,3.4677
321512,1,혜택·대학생 특화형,5.047716969000788,154.66666666666677,4.6552
322211,1,혜택·대학생 특화형,4.032469158504013,55.400000000000006,0.4813
322282,1,혜택·대학생 특화형,2.991878704238001,18.923076923076923,2.8455
322815,1,혜택·대학생 특화형,4.441081397455196,83.86666666666666,4.0541
323647,1,혜택·대학생 특화형,5.260961580004268,191.66666666666666,1.7391
323120,1,혜택·대학생 특화형,8.082402253926245,3236.0000000000036,3.8495
321687,1,혜택·대학생 특화형,3.6788291182604342,38.59999999999997,1.5544
321933,1,혜택·대학생 특화형,4.884820086742608,131.26666666666668,6.1453
308459,0,일반·범용 모집형,2.684979080200898,13.657894736842104,1.7341
317258,1,혜택·대학생 특화형,3.76746580035249,42.27027027027027,6.4578
304908,0,일반·범용 모집형,2.476630740484141,10.901098901098903,3.5282
305089,1,혜택·대학생 특화형,2.9979276641174266,19.043956043956044,1.0387
320739,1,혜택·대학생 특화형,2.9216243014002687,17.571428571428566,2.981
322932,1,혜택·대학생 특화형,5.179283548990001,176.5555555555556,5.9786
323338,1,혜택·대학생 특화형,3.3586377672433594,27.749999999999996,0.4505
323357,1,혜택·대학생 특화형,4.110873864173311,60.00000000000001,0.7143
323360,1,혜택·대학생 특화형,4.538725086579939,92.57142857142861,0.7716
324106,0,일반·범용 모집형,4.659387771892888,104.57142857142853,0.9563
318245,0,일반·범용 모집형,3.677881699904396,38.56250000000004,4.295
322657,1,혜택·대학생 특화형,3.681351187693145,38.7,5.4264
320036,0,일반·범용 모집형,2.683509092186092,13.63636363636363,3.6667
320999,1,혜택·대학생 특화형,3.517672372658524,32.7058823529412,3.5971
324412,0,일반·범용 모집형,4.135166556742355,61.499999999999964,0.4065
305100,1,혜택·대학생 특화형,1.7215885100336723,4.593406593406591,1.9139
322618,1,혜택·대학생 특화형,4.513054897080286,90.20000000000002,1.9956
323320,0,일반·범용 모집형,4.16061768917188,63.111111111111086,0.7042
323499,0,일반·범용 모집형,3.7892274279482185,43.22222222222223,0.0
323817,1,혜택·대학생 특화형,3.5312505099103526,33.16666666666665,1.005
322411,0,일반·범용 모집형,4.288173725867535,71.83333333333336,3.0162
308668,1,혜택·대학생 특화형,3.582036358495887,34.946666666666665,0.3052
314008,0,일반·범용 모집형,3.0884166312806483,20.94230769230769,4.8669
318359,1,혜택·대학생 특화형,3.134285756567581,21.97222222222221,1.6435
319760,1,혜택·대학생 특화형,2.991878704238001,18.923076923076923,0.813
320540,1,혜택·대학생 특화형,3.5811005575918293,34.9130434782609,3.736
321126,0,일반·범용 모집형,2.77498968377732,15.038461538461544,0.7673
322301,1,혜택·대학생 특화형,4.040709346389469,55.86666666666665,0.9547
322315,0,일반·범용 모집형,2.657925813919641,13.266666666666662,2.0101
322449,1,혜택·대학생 특화형,3.725693427236653,40.50000000000001,3.7037
323166,0,일반·범용 모집형,3.621670704420487,36.400000000000034,2.1978
323625,1,혜택·대학생 특화형,4.356708826689592,77.0,3.7338
323954,1,혜택·대학생 특화형,3.667826044916104,38.166666666666664,4.8035
321424,1,혜택·대학생 특화형,4.841697458616632,125.68421052631581,3.0151
323760,1,혜택·대학생 특화형,4.6839813664123815,107.20000000000003,5.9701
320188,1,혜택·대학생 특화형,4.753292881753795,114.96551724137929,4.1992
319572,1,혜택·대학생 특화형,2.3711477644313423,9.70967741935484,1.6611
320780,1,혜택·대학생 특화형,3.6836023970130927,38.789473684210535,4.3419
321046,1,혜택·대학생 특화형,4.377123328745361,78.60869565217389,6.5265
321813,0,일반·범용 모집형,3.9827920763163536,52.66666666666668,4.4304
323626,1,혜택·대학생 특화형,5.783055655550709,323.75,2.0849
322865,1,혜택·대학생 특화형,3.788724789083653,43.20000000000002,4.9383
322863,1,혜택·대학생 특화형,4.309679931088499,73.41666666666667,6.5834
321787,1,혜택·대학생 특화형,4.092069248384965,58.86363636363638,3.2432
316080,1,혜택·대학생 특화형,2.293452609430773,8.909090909090905,1.7857
318790,0,일반·범용 모집형,2.7135903814778257,14.083333333333337,2.3669
319531,1,혜택·대학생 특화형,3.175362038682234,22.93548387096774,2.391
320579,1,혜택·대학생 특화형,2.740840023925201,14.499999999999998,0.627
321212,1,혜택·대학생 특화형,3.832068013205743,45.15789473684213,2.4476
322397,0,일반·범용 모집형,2.838103329350408,16.083333333333336,2.5907
322401,1,혜택·대학생 특화형,3.59502654530759,35.41666666666667,2.8235
324108,0,일반·범용 모집형,3.875819956764186,47.22222222222225,2.3529
324525,1,혜택·대학생 특화형,3.7689221617874726,42.33333333333333,0.7874
324815,1,혜택·대학생 특화형,3.9219733362813134,49.499999999999964,2.2727
322177,1,혜택·대학생 특화형,4.565736116742684,95.13333333333333,2.3826
323613,1,혜택·대학생 특화형,5.093750200806762,162.0,2.7778
320754,1,혜택·대학생 특화형,4.242525075062855,68.58333333333333,2.4301
322756,1,혜택·대학생 특화형,3.71731738943447,40.15384615384616,2.1073
323373,1,혜택·대학생 특화형,4.08260930600368,58.300000000000004,3.6021
322369,1,혜택·대학생 특화형,3.747821989747386,41.42857142857141,3.7931
320664,1,혜택·대학생 특화형,3.626762241665375,36.59090909090908,2.7329
321209,1,혜택·대학생 특화형,2.2540580520993854,8.526315789473685,1.2346
321789,0,일반·범용 모집형,3.8388196014048512,45.47058823529412,3.881
322523,1,혜택·대학생 특화형,4.197201947661808,65.49999999999999,4.0349
315148,0,일반·범용 모집형,2.1436611344141294,7.5306122448979576,3.794
318568,0,일반·범용 모집형,4.170650693852667,63.75757575757574,2.519
319722,1,혜택·대학생 특화형,4.186152111475224,64.76923076923077,3.9786
320811,1,혜택·대학생 특화형,5.627107106997234,276.857142857143,4.042
322370,1,혜택·대학생 특화형,2.3715779644809976,9.714285714285719,0.7353
322439,1,혜택·대학생 특화형,2.623632859289627,12.78571428571429,3.352
322509,1,혜택·대학생 특화형,4.539488154148441,92.64285714285712,6.862
323057,0,일반·범용 모집형,3.8050739270851817,43.928571428571416,2.7642
323502,0,일반·범용 모집형,4.149726708073685,62.41666666666665,0.4005
323965,1,혜택·대학생 특화형,3.507271928053639,32.35714285714287,0.6623
324438,1,혜택·대학생 특화형,2.31363492918063,9.111111111111107,0.0
319029,1,혜택·대학생 특화형,7.252076813437351,1410.0322580645154,4.0493
312636,1,혜택·대학생 특화형,4.053811877699524,56.61666666666669,4.2685
317129,1,혜택·대학생 특화형,2.653241964607215,13.2,1.1364
318951,1,혜택·대학생 특화형,4.314984983318192,73.81250000000001,0.254
319968,1,혜택·대학생 특화형,2.846696694393503,16.230769230769226,2.8436
320243,1,혜택·대학생 특화형,3.0005593143023077,19.096774193548402,3.0405
320934,1,혜택·대학생 특화형,4.178773241838892,64.2857142857143,2.963
320975,1,혜택·대학생 특화형,3.636332241066792,36.952380952380956,2.3196
321330,1,혜택·대학생 특화형,6.379072752816599,588.3809523809523,4.8074
321627,0,일반·범용 모집형,3.4168634984065545,29.473684210526304,4.1071
322317,0,일반·범용 모집형,4.554495895024823,94.05882352941164,1.8136
322484,1,혜택·대학생 특화형,4.266695946696205,70.28571428571428,2.5407
323046,1,혜택·대학생 특화형,3.433987204485146,29.999999999999986,2.2222
323470,1,혜택·대학생 특화형,3.590439381300684,35.25,0.7092
324161,1,혜택·대학생 특화형,4.817589773939325,122.6666666666666,0.9511
324435,1,혜택·대학생 특화형,2.547707551027031,11.777777777777782,3.3019
324649,0,일반·범용 모집형,4.879767018891217,130.6,2.6034
324987,1,혜택·대학생 특화형,4.31748811353631,73.99999999999997,4.3243
317565,0,일반·범용 모집형,2.4545355519117016,10.64102564102564,3.8554
321522,1,혜택·대학생 특화형,5.336094730882068,206.70000000000027,4.2574
319168,0,일반·범용 모집형,3.4453685999752928,30.354838709677416,2.3379
323127,1,혜택·대학생 특화형,4.317488113536312,74.00000000000011,5.1158
312543,1,혜택·대학생 특화형,1.8552728749503808,5.393442622950819,2.7356
318982,1,혜택·대학생 특화형,3.441244882791431,30.225806451612904,3.5219
320040,1,혜택·대학생 특화형,3.760269450200609,41.95999999999999,6.101
320286,1,혜택·대학생 특화형,3.3511564355910712,27.5357142857143,3.1128
320515,1,혜택·대학생 특화형,2.3801433273399204,9.806451612903228,0.6579
321023,1,혜택·대학생 특화형,3.3884176550157563,28.619047619047613,2.6622
323211,1,혜택·대학생 특화형,4.035714477770696,55.583333333333364,4.9475
323654,1,혜택·대학생 특화형,3.512255918434619,32.52380952380952,2.6354
323763,0,일반·범용 모집형,4.350277936359301,76.5,5.042
323977,1,혜택·대학생 특화형,2.890371757896165,17.000000000000004,0.8403
324484,0,일반·범용 모집형,4.110873864173311,60.00000000000001,1.6667
324756,0,일반·범용 모집형,4.192680462942962,65.19999999999999,1.5337
319516,1,혜택·대학생 특화형,5.442557346073232,230.0322580645162,4.6557
321804,1,혜택·대학생 특화형,4.982845296966577,144.88888888888889,3.1442
323238,1,혜택·대학생 특화형,4.5281091398516295,91.58333333333331,5.4595
319459,1,혜택·대학생 특화형,4.20855469315691,66.2592592592593,3.9128
317936,0,일반·범용 모집형,2.2483635388274066,8.47222222222222,2.623
322554,1,혜택·대학생 특화형,4.219507705176107,67.00000000000001,3.7811
310605,0,일반·범용 모집형,3.5404224112727376,33.48148148148147,2.6549
319532,1,혜택·대학생 특화형,3.571958116055033,34.586206896551694,4.7856
312230,1,혜택·대학생 특화형,2.720870889531272,14.19354838709678,6.5909
305561,1,혜택·대학생 특화형,2.7383555505975385,14.461538461538455,4.8632
300124,1,혜택·대학생 특화형,1.8346132964825368,5.2627118644067785,6.6023
322843,1,혜택·대학생 특화형,6.083359811812237,437.49999999999955,4.6857
305662,1,혜택·대학생 특화형,3.610917912644225,36.000000000000014,2.0147
319636,1,혜택·대학생 특화형,3.075244336481725,20.655172413793107,1.5025
323193,0,일반·범용 모집형,2.4048639421144635,10.076923076923073,2.2901
324007,1,혜택·대학생 특화형,3.522341765021243,32.863636363636346,5.6708
324405,0,일반·범용 모집형,4.3098398926980535,73.42857142857142,3.8911
320825,1,혜택·대학생 특화형,4.808482018673882,121.54545454545453,2.4682
304242,1,혜택·대학생 특화형,2.780115271626132,15.120879120879128,3.6337
324096,0,일반·범용 모집형,3.921072840948064,49.45454545454547,2.2059
324518,1,혜택·대학생 특화형,4.350277936359301,76.5,3.268
324659,1,혜택·대학생 특화형,2.3723184310087206,9.72222222222222,0.5714
320260,1,혜택·대학생 특화형,4.3477240402817765,76.30232558139535,3.8098
317375,1,혜택·대학생 특화형,5.685957889743649,293.6999999999999,2.5536
325095,1,혜택·대학생 특화형,2.6741486494265287,13.5,0.0
305591,1,혜택·대학생 특화형,2.655406467616788,13.230769230769232,0.8306
324102,0,일반·범용 모집형,5.504653799545865,244.83333333333337,7.3519
316464,1,혜택·대학생 특화형,2.8449093838194077,16.200000000000006,5.0754
323280,1,혜택·대학생 특화형,3.8501476017100575,45.99999999999995,3.01
324679,0,일반·범용 모집형,3.735836437201707,40.92307692307692,3.1955
324818,1,혜택·대학생 특화형,3.724766213447461,40.46153846153848,2.0913
324972,0,일반·범용 모집형,4.700480365792417,109.00000000000004,2.3591
323659,0,일반·범용 모집형,5.216606601773804,183.3076923076924,7.0919
306052,0,일반·범용 모집형,2.87932192170958,16.802197802197803,2.1583
322045,1,혜택·대학생 특화형,2.7987584399731658,15.424242424242422,1.7682
322549,1,혜택·대학생 특화형,4.353498551059343,76.74999999999997,4.1531
323172,1,혜택·대학생 특화형,4.071465779837169,57.6428571428571,2.3544
305319,1,혜택·대학생 특화형,3.3877009156247198,28.597826086956534,7.8297
312257,1,혜택·대학생 특화형,4.745882763323142,114.10937500000007,3.9984
319312,1,혜택·대학생 특화형,6.687068385032004,800.9677419354821,3.234
306054,0,일반·범용 모집형,2.254179470263692,8.527472527472531,0.6443
320213,1,혜택·대학생 특화형,4.402505166017422,80.65517241379305,2.779
322498,1,혜택·대학생 특화형,3.5671825191364164,34.416666666666664,1.5738
323342,0,일반·범용 모집형,3.395297659534967,28.8235294117647,0.6122
323428,1,혜택·대학생 특화형,4.1340230460402765,61.42857142857141,0.9302
324045,0,일반·범용 모집형,3.454512440429877,30.642857142857135,2.7972
324210,1,혜택·대학생 특화형,5.278114659230518,195.00000000000009,4.1026
324239,1,혜택·대학생 특화형,3.767822656454056,42.285714285714285,2.3649
323682,1,혜택·대학생 특화형,4.95535746379127,140.93333333333337,4.4939
323475,1,혜택·대학생 특화형,5.192101784570477,178.84615384615387,0.7742
323722,1,혜택·대학생 특화형,4.992001214551363,146.2307692307692,4.8922
324090,0,일반·범용 모집형,3.477386520019702,31.375000000000007,2.7888
324813,0,일반·범용 모집형,4.319391063682397,74.14285714285715,2.3121
309882,0,일반·범용 모집형,2.24024196241991,8.395604395604396,1.4398
323395,0,일반·범용 모집형,3.467965558126996,31.071428571428584,2.2989
323523,0,일반·범용 모집형,3.054001181677967,20.200000000000003,0.6601
324107,0,일반·범용 모집형,5.185521872402691,177.66666666666643,3.6898
325014,1,혜택·대학생 특화형,3.744449305268747,41.285714285714285,0.346
325030,1,혜택·대학생 특화형,2.529358412358834,11.545454545454543,1.1811
324551,1,혜택·대학생 특화형,4.784988612563928,118.70000000000005,4.1281
306212,0,일반·범용 모집형,2.1137910216944733,7.279569892473116,3.5451
324814,1,혜택·대학생 특화형,3.828641396489095,45.0,0.8333
325301,1,혜택·대학생 특화형,5.043425116919247,154.00000000000003,2.9221
323632,1,혜택·대학생 특화형,4.851472072445453,126.92857142857146,5.2898
319169,1,혜택·대학생 특화형,2.897851224327457,17.135135135135126,0.7886
323243,1,혜택·대학생 특화형,2.3978952727983707,10.000000000000002,1.875
323782,1,혜택·대학생 특화형,3.827087394622361,44.928571428571445,2.8617
324909,1,혜택·대학생 특화형,4.606597737979277,99.14285714285712,1.8732
326125,1,혜택·대학생 특화형,3.208825489014699,23.749999999999993,0.0
323191,1,혜택·대학생 특화형,5.113116669003238,165.18749999999997,2.081
322230,0,일반·범용 모집형,5.72888150871122,306.62500000000006,2.0791
323176,1,혜택·대학생 특화형,3.7495040759303713,41.50000000000001,2.8614
324440,1,혜택·대학생 특화형,4.039756371937698,55.81250000000003,4.8152
323752,0,일반·범용 모집형,5.063298020753633,157.11111111111114,4.5969
324664,1,혜택·대학생 특화형,5.07239217227195,158.55555555555557,4.4849
315936,1,혜택·대학생 특화형,2.9789251552376097,18.666666666666664,1.7857
320558,0,일반·범용 모집형,2.853294340113265,16.344827586206897,0.8439
323576,1,혜택·대학생 특화형,3.387774361330014,28.599999999999984,3.7296
323588,0,일반·범용 모집형,3.025291075795536,19.60000000000001,2.381
324170,1,혜택·대학생 특화형,4.797292047380338,120.18181818181822,2.3449
324292,1,혜택·대학생 특화형,4.123903364463645,60.80000000000002,3.125
324325,0,일반·범용 모집형,4.415219602029645,81.69999999999997,5.0184
324452,0,일반·범용 모집형,3.9982007016691994,53.50000000000006,4.2991
325386,0,일반·범용 모집형,3.9827920763163536,52.66666666666668,2.4051
325446,0,일반·범용 모집형,4.530446639792155,91.8,2.8322
319404,1,혜택·대학생 특화형,6.06300971427108,428.66666666666754,3.8244
322792,1,혜택·대학생 특화형,3.547315889792149,33.719999999999985,4.0332
320596,1,혜택·대학생 특화형,3.386647600647424,28.56666666666667,2.3337
321177,1,혜택·대학생 특화형,2.2192034840549946,8.2,1.4634
322171,1,혜택·대학생 특화형,3.8890334872034473,47.86363636363637,4.0836
323781,1,혜택·대학생 특화형,3.425347841894439,29.73333333333335,4.9327
323812,0,일반·범용 모집형,2.5199979695992707,11.428571428571432,2.5
324051,0,일반·범용 모집형,3.427514689979529,29.800000000000008,3.3557
324348,1,혜택·대학생 특화형,3.9871304779149512,52.899999999999984,2.6465
325215,1,혜택·대학생 특화형,3.683866912290392,38.800000000000004,3.0928
325438,0,일반·범용 모집형,2.65675690671466,13.250000000000005,0.0
325452,1,혜택·대학생 특화형,5.218191322068751,183.5999999999999,2.3965
324774,1,혜택·대학생 특화형,5.174893451001568,175.7777777777778,3.9191
322721,1,혜택·대학생 특화형,4.475268561414147,86.81818181818177,3.2461
323165,1,혜택·대학생 특화형,3.1275576663334133,21.818181818181817,5.4167
323241,1,혜택·대학생 특화형,2.783557753610354,15.176470588235276,2.3256
323828,1,혜택·대학생 특화형,3.357394759003762,27.714285714285698,3.3505
324351,1,혜택·대학생 특화형,5.41164605185504,223.00000000000014,4.6637
324489,1,혜택·대학생 특화형,4.0055133485154855,53.90000000000003,5.1948
322697,1,혜택·대학생 특화형,4.012106463985129,54.26315789473685,3.5887
313356,0,일반·범용 모집형,3.5847807682765325,35.04545454545456,0.4756
322874,0,일반·범용 모집형,3.705408756065148,39.666666666666714,2.8011
325808,1,혜택·대학생 특화형,2.079441541679836,7.000000000000002,0.0
322513,1,혜택·대학생 특화형,3.623006709963229,36.45000000000001,4.5267
323696,1,혜택·대학생 특화형,4.603293425975231,98.81249999999997,2.7198
324105,0,일반·범용 모집형,4.608290313324336,99.31250000000006,4.8458
324439,0,일반·범용 모집형,4.233253626080742,67.94117647058826,4.1558
322471,0,일반·범용 모집형,4.3718560414695045,78.19047619047618,4.8721
322104,1,혜택·대학생 특화형,5.059689973542988,156.5416666666668,5.0306
323961,1,혜택·대학생 특화형,4.776719645800135,117.71428571428574,3.9442
321903,1,혜택·대학생 특화형,4.887638691386985,131.64000000000001,2.0359
307493,0,일반·범용 모집형,3.041902577697297,19.945054945054938,2.5344
317494,1,혜택·대학생 특화형,4.550438492797508,93.67391304347828,4.2701
322078,1,혜택·대학생 특화형,3.689771912896957,39.03571428571433,2.5618
322167,0,일반·범용 모집형,4.214769607341323,66.67857142857147,1.6069
322395,0,일반·범용 모집형,2.6920498597557687,13.76190476190476,0.346
322408,1,혜택·대학생 특화형,3.881072759387045,47.47619047619047,5.7172
322699,1,혜택·대학생 특화형,4.021090925874295,54.76190476190478,3.5652
322714,1,혜택·대학생 특화형,3.0602707946915624,20.33333333333334,2.459
323213,1,혜택·대학생 특화형,3.1581196154471285,22.52631578947369,3.972
323414,1,혜택·대학생 특화형,3.527993178040047,33.05555555555557,5.3782
324688,0,일반·범용 모집형,4.16803227801326,63.58823529411764,3.7003
324783,1,혜택·대학생 특화형,3.84134804775821,45.58823529411765,1.6774
325737,0,일반·범용 모집형,4.586666714423532,97.1666666666667,1.8868
325774,0,일반·범용 모집형,4.645992180508347,103.16666666666669,4.0388
326108,0,일반·범용 모집형,4.543294782270005,93.00000000000007,1.3441
320514,1,혜택·대학생 특화형,5.582525670510882,264.74193548387154,2.5101
323064,1,혜택·대학생 특화형,4.869364277132658,129.23809523809518,4.9374
320012,1,혜택·대학생 특화형,4.522719820326024,91.0857142857143,5.5834
321644,0,일반·범용 모집형,3.563010934234983,34.269230769230774,2.0202
321882,0,일반·범용 모집형,2.93630885308319,17.846153846153836,3.2328
323946,1,혜택·대학생 특화형,4.253974707813985,69.38461538461539,4.6563
324008,1,혜택·대학생 특화형,4.531062213834369,91.85714285714283,2.6439
324234,1,혜택·대학생 특화형,2.682074714698949,13.61538461538461,1.6949
324577,0,일반·범용 모집형,2.5195557852011747,11.423076923076927,4.7138
325214,1,혜택·대학생 특화형,2.7829515092753287,15.166666666666682,6.8681
326228,1,혜택·대학생 특화형,2.8304082931286074,15.952380952380953,3.5821
322538,1,혜택·대학생 특화형,6.317680283562006,553.2857142857144,5.0349
307115,0,일반·범용 모집형,4.039381538945588,55.791208791208824,2.6591
322764,0,일반·범용 모집형,4.133425912264572,61.391304347826114,3.5411
322319,1,혜택·대학생 특화형,2.187922184673906,7.916666666666666,1.0526
322811,1,혜택·대학생 특화형,3.588408923750302,35.1764705882353,0.6689
322924,1,혜택·대학생 특화형,5.061645215004002,156.85000000000016,1.0838
324279,0,일반·범용 모집형,3.414990703794491,29.416666666666664,0.8499
324427,1,혜택·대학생 특화형,3.7058400694209817,39.684210526315795,2.9178
319973,0,일반·범용 모집형,6.535448589351708,688.1428571428568,2.9064
322510,1,혜택·대학생 특화형,4.628700683398285,101.38095238095232,7.4213
323668,1,혜택·대학생 특화형,6.250883301345716,517.4705882352941,4.9335
324353,1,혜택·대학생 특화형,6.36626828458509,580.8823529411762,6.8658
320363,1,혜택·대학생 특화형,5.373035751440331,214.51612903225808,4.6917
322718,1,혜택·대학생 특화형,4.657581902327626,104.38095238095235,6.0219
322726,1,혜택·대학생 특화형,4.0081986115089006,54.047619047619094,3.348
324069,1,혜택·대학생 특화형,5.213381755742251,182.71428571428564,3.9875
325097,1,혜택·대학생 특화형,3.8325861747801113,45.18181818181818,1.2072
326167,1,혜택·대학생 특화형,3.5388867844353418,33.42857142857143,3.2764
324186,1,혜택·대학생 특화형,4.1714525649280425,63.80952380952377,1.4179
326829,0,일반·범용 모집형,3.905334017277349,48.66666666666666,0.0
310156,1,혜택·대학생 특화형,5.299726629480649,199.28205128205084,4.5805
322958,0,일반·범용 모집형,4.196127256532042,65.42857142857139,3.2751
316475,1,혜택·대학생 특화형,6.66157052852123,780.7777777777779,2.3516
321269,1,혜택·대학생 특화형,3.2420534131809062,24.58620689655172,1.9635
317431,0,일반·범용 모집형,1.6856270507916469,4.395833333333334,1.4218
317426,0,일반·범용 모집형,1.2586977040151828,2.520833333333334,0.0
307724,1,혜택·대학생 특화형,2.24257841208093,8.417582417582418,2.4804
307725,1,혜택·대학생 특화형,1.735247258964713,4.670329670329672,1.4118
307736,1,혜택·대학생 특화형,2.442824704353687,10.505494505494505,1.2552
325786,1,혜택·대학생 특화형,4.807090100850674,121.37499999999996,2.8836
326422,1,혜택·대학생 특화형,5.225074404780319,184.87499999999994,1.7579
325694,1,혜택·대학생 특화형,5.426050733057588,226.24999999999994,4.7514
307802,1,혜택·대학생 특화형,2.517341925541154,11.395604395604394,0.8679
320122,1,혜택·대학생 특화형,4.763558976570417,116.16216216216209,3.0479
321113,1,혜택·대학생 특화형,6.987771230444886,1082.3043478260863,3.8003
324268,1,혜택·대학생 특화형,4.446565155811452,84.33333333333329,4.3478
307698,1,혜택·대학생 특화형,2.4303305485515243,10.362637362637361,0.5302
307690,1,혜택·대학생 특화형,3.1258926059189296,21.78021978021978,1.7659
307945,1,혜택·대학생 특화형,2.0053335695261136,6.428571428571425,2.0513
323069,1,혜택·대학생 특화형,4.310799125385514,73.5,2.7211
324277,1,혜택·대학생 특화형,4.056123349401903,56.75000000000002,4.4053
325974,1,혜택·대학생 특화형,4.429114670772782,82.85714285714279,3.7931
321668,1,혜택·대학생 특화형,6.782394497451296,881.1785714285725,4.3813
308125,1,혜택·대학생 특화형,2.265647485855333,8.637362637362635,1.3995
320640,1,혜택·대학생 특화형,2.263599646281092,8.617647058823529,1.3652
322810,1,혜택·대학생 특화형,2.745437733173831,14.571428571428578,3.9216
323237,1,혜택·대학생 특화형,2.695854928008392,13.818181818181824,2.9605
325191,1,혜택·대학생 특화형,4.980863135762585,144.59999999999997,3.5961
325672,0,일반·범용 모집형,3.95337819111006,51.111111111111114,1.3043
325902,0,일반·범용 모집형,5.748027176453959,312.5714285714289,3.702
308119,1,혜택·대학생 특화형,2.2057352670041284,8.07692307692308,2.449
319887,1,혜택·대학생 특화형,4.4238481295272205,82.41666666666669,4.1119
324436,1,혜택·대학생 특화형,3.6541938961260474,37.636363636363676,1.8116
324950,1,혜택·대학생 특화형,3.148783448047833,22.30769230769232,2.4138
325157,1,혜택·대학생 특화형,4.120661870539474,60.60000000000002,6.1056
322791,0,일반·범용 모집형,1.993849611344432,6.3437499999999964,0.0
296203,1,혜택·대학생 특화형,2.390926603482277,9.923611111111107,1.4696
308280,0,일반·범용 모집형,1.884402091598599,5.58241758241758,1.5748
323288,1,혜택·대학생 특화형,2.764029468844112,14.863636363636372,1.8349
323339,1,혜택·대학생 특화형,4.029401919034172,55.22727272727274,2.5514
325986,0,일반·범용 모집형,4.409763389645481,81.24999999999999,4.1538
326754,1,혜택·대학생 특화형,3.1354942159291497,22.0,4.5455
321906,1,혜택·대학생 특화형,5.5953307664287015,268.1666666666666,3.8036
309602,1,혜택·대학생 특화형,2.744025303560488,14.549450549450551,0.9819
324031,0,일반·범용 모집형,2.989189174965055,18.869565217391305,4.7235
324828,1,혜택·대학생 특화형,3.64631983969514,37.33333333333333,2.8571
322529,0,일반·범용 모집형,4.607567310587812,99.2399999999999,6.449
301600,0,일반·범용 모집형,2.03652548455543,6.663934426229506,1.845
301674,1,혜택·대학생 특화형,1.681502982958022,4.373626373626373,2.0101
324037,0,일반·범용 모집형,2.841202734089695,16.136363636363633,2.2535
327585,1,혜택·대학생 특화형,4.418840607796598,82.00000000000003,0.0
325117,1,혜택·대학생 특화형,3.3549040976913105,27.64285714285714,3.1008
321254,1,혜택·대학생 특화형,3.021948115684884,19.53125,2.4
325236,1,혜택·대학생 특화형,5.275048739608682,194.3999999999999,3.0864
325308,1,혜택·대학생 특화형,2.278151067656763,8.758620689655167,2.3622
326313,0,일반·범용 모집형,3.1010927892118167,21.22222222222221,1.5707
326387,1,혜택·대학생 특화형,3.878983151349946,47.375000000000014,1.5831
284879,1,혜택·대학생 특화형,4.911356465298279,134.8235294117646,2.0506
321511,0,일반·범용 모집형,2.673103171024976,13.484848484848492,3.8202
323055,0,일반·범용 모집형,3.273995124089281,25.416666666666682,2.2951
323950,1,혜택·대학생 특화형,4.92180408038964,136.24999999999994,5.7798
324240,1,혜택·대학생 특화형,3.063940523580525,20.41176470588236,2.3055
325366,0,일반·범용 모집형,4.070734696582966,57.59999999999996,2.7778
325467,1,혜택·대학생 특화형,2.5298580376502664,11.551724137931032,1.4925
325897,1,혜택·대학생 특화형,5.860786223465865,349.9999999999999,1.6508
320882,1,혜택·대학생 특화형,6.012677350167592,407.57575757575654,4.1561
325478,1,혜택·대학생 특화형,5.261826257965621,191.83333333333331,2.9974
325206,0,일반·범용 모집형,8.256434304307332,3851.333333333334,2.2828
325415,0,일반·범용 모집형,3.8020541866841255,43.793103448275865,1.4173
322194,0,일반·범용 모집형,4.6397381822069335,102.51724137931036,2.5227
322188,0,일반·범용 모집형,3.9505803686400216,50.96551724137932,2.977
322883,1,혜택·대학생 특화형,3.4807436882334155,31.483870967741915,3.8934
324761,1,혜택·대학생 특화형,3.854129027009243,46.187499999999986,4.1949
325046,1,혜택·대학생 특화형,3.041342784806043,19.933333333333326,1.3378
325081,1,혜택·대학생 특화형,4.723249474053692,111.53333333333333,5.7382
325445,1,혜택·대학생 특화형,3.4863551900024623,31.66666666666667,2.1053
325461,1,혜택·대학생 특화형,3.72769944596352,40.583333333333414,2.0534
326081,0,일반·범용 모집형,3.8781214537524646,47.33333333333333,3.6972
326152,1,혜택·대학생 특화형,3.49650756146648,31.999999999999986,1.9886
327176,0,일반·범용 모집형,5.302060352826871,199.74999999999994,3.2541
327185,0,일반·범용 모집형,3.566005355963401,34.37499999999998,2.1818
323563,0,일반·범용 모집형,2.9467246944472967,18.04347826086957,0.7229
324914,0,일반·범용 모집형,3.325312684137282,26.807692307692296,1.5782
325363,0,일반·범용 모집형,4.981463916795975,144.68749999999986,6.4363
326273,0,일반·범용 모집형,3.566711820139729,34.40000000000001,0.0
321562,1,혜택·대학생 특화형,6.281782032694777,533.7407407407408,2.8936
322892,1,혜택·대학생 특화형,2.946461224547208,18.038461538461537,2.7719
324827,1,혜택·대학생 특화형,2.41381072810427,10.176470588235293,1.1561
326434,0,일반·범용 모집형,4.229263880121471,67.66666666666666,0.821
327143,0,일반·범용 모집형,4.815431111471288,122.40000000000012,1.3072
323245,0,일반·범용 모집형,2.964479730049886,18.384615384615376,1.4644
324578,1,혜택·대학생 특화형,6.237781943092069,510.72222222222143,3.0458
325263,0,일반·범용 모집형,4.980939445427241,144.61111111111103,2.6124
325962,0,일반·범용 모집형,3.2690256085536724,25.28571428571429,0.2825
327406,0,일반·범용 모집형,4.630837932736669,101.59999999999997,0.9843
327473,0,일반·범용 모집형,3.332204510175204,26.999999999999996,3.7037
327493,1,혜택·대학생 특화형,4.115546769872704,60.28571428571433,0.4739
325468,1,혜택·대학생 특화형,3.772760938094639,42.500000000000036,4.3697
325654,0,일반·범용 모집형,3.340412490593033,27.230769230769216,4.8023
324289,1,혜택·대학생 특화형,5.571963900035352,261.94999999999976,3.5503
326823,1,혜택·대학생 특화형,3.153956278768885,22.428571428571423,1.2739
327186,1,혜택·대학생 특화형,4.475441079313308,86.83333333333339,3.4549
326265,1,혜택·대학생 특화형,4.366912996863833,77.8,4.3702
325664,1,혜택·대학생 특화형,7.217286203112053,1361.7857142857156,3.9706
323670,1,혜택·대학생 특화형,3.1554795083094067,22.46428571428572,2.0668
324765,1,혜택·대학생 특화형,4.102643365036796,59.50000000000001,1.4939
324995,1,혜택·대학생 특화형,4.17328776456222,63.928571428571416,0.2235
325116,1,혜택·대학생 특화형,3.520742532311938,32.8095238095238,5.5152
325269,1,혜택·대학생 특화형,3.881563797943438,47.500000000000014,3.1579
325354,1,혜택·대학생 특화형,4.29339056195725,72.21428571428572,4.9456
325519,0,일반·범용 모집형,2.586689344097943,12.285714285714288,0.0
325577,1,혜택·대학생 특화형,2.977927648920484,18.647058823529402,2.2082
325793,1,혜택·대학생 특화형,5.763018500843952,317.3076923076924,2.4242
326370,0,일반·범용 모집형,4.756050216947227,115.28571428571433,1.9827
325212,1,혜택·대학생 특화형,6.177647686006337,480.85714285714306,5.7635
323024,1,혜택·대학생 특화형,5.211795380276743,182.42307692307705,4.4487
322989,1,혜택·대학생 특화형,7.064693279410832,1168.9230769230774,3.139
325303,0,일반·범용 모집형,4.302132725453116,72.85714285714285,5.4902
323013,1,혜택·대학생 특화형,3.209602188082872,23.769230769230774,3.5599
325266,1,혜택·대학생 특화형,7.352884788781513,1559.6923076923085,2.8457
308588,1,혜택·대학생 특화형,2.3726030798962428,9.725274725274728,0.339
323998,1,혜택·대학생 특화형,4.9494688588587685,140.10000000000002,4.4254
324568,1,혜택·대학생 특화형,5.153291594497779,172.00000000000006,3.8206
324605,1,혜택·대학생 특화형,3.6957998969585097,39.277777777777764,3.3946
325028,1,혜택·대학생 특화형,3.147840051751449,22.28571428571428,5.609
326789,1,혜택·대학생 특화형,1.8035939268750576,5.07142857142857,0.0
327076,1,혜택·대학생 특화형,4.334672938290412,75.30000000000004,3.7185
308836,0,일반·범용 모집형,2.6646302071073715,13.362637362637358,5.0164
322727,1,혜택·대학생 특화형,5.57120300975706,261.7499999999998,5.6215
323630,1,혜택·대학생 특화형,7.007283821697037,1103.6499999999996,4.6301
324158,1,혜택·대학생 특화형,2.7233176732329984,14.23076923076923,2.4324
327388,1,혜택·대학생 특화형,5.098849650919112,162.8333333333334,5.7318
322427,1,혜택·대학생 특화형,3.743400292992353,41.24137931034481,4.5151
322234,0,일반·범용 모집형,2.7686748229186446,14.937499999999996,2.0921
325814,1,혜택·대학생 특화형,3.577947893406655,34.80000000000001,0.7663
326580,0,일반·범용 모집형,4.55650501400681,94.25,4.3324
327327,1,혜택·대학생 특화형,4.516338972281475,90.49999999999994,2.5783
323889,1,혜택·대학생 특화형,3.873914716779488,47.130434782608724,5.4428
324984,1,혜택·대학생 특화형,3.678107357132025,38.57142857142857,1.9444
325190,1,혜택·대학생 특화형,5.034351820713572,152.6,7.0336
325276,1,혜택·대학생 특화형,5.579729825986222,263.99999999999994,3.5859
326075,1,혜택·대학생 특화형,3.695110003864572,39.24999999999998,2.3355
326386,1,혜택·대학생 특화형,3.060270794691562,20.33333333333333,1.9672
327356,0,일반·범용 모집형,4.758963659167509,115.62500000000009,2.7027
315795,0,일반·범용 모집형,2.537719952398682,11.650793650793648,0.6812
262175,0,일반·범용 모집형,1.0183886018971646,1.76872964169381,0.7366
293921,1,혜택·대학생 특화형,1.8545603704670848,5.388888888888885,3.0928
295635,1,혜택·대학생 특화형,1.866087875638153,5.462962962962964,5.5367
259988,1,혜택·대학생 특화형,1.8469773440320425,5.340625,1.5799
309182,1,혜택·대학생 특화형,2.476630740484141,10.901098901098903,1.8145
309296,0,일반·범용 모집형,2.194779588343153,7.978021978021978,1.2397
309344,1,혜택·대학생 특화형,1.91238745701667,5.76923076923077,3.2381
310152,1,혜택·대학생 특화형,3.644789763849152,37.27472527472531,0.737
324276,1,혜택·대학생 특화형,3.509410966302388,32.428571428571416,4.4053
325657,1,혜택·대학생 특화형,3.6059003406522447,35.81481481481481,3.6194
326664,1,혜택·대학생 특화형,4.520428957533,90.87499999999996,5.3645
328033,1,혜택·대학생 특화형,4.94306997460049,139.2,3.0172
326735,0,일반·범용 모집형,4.575855798319316,96.11111111111113,3.3526
328056,0,일반·범용 모집형,5.1647859739235145,174.00000000000006,2.7586
328065,0,일반·범용 모집형,3.029254965592634,19.681818181818173,0.2309
323725,1,혜택·대학생 특화형,4.392618490545615,79.85185185185189,6.0297
325674,1,혜택·대학생 특화형,5.408665423716902,222.33333333333323,4.1379
326824,0,일반·범용 모집형,4.32565976268563,74.61538461538464,4.5361
326570,1,혜택·대학생 특화형,4.06807663540149,57.44444444444442,3.675
327415,1,혜택·대학생 특화형,5.226418491004173,185.125,4.4564
327260,1,혜택·대학생 특화형,4.482195123629283,87.42857142857142,5.5556
327551,1,혜택·대학생 특화형,4.948759890378168,140.00000000000003,5.5952
326589,1,혜택·대학생 특화형,5.03623084128522,152.88888888888894,4.7238
326757,1,혜택·대학생 특화형,4.960510906913688,141.66666666666686,2.8235
327475,0,일반·범용 모집형,4.553876891600541,94.0,5.9271
327912,1,혜택·대학생 특화형,4.923623917106626,136.50000000000003,5.9829
327932,0,일반·범용 모집형,3.193558016883911,23.375000000000004,1.6043
327801,0,일반·범용 모집형,5.094772173302455,162.1666666666666,4.6249
324496,0,일반·범용 모집형,3.522341765021243,32.863636363636346,2.0747
309485,1,혜택·대학생 특화형,2.490386115552626,11.06593406593407,0.993
324017,1,혜택·대학생 특화형,3.271385770140165,25.347826086956527,0.6861
326293,0,일반·범용 모집형,4.509167458735825,89.8461538461538,1.6267
326328,1,혜택·대학생 특화형,3.0788471802644977,20.733333333333334,0.3215
326384,0,일반·범용 모집형,3.369944838158051,28.076923076923073,1.6438
326750,1,혜택·대학생 특화형,4.66814498514948,105.50000000000003,5.9716
326958,1,혜택·대학생 특화형,4.224397690470298,67.33333333333327,0.8251
327136,1,혜택·대학생 특화형,2.736799614388196,14.437499999999998,0.8658
327676,1,혜택·대학생 특화형,3.8918202981106265,47.99999999999999,0.8929
328408,0,일반·범용 모집형,2.10260860096137,7.187499999999998,1.7391
309661,1,혜택·대학생 특화형,1.9964182058681617,6.362637362637362,1.209
322820,1,혜택·대학생 특화형,3.018797546484988,19.466666666666686,3.2534
326495,0,일반·범용 모집형,3.364639785928358,27.923076923076927,3.5813
326616,1,혜택·대학생 특화형,4.280824129164719,71.3,7.0126
326739,1,혜택·대학생 특화형,5.073730466414575,158.76923076923066,3.8275
327081,1,혜택·대학생 특화형,3.711130063048756,39.89999999999999,2.2556
327525,1,혜택·대학생 특화형,4.122515439188797,60.71428571428573,4.0
327704,0,일반·범용 모집형,3.789047943069337,43.21428571428569,2.1488
328516,1,혜택·대학생 특화형,3.6592789843376456,37.833333333333336,0.4405
323316,1,혜택·대학생 특화형,3.86835605877566,46.863636363636374,3.8797
327012,0,일반·범용 모집형,4.243721963296702,68.6666666666667,1.9417
309590,1,혜택·대학생 특화형,2.184939410541642,7.890109890109892,1.9499
323767,1,혜택·대학생 특화형,3.4362094276218635,30.06896551724137,3.0963
324382,1,혜택·대학생 특화형,2.908720896564362,17.33333333333335,4.9451
325619,1,혜택·대학생 특화형,4.2130530953994265,66.56249999999997,1.5962
325930,1,혜택·대학생 특화형,3.994261103665118,53.285714285714285,4.0214
326458,1,혜택·대학생 특화형,3.329820718819928,26.933333333333337,1.2376
327893,1,혜택·대학생 특화형,3.583518938456109,34.999999999999964,2.8571
325320,1,혜택·대학생 특화형,3.725693427236653,40.50000000000001,5.487
326283,0,일반·범용 모집형,4.17328776456222,63.928571428571416,1.0056
324174,1,혜택·대학생 특화형,4.073291153024268,57.749999999999986,4.1847
326505,0,일반·범용 모집형,3.033472601536838,19.769230769230766,1.1673
326816,1,혜택·대학생 특화형,3.158932788901167,22.545454545454543,1.2097
328644,0,일반·범용 모집형,4.223177434065069,67.24999999999999,1.487
327619,1,혜택·대학생 특화형,6.976698149219047,1070.375,4.6012
309812,1,혜택·대학생 특화형,2.28708090645808,8.846153846153843,1.6149
324408,1,혜택·대학생 특화형,3.286128051877369,25.739130434782624,3.8851
325676,1,혜택·대학생 특화형,3.526360524616162,33.00000000000002,3.4343
327962,1,혜택·대학생 특화형,3.720516539057119,40.285714285714285,1.4184
326851,1,혜택·대학생 특화형,2.499944527152541,11.181818181818183,1.626
327458,1,혜택·대학생 특화형,3.265759410767051,25.2,3.4392
328197,1,혜택·대학생 특화형,5.011241171121758,149.09090909090912,4.6341
326769,1,혜택·대학생 특화형,5.450322890028907,231.83333333333346,3.9899
325509,1,혜택·대학생 특화형,3.807831396975301,44.052631578947334,5.1374
325449,1,혜택·대학생 특화형,3.0069593361477747,19.225806451612907,1.3423
326232,1,혜택·대학생 특화형,5.704670968717316,299.26666666666665,3.7202
327806,1,혜택·대학생 특화형,2.719100037288795,14.166666666666663,1.5686
328224,1,혜택·대학생 특화형,3.1023420086122497,21.25000000000001,0.5882
320161,0,일반·범용 모집형,3.068052935133617,20.499999999999996,0.0
321187,0,일반·범용 모집형,2.852631429913317,16.333333333333325,3.7415
324208,1,혜택·대학생 특화형,3.772760938094639,42.500000000000036,3.8009
327196,1,혜택·대학생 특화형,2.7437682837042896,14.54545454545455,0.625
327768,1,혜택·대학생 특화형,5.193573944399457,179.11111111111117,1.3027
328500,1,혜택·대학생 특화형,2.848777860597328,16.266666666666676,0.8197
329019,0,일반·범용 모집형,5.060483099823824,156.66666666666683,1.0638
326135,1,혜택·대학생 특화형,4.053157003815486,56.57894736842106,2.5116
326852,1,혜택·대학생 특화형,4.035714477770696,55.583333333333364,3.5982
327696,1,혜택·대학생 특화형,5.197994644920168,179.90909090909105,2.855
325639,1,혜택·대학생 특화형,4.41347146738154,81.55555555555557,7.4932
321572,1,혜택·대학생 특화형,4.526770272333381,91.4594594594595,3.1619
323099,0,일반·범용 모집형,2.897514645408545,17.12903225806452,1.6949
326099,1,혜택·대학생 특화형,3.808142874940754,44.06666666666668,1.9667
326812,1,혜택·대학생 특화형,4.427836170705176,82.75000000000004,4.2296
327159,1,혜택·대학생 특화형,5.543044489529421,254.45454545454538,3.7156
325435,0,일반·범용 모집형,3.785325352382188,43.04999999999998,3.9489
327400,0,일반·범용 모집형,3.1780538303479458,23.000000000000004,1.1858
329156,0,일반·범용 모집형,4.624972813284271,100.99999999999996,2.1452
328036,1,혜택·대학생 특화형,4.1713056033582285,63.79999999999997,5.4859
325223,0,일반·범용 모집형,2.939851815159535,17.91304347826088,0.7282
311263,0,일반·범용 모집형,2.445839181597091,10.540229885057474,4.0349
327422,0,일반·범용 모집형,2.9915569021435107,18.91666666666667,0.4405
327662,1,혜택·대학생 특화형,4.577798989191959,96.29999999999997,2.2845
323653,1,혜택·대학생 특화형,3.5803086628258622,34.8846153846154,3.0871
328751,1,혜택·대학생 특화형,4.583265350600042,96.83333333333341,2.7539
328519,1,혜택·대학생 특화형,4.189654742026426,65.00000000000003,3.8009
327480,1,혜택·대학생 특화형,4.5037235696514015,89.3529411764706,2.8966
328811,1,혜택·대학생 특화형,5.455321115357702,233.00000000000006,6.3151
324934,1,혜택·대학생 특화형,3.20545280453606,23.66666666666667,2.993
326121,1,혜택·대학생 특화형,3.545778610473263,33.666666666666664,3.819
326623,1,혜택·대학생 특화형,5.6301871915677975,277.7142857142856,6.2757
326848,1,혜택·대학생 특화형,3.780937598531884,42.857142857142854,6.1667
327125,0,일반·범용 모집형,4.552999313659182,93.91666666666669,1.1535
327271,1,혜택·대학생 특화형,5.1008821719440345,163.16666666666677,2.145
327518,0,일반·범용 모집형,4.362188292454218,77.42857142857147,2.7675
327591,1,혜택·대학생 특화형,4.608497976080766,99.33333333333336,4.3624
322409,1,혜택·대학생 특화형,2.470517912335901,10.828571428571433,2.3747
325569,1,혜택·대학생 특화형,3.393229212012979,28.761904761904777,3.3113
326077,1,혜택·대학생 특화형,2.6502724004353992,13.157894736842113,2.0
326695,1,혜택·대학생 특화형,2.9689050313208467,18.470588235294116,5.0955
326741,1,혜택·대학생 특화형,3.362357548345891,27.85714285714285,2.3932
326834,0,일반·범용 모집형,3.3507391603920267,27.523809523809533,0.346
326839,0,일반·범용 모집형,2.902206215543168,17.21428571428572,2.4896
326971,1,혜택·대학생 특화형,4.108348610306117,59.84615384615384,4.3702
327483,1,혜택·대학생 특화형,4.310799125385514,73.5,0.6803
328812,1,혜택·대학생 특화형,4.544358046591333,93.09999999999994,0.7519
328896,1,혜택·대학생 특화형,2.737903164251891,14.45454545454545,2.5157
326268,0,일반·범용 모집형,3.811877625449428,44.23529411764707,3.0585
326315,1,혜택·대학생 특화형,4.602667055769973,98.75000000000001,4.4051
326150,1,혜택·대학생 특화형,5.514839041553359,247.34999999999994,3.2949
310229,1,혜택·대학생 특화형,2.476630740484141,10.901098901098903,4.1331
328413,1,혜택·대학생 특화형,6.3946543413790105,597.6363636363634,4.6091
324792,1,혜택·대학생 특화형,3.8753590210565543,47.19999999999998,8.2203
327500,1,혜택·대학생 특화형,4.904657303889636,133.91666666666688,7.0317
327151,1,혜택·대학생 특화형,4.53106221383437,91.85714285714292,4.4323
324802,0,일반·범용 모집형,4.040922475120029,55.87878787878789,2.2234
325684,1,혜택·대학생 특화형,5.716698699922747,302.9,6.5863
326341,1,혜택·대학생 특화형,3.6044621123013534,35.761904761904766,9.1877
326659,1,혜택·대학생 특화형,4.729282356696123,112.21428571428577,6.1744
313857,0,일반·범용 모집형,2.4474160408725014,10.558441558441556,1.107
321188,1,혜택·대학생 특화형,3.18211063104356,23.097560975609753,4.0127
322670,1,혜택·대학생 특화형,4.36019923162936,77.27272727272724,3.5686
325890,1,혜택·대학생 특화형,5.137654299011942,169.3157894736842,1.7097
327263,1,혜택·대학생 특화형,2.268683541318365,8.666666666666673,3.2967
327424,0,일반·범용 모집형,4.963427211109475,142.08333333333331,3.7537
327586,0,일반·범용 모집형,3.944226145922781,50.63636363636365,1.6158
327601,1,혜택·대학생 특화형,4.48676195493779,87.83333333333336,5.7875
327832,1,혜택·대학생 특화형,5.484796933490656,240.00000000000017,4.9405
325787,1,혜택·대학생 특화형,3.209306373852049,23.761904761904738,3.006
322733,1,혜택·대학생 특화형,5.092613449519182,161.81481481481467,5.1728
329196,0,일반·범용 모집형,4.733270188615407,112.66666666666664,3.2544
310644,1,혜택·대학생 특화형,2.3898711575283227,9.912087912087914,2.7716
323281,1,혜택·대학생 특화형,3.6240156768342886,36.4878048780488,3.7433
326779,1,혜택·대학생 특화형,3.0063895680279797,19.21428571428573,1.1152
327068,1,혜택·대학생 특화형,3.778763684632264,42.76190476190475,5.3452
328089,1,혜택·대학생 특화형,4.911986213026417,134.90909090909096,4.5148
329990,0,일반·범용 모집형,4.427836170705175,82.74999999999997,0.6042
324593,1,혜택·대학생 특화형,5.749711406544602,313.10000000000036,4.0722
329502,1,혜택·대학생 특화형,4.807294370078226,121.39999999999998,1.9769
326060,0,일반·범용 모집형,3.818235475327979,44.52380952380955,7.1658
328564,0,일반·범용 모집형,3.337827767729566,27.157894736842103,0.5814
328887,0,일반·범용 모집형,5.162333990676228,173.5714285714286,2.7984
329488,0,일반·범용 모집형,3.509410966302388,32.428571428571416,2.6432
322376,1,혜택·대학생 특화형,4.326537949056228,74.68181818181819,6.3299
326397,1,혜택·대학생 특화형,6.879424389214076,971.0666666666677,5.149
322779,0,일반·범용 모집형,2.626736845227218,12.828571428571431,1.3363
327056,1,혜택·대학생 특화형,3.6091144856450734,35.93333333333332,2.4119
327882,1,혜택·대학생 특화형,3.5898122254319,35.227272727272755,3.4839
328419,0,일반·범용 모집형,4.44117958587886,83.87499999999999,3.1297
328482,1,혜택·대학생 특화형,3.2818506240295893,25.625000000000004,1.9512
328536,0,일반·범용 모집형,2.079441541679836,7.000000000000002,0.7519
328727,1,혜택·대학생 특화형,3.630038954091003,36.714285714285715,1.751
329267,0,일반·범용 모집형,5.454466049037968,232.80000000000007,3.0928
329317,1,혜택·대학생 특화형,3.3562634091828976,27.68181818181819,2.1346
326910,1,혜택·대학생 특화형,6.215134275756088,499.26315789473637,4.8176
329550,1,혜택·대학생 특화형,3.4576010525934517,30.740740740740772,4.4578
329560,1,혜택·대학생 특화형,3.512098077695597,32.51851851851852,5.8087
315041,1,혜택·대학생 특화형,1.8303567687261992,5.2361111111111125,1.061
327851,0,일반·범용 모집형,5.860976138954046,350.066666666667,5.3323
326639,1,혜택·대학생 특화형,5.089908474990763,161.37499999999983,5.0736
324315,1,혜택·대학생 특화형,5.241265898860802,187.9090909090909,4.0155
329123,1,혜택·대학생 특화형,5.296172210201648,198.57142857142856,2.0144
325670,1,혜택·대학생 특화형,4.761007753907574,115.8636363636364,5.257
326112,0,일반·범용 모집형,2.905409635260705,17.27272727272727,0.0
326717,1,혜택·대학생 특화형,4.208417018481948,66.24999999999999,0.3774
327810,1,혜택·대학생 특화형,4.01984203492418,54.69230769230769,3.2349
328043,1,혜택·대학생 특화형,4.5145158177199605,90.33333333333333,3.4133
328409,1,혜택·대학생 특화형,2.4423470353692043,10.499999999999998,3.4632
327043,1,혜택·대학생 특화형,5.040841136153322,153.60000000000005,6.8576
310580,1,혜택·대학생 특화형,2.590816465102593,12.340659340659336,3.829
328716,1,혜택·대학생 특화형,3.3900240810640305,28.66666666666668,3.1977
329261,1,혜택·대학생 특화형,4.961678449369725,141.83333333333331,2.8202
329503,0,일반·범용 모집형,4.295015257684252,72.33333333333334,2.765
309169,1,혜택·대학생 특화형,1.7117167615545184,4.538461538461537,0.4843
330238,1,혜택·대학생 특화형,4.718498871295094,110.99999999999996,2.7027
330050,1,혜택·대학생 특화형,3.999818388729984,53.588235294117624,4.8299
325251,1,혜택·대학생 특화형,3.995904489408848,53.37499999999999,4.7619
298822,1,혜택·대학생 특화형,4.21318523943662,66.5714285714286,2.1459
327009,1,혜택·대학생 특화형,3.778491612803624,42.75000000000003,2.3392
327988,1,혜택·대학생 특화형,3.312973148247316,26.46666666666666,1.0076
328833,1,혜택·대학생 특화형,3.971548984742173,52.06666666666667,3.7132
329110,1,혜택·대학생 특화형,4.264438892446495,70.12499999999997,2.3173
329134,0,일반·범용 모집형,4.314149212270796,73.75000000000001,1.5254
329384,1,혜택·대학생 특화형,4.2257904483556015,67.4285714285714,1.9068
329392,1,혜택·대학생 특화형,4.619354820980048,100.42857142857144,2.5605
325706,1,혜택·대학생 특화형,7.032585885833727,1131.9565217391307,3.3186
327362,1,혜택·대학생 특화형,3.163581797739411,22.655172413793103,1.0654
327542,1,혜택·대학생 특화형,3.967308321085234,51.84210526315789,3.2487
328321,1,혜택·대학생 특화형,3.924445525426704,49.625000000000036,4.1982
328746,1,혜택·대학생 특화형,4.690430029938915,107.89999999999998,1.8536
328550,1,혜택·대학생 특화형,3.946102319081009,50.73333333333335,4.3364
325693,1,혜택·대학생 특화형,4.620879479693271,100.58333333333334,4.8882
325881,0,일반·범용 모집형,3.399681081144191,28.954545454545446,0.157
326240,1,혜택·대학생 특화형,3.070375816549757,20.550000000000004,2.4331
327234,1,혜택·대학생 특화형,3.344038967822206,27.333333333333318,4.1463
328225,0,일반·범용 모집형,3.152078343944685,22.384615384615387,0.6873
329388,1,혜택·대학생 특화형,4.841934833254267,125.71428571428578,5.0
329535,1,혜택·대학생 특화형,5.035095591666416,152.71428571428572,2.058
325880,1,혜택·대학생 특화형,3.909292006916915,48.86363636363638,4.3721
326157,1,혜택·대학생 특화형,2.8304082931286074,15.952380952380953,2.6866
323433,0,일반·범용 모집형,4.68977390498919,107.8285714285714,4.9285
328162,1,혜택·대학생 특화형,4.046803617453101,56.21428571428572,4.7014
326100,1,혜택·대학생 특화형,2.912844613748223,17.409090909090907,2.8721
327611,1,혜택·대학생 특화형,4.690123891868256,107.86666666666682,2.3486
328244,1,혜택·대학생 특화형,2.717528945056754,14.142857142857144,2.5253
329308,1,혜택·대학생 특화형,3.989724513091998,53.04,2.3379
330302,0,일반·범용 모집형,4.2991389748681135,72.6363636363636,2.5031
325885,0,일반·범용 모집형,4.761831996001468,115.95999999999994,3.3805
326420,1,혜택·대학생 특화형,4.849541373745928,126.68181818181819,6.2074
327212,1,혜택·대학생 특화형,2.4799926349855714,10.941176470588237,3.7634
327334,0,일반·범용 모집형,3.923210194818711,49.56250000000003,1.0088
327859,1,혜택·대학생 특화형,4.267697449033295,70.35714285714288,2.8426
328977,1,혜택·대학생 특화형,3.613916415640481,36.1111111111111,2.4615
329158,1,혜택·대학생 특화형,5.287807788436178,196.90909090909105,3.6011
330008,0,일반·범용 모집형,4.102643365036796,59.50000000000001,1.2605
326086,0,일반·범용 모집형,3.0002674287193822,19.09090909090909,3.8095
329698,0,일반·범용 모집형,4.902493135476552,133.62499999999997,2.1515
329786,1,혜택·대학생 특화형,3.761200115693563,42.000000000000014,1.0204
330111,0,일반·범용 모집형,4.802197890171741,120.77777777777776,3.7718
326863,0,일반·범용 모집형,3.958212387897521,51.363636363636374,8.2301
329129,1,혜택·대학생 특화형,4.750712491278749,114.66666666666664,4.4574
328565,1,혜택·대학생 특화형,4.763312887084887,116.13333333333335,1.8944
328664,1,혜택·대학생 특화형,4.557029810660156,94.29999999999995,5.4083
318980,1,혜택·대학생 특화형,3.444499057849752,30.32758620689656,2.274
328134,0,일반·범용 모집형,5.714832310842786,302.3333333333332,5.0055
330785,0,일반·범용 모집형,5.658320100579444,285.6666666666668,3.0338
323743,1,혜택·대학생 특화형,2.94297592111468,17.972222222222225,2.6275
326443,1,혜택·대학생 특화형,4.659141708899521,104.54545454545458,2.2609
327157,1,혜택·대학생 특화형,4.214852925631124,66.6842105263158,3.1571
327754,1,혜택·대학생 특화형,4.907740870933623,134.3333333333334,7.134
328015,1,혜택·대학생 특화형,3.3672958299864737,27.99999999999999,0.0
328201,1,혜택·대학생 특화형,3.80220813942094,43.80000000000002,5.9361
330241,1,혜택·대학생 특화형,3.520460802488973,32.8,2.439
327756,1,혜택·대학생 특화형,5.194806990178371,179.3333333333332,5.6227
327819,1,혜택·대학생 특화형,2.8368830729451786,16.062500000000004,3.1128
328457,1,혜택·대학생 특화형,3.633190548253348,36.83333333333334,3.6199
329268,1,혜택·대학생 특화형,5.1539336490944745,172.11111111111117,5.0355
329936,1,혜택·대학생 특화형,4.110873864173311,60.00000000000001,1.0
323533,1,혜택·대학생 특화형,4.202617499326961,65.86111111111106,3.6693
323747,1,혜택·대학생 특화형,4.312475571712766,73.625,6.4856
330113,0,일반·범용 모집형,5.6728322286151,289.8571428571428,5.0271
308660,1,혜택·대학생 특화형,3.898140682571609,48.310679611650485,1.4268
327090,1,혜택·대학생 특화형,2.7263993397704067,14.27777777777778,1.1673
328066,1,혜택·대학생 특화형,5.064702515366532,157.33333333333343,2.3729
329790,1,혜택·대학생 특화형,4.795790545596741,120.00000000000003,3.0
329917,0,일반·범용 모집형,4.463606621666305,85.80000000000001,2.0979
327749,1,혜택·대학생 특화형,5.259663159566495,191.41666666666663,6.2255
326857,1,혜택·대학생 특화형,4.155588187462819,62.78947368421053,4.5264
311173,1,혜택·대학생 특화형,1.791759469228055,5.0,2.5532
329523,0,일반·범용 모집형,4.8346933442663405,124.80000000000004,0.9615
322402,1,혜택·대학생 특화형,2.9519296508955977,18.142857142857135,5.643
326109,1,혜택·대학생 특화형,2.913902255306359,17.42857142857143,0.4098
326578,1,혜택·대학생 특화형,4.389144102442746,79.57142857142858,2.1544
327821,1,혜택·대학생 특화형,3.640089289944505,37.09523809523812,3.466
328278,1,혜택·대학생 특화형,1.7129785913749405,4.545454545454544,2.0
328898,1,혜택·대학생 특화형,4.607475219663308,99.23076923076918,2.9457
329460,0,일반·범용 모집형,3.3066712081700387,26.29411764705881,0.2237
330124,0,일반·범용 모집형,4.007333185232471,54.000000000000014,3.0864
330518,1,혜택·대학생 특화형,5.2999826458670976,199.33333333333326,1.4214
331073,0,일반·범용 모집형,3.1423357477458667,22.157894736842113,2.6128
328316,1,혜택·대학생 특화형,3.249820628717622,24.78571428571428,4.0346
329047,1,혜택·대학생 특화형,5.55747135538528,258.1666666666668,2.2595
328320,1,혜택·대학생 특화형,3.4757304335247223,31.321428571428577,3.0787
330388,1,혜택·대학생 특화형,6.240925406739566,512.3333333333339,5.4001
326655,1,혜택·대학생 특화형,3.55177024014153,33.875000000000014,3.4133
324729,1,혜택·대학생 특화형,3.2892011415889306,25.821428571428566,6.639
326687,1,혜택·대학생 특화형,2.3804275797579795,9.809523809523807,0.9709
327895,1,혜택·대학생 특화형,3.796149909381232,43.52941176470585,5.0
328242,1,혜택·대학생 특화형,3.3066712081700387,26.29411764705881,3.132
328317,1,혜택·대학생 특화형,3.379535884880976,28.35714285714285,3.4005
329013,1,혜택·대학생 특화형,3.832258036959283,45.16666666666665,2.3985
329429,1,혜택·대학생 특화형,3.315837532710999,26.545454545454557,0.6849
330007,1,혜택·대학생 특화형,4.305993734110575,73.14285714285711,3.3203
330074,1,혜택·대학생 특화형,4.260329699696362,69.83333333333333,1.6706
330196,0,일반·범용 모집형,5.268716896771746,193.1666666666667,3.2787
330307,0,일반·범용 모집형,3.93963817246112,50.400000000000034,1.3889
330573,1,혜택·대학생 특화형,5.015954455573856,149.8,3.3378
311535,1,혜택·대학생 특화형,3.493506058462724,31.901098901098912,5.4771
324876,1,혜택·대학생 특화형,5.795469284683269,327.8064516129039,4.3692
325937,1,혜택·대학생 특화형,3.178053830347946,23.000000000000014,3.1304
328314,1,혜택·대학생 특화형,2.999297339718487,19.07142857142857,4.3071
328315,1,혜택·대학생 특화형,3.692444520278432,39.142857142857125,4.562
328715,1,혜택·대학생 특화형,3.901972669574645,48.500000000000014,6.071
328512,1,혜택·대학생 특화형,4.688104636143024,107.64705882352939,3.9891
328312,1,혜택·대학생 특화형,3.319367363414523,26.64285714285714,4.6917
331199,1,혜택·대학생 특화형,5.6948538439119,296.3333333333333,3.5996
326221,1,혜택·대학생 특화형,4.694401319716034,108.33333333333334,4.7912
325060,0,일반·범용 모집형,2.3593826913871787,9.584415584415583,0.1355
325517,1,혜택·대학생 특화형,2.361527628627496,9.60714285714286,2.6022
328588,1,혜택·대학생 특화형,6.66910754113196,786.6923076923061,2.6205
325669,1,혜택·대학생 특화형,5.401389551687851,220.71428571428575,4.7411
330023,1,혜택·대학생 특화형,4.695272020685279,108.42857142857159,5.7971
328068,1,혜택·대학생 특화형,5.802981188200218,330.28571428571416,5.2336
325782,1,혜택·대학생 특화형,4.73578065018495,112.95238095238096,6.4503
328319,1,혜택·대학생 특화형,3.2245738459828384,24.14285714285714,3.1065
329919,1,혜택·대학생 특화형,4.235220710840663,68.07692307692307,1.5819
329727,1,혜택·대학생 특화형,5.145255836970995,170.61538461538453,4.1479
328412,1,혜택·대학생 특화형,5.117138014332859,165.85714285714286,5.2541
325229,1,혜택·대학생 특화형,4.679150598986081,106.67857142857135,5.2896
325258,1,혜택·대학생 특화형,3.9437717037427262,50.61290322580645,3.2505
325427,1,혜택·대학생 특화형,2.459154153685586,10.69491525423729,3.0111
326275,1,혜택·대학생 특화형,3.49902963089919,32.08333333333333,3.2468
326788,1,혜택·대학생 특화형,2.6114693730964293,12.619047619047615,2.2642
326948,0,일반·범용 모집형,3.039749158970765,19.899999999999995,1.7588
327065,1,혜택·대학생 특화형,4.111459172940387,60.035714285714306,3.5098
327522,1,혜택·대학생 특화형,3.618005114527279,36.26315789473683,1.016
328318,1,혜택·대학생 특화형,2.693661463650111,13.785714285714292,2.3316
329041,0,일반·범용 모집형,1.4613295470628045,3.311688311688311,0.7843
329174,1,혜택·대학생 특화형,3.705408756065147,39.66666666666668,2.7311
311852,1,혜택·대학생 특화형,1.9284908645832488,5.879120879120881,2.4299
331119,1,혜택·대학생 특화형,4.582924577040772,96.80000000000001,4.5455
329131,1,혜택·대학생 특화형,3.7932394694381792,43.400000000000006,2.6114
330058,1,혜택·대학생 특화형,3.3499040872746053,27.500000000000014,2.6263
330680,0,일반·범용 모집형,5.233778845410465,186.49999999999994,5.0045
326393,1,혜택·대학생 특화형,5.771016224037156,319.8636363636364,3.9505
328900,0,일반·범용 모집형,3.820847124762276,44.64285714285714,3.52
328926,0,일반·범용 모집형,2.902206215543168,17.21428571428572,0.8299
326835,1,혜택·대학생 특화형,6.577416196064372,717.6800000000006,4.4755
327481,1,혜택·대학생 특화형,5.648974238161206,283.00000000000006,4.735
326855,0,일반·범용 모집형,3.743604353803183,41.250000000000014,2.8571
330296,0,일반·범용 모집형,5.0361405845046185,152.87500000000014,3.7612
326942,1,혜택·대학생 특화형,5.144166686720777,170.42857142857125,4.0514
327109,1,혜택·대학생 특화형,4.894933424643697,132.61111111111114,3.0582
312081,0,일반·범용 모집형,3.728309175523805,40.608695652173935,1.1242
313751,1,혜택·대학생 특화형,3.2416728111908384,24.576470588235296,2.7764
305351,1,혜택·대학생 특화형,2.482896598859976,10.975903614457831,2.2503
316277,0,일반·범용 모집형,2.3102479657396144,9.076923076923073,2.4213
323385,0,일반·범용 모집형,3.062107342498864,20.372549019607852,0.5775
325943,1,혜택·대학생 특화형,3.4365645254994464,30.07999999999999,2.2606
327565,0,일반·범용 모집형,3.3551534431607486,27.650000000000002,3.9783
327690,1,혜택·대학생 특화형,4.519067486934679,90.74999999999994,5.1791
328759,0,일반·범용 모집형,3.808142874940754,44.06666666666668,3.4796
329149,1,혜택·대학생 특화형,3.255345504649592,24.928571428571427,0.5731
329638,1,혜택·대학생 특화형,4.345967584858179,76.16666666666664,4.1575
329802,0,일반·범용 모집형,3.8086806539265567,44.09090909090908,2.268
329810,0,일반·범용 모집형,3.6351909490004304,36.90909090909089,3.202
329813,0,일반·범용 모집형,3.2708355637989115,25.333333333333325,3.9474
329883,1,혜택·대학생 특화형,3.098011122674409,21.153846153846146,1.0909
330264,0,일반·범용 모집형,4.42484663185681,82.50000000000001,2.7273
330866,0,일반·범용 모집형,3.948492685209537,50.85714285714283,1.4045
337860,1,혜택·대학생 특화형,0.0943106794712413,0.09890109890109888,0.0
327836,1,혜택·대학생 특화형,3.7577056450437887,41.849999999999994,3.7037
328110,1,혜택·대학생 특화형,4.786449533203602,118.875,4.7844
317648,1,혜택·대학생 특화형,3.2106064333856943,23.79411764705883,0.4944
320753,1,혜택·대학생 특화형,2.350441114171681,9.490196078431374,0.6198
321935,1,혜택·대학생 특화형,2.343407087514301,9.41666666666667,2.4336
323575,0,일반·범용 모집형,3.0349529867072724,19.800000000000004,2.3088
325094,1,혜택·대학생 특화형,3.1128416817009006,21.48484848484849,4.5134
325224,1,혜택·대학생 특화형,2.6833020314130165,13.63333333333334,4.401
326326,1,혜택·대학생 특화형,4.379619894643316,78.80769230769224,2.6842
326473,1,혜택·대학생 특화형,3.430673199795109,29.897435897435898,5.2316
329571,0,일반·범용 모집형,4.913267443182465,135.0833333333334,4.9352
326476,1,혜택·대학생 특화형,4.141369500866964,61.888888888888914,3.471
324822,1,혜택·대학생 특화형,4.4168305568685735,81.83333333333331,5.499
325331,1,혜택·대학생 특화형,5.268373490174964,193.0999999999999,6.9049
328367,1,혜택·대학생 특화형,7.557398299801887,1913.8571428571422,4.1838
328858,0,일반·범용 모집형,3.8994442232212863,48.375000000000014,3.876
331149,0,일반·범용 모집형,4.955827057601261,141.00000000000003,4.2553
322827,1,혜택·대학생 특화형,2.626093093828544,12.81967213114754,3.8363
328794,1,혜택·대학생 특화형,4.170533700579647,63.74999999999996,3.8235
306443,1,혜택·대학생 특화형,1.997203443442864,6.3684210526315805,2.7548
313137,0,일반·범용 모집형,1.7620175000293172,4.824175824175823,1.3667
325219,1,혜택·대학생 특화형,4.067315889834181,57.39999999999999,2.9036
325547,1,혜택·대학생 특화형,4.9253194485773735,136.7333333333333,3.3155
325991,1,혜택·대학생 특화형,3.299943647956982,26.1111111111111,4.6809
326637,1,혜택·대학생 특화형,4.229685910091863,67.69565217391306,5.1381
326718,1,혜택·대학생 특화형,3.698004361890937,39.36666666666667,6.3506
327226,1,혜택·대학생 특화형,2.399676217169365,10.019607843137253,1.9569
328821,1,혜택·대학생 특화형,3.848728155055832,45.93333333333332,2.6125
328838,0,일반·범용 모집형,4.071624640278606,57.65217391304347,2.3379
328988,1,혜택·대학생 특화형,3.5695326964813705,34.500000000000014,2.8986
329144,1,혜택·대학생 특화형,3.591424117963223,35.28571428571428,5.0607
329489,1,혜택·대학생 특화형,4.986762857889774,145.46153846153848,2.4855
330300,0,일반·범용 모집형,3.848626688869352,45.92857142857144,2.0218
330632,1,혜택·대학생 특화형,3.151754736800929,22.377049180327848,5.4212
330792,0,일반·범용 모집형,5.340281565647069,207.57142857142856,4.8176
331612,0,일반·범용 모집형,5.536021069193576,252.66666666666666,4.4855
331618,0,일반·범용 모집형,3.819280953729531,44.571428571428555,0.3205
331772,1,혜택·대학생 특화형,5.730099782973574,306.9999999999999,4.2345
329709,0,일반·범용 모집형,5.070998443823346,158.33333333333334,3.5789
329980,1,혜택·대학생 특화형,4.668815451148448,105.57142857142861,6.0893
329281,1,혜택·대학생 특화형,3.380471251145038,28.384615384615376,2.71
326622,1,혜택·대학생 특화형,7.181954001096631,1314.476190476191,4.6008
329733,1,혜택·대학생 특화형,4.549006752104498,93.53846153846155,2.0559
328223,0,일반·범용 모집형,4.562262684976815,94.80000000000004,6.962
331770,0,일반·범용 모집형,5.101896885374582,163.33333333333354,3.0612
329189,1,혜택·대학생 특화형,5.321382639479033,203.66666666666674,1.7349
329259,1,혜택·대학생 특화형,4.587151680485412,97.21428571428565,4.6289
332065,1,혜택·대학생 특화형,2.7386871705641,14.466666666666665,4.1475
332098,0,일반·범용 모집형,5.744070993570313,311.3333333333335,1.8201
330015,0,일반·범용 모집형,3.242592351485517,24.6,0.813
331540,0,일반·범용 모집형,3.558913127653911,34.12500000000004,1.8315
330523,1,혜택·대학생 특화형,4.378269585796169,78.7,3.6849
330856,1,혜택·대학생 특화형,5.27556037942542,194.5,4.1131
330838,1,혜택·대학생 특화형,4.986171821917881,145.37499999999994,4.9011
325617,1,혜택·대학생 특화형,3.500539824994419,32.13333333333334,2.4896
323209,1,혜택·대학생 특화형,2.165725910276848,7.720930232558134,2.1084
325970,1,혜택·대학생 특화형,6.046934293152344,421.8148148148153,3.3453
330195,1,혜택·대학생 특화형,5.1481402630806485,171.111111111111,6.8182
329412,1,혜택·대학생 특화형,5.240990871356319,187.85714285714295,2.2433
312623,1,혜택·대학생 특화형,1.9737757291184024,6.1978021978022015,0.5319
328178,0,일반·범용 모집형,3.6243409329763647,36.499999999999986,1.7808
331313,1,혜택·대학생 특화형,4.703506086708954,109.3333333333334,4.7256
328784,1,혜택·대학생 특화형,7.005839385669188,1102.0555555555566,2.7323
312774,1,혜택·대학생 특화형,3.6043624660454783,35.75824175824174,5.716
329974,1,혜택·대학생 특화형,4.859812404361672,127.99999999999997,5.1136
330698,1,혜택·대학생 특화형,4.798541578968631,120.33333333333339,5.4478
329889,1,혜택·대학생 특화형,4.762950633865928,116.09090909090902,1.018
329381,1,혜택·대학생 특화형,3.758460387952442,41.88235294117647,3.0899
312855,0,일반·범용 모집형,2.300384872084443,8.978021978021976,4.284
330711,0,일반·범용 모집형,2.863442346017534,16.521739130434792,0.7895
332096,0,일반·범용 모집형,5.419428192297095,224.74999999999994,0.7786
332342,0,일반·범용 모집형,4.595119850134591,98.00000000000007,1.3605
327802,1,혜택·대학생 특화형,4.42102879247715,82.18181818181814,4.9779
330317,1,혜택·대학생 특화형,6.840760410157858,934.1999999999997,4.3353
327736,1,혜택·대학생 특화형,6.31115717989231,549.6818181818178,1.3065
331113,1,혜택·대학생 특화형,5.185988181574117,177.74999999999994,4.4304
332346,1,혜택·대학생 특화형,4.700480365792417,109.00000000000004,3.6697
331892,0,일반·범용 모집형,4.189654742026426,65.00000000000003,3.4615
328142,1,혜택·대학생 특화형,3.8672248625282513,46.809523809523796,1.6277
330454,1,혜택·대학생 특화형,4.721740365219266,111.36363636363642,2.449
332093,1,혜택·대학생 특화형,3.062222014822824,20.375000000000004,0.0
327701,1,혜택·대학생 특화형,3.981711287235194,52.608695652173886,3.8843
329939,1,혜택·대학생 특화형,4.728861658330641,112.16666666666664,3.7147
328390,1,혜택·대학생 특화형,6.801575714545124,898.2631578947374,0.9316
328185,1,혜택·대학생 특화형,4.495355319980885,88.60000000000005,2.0316
330868,0,일반·범용 모집형,3.64283551561253,37.20000000000001,1.8817
329717,1,혜택·대학생 특화형,4.699267509367207,108.86666666666666,6.0012
329708,0,일반·범용 모집형,3.5718773634406245,34.58333333333334,0.7229
329714,1,혜택·대학생 특화형,4.523824546534139,91.18750000000001,5.4832
329901,1,혜택·대학생 특화형,5.178970608915471,176.5,4.8159
329931,1,혜택·대학생 특화형,4.028323461124308,55.166666666666735,3.6254
330189,0,일반·범용 모집형,3.05314318076733,20.18181818181818,1.8018
331827,1,혜택·대학생 특화형,3.5115454388310203,32.499999999999986,0.0
329877,1,혜택·대학생 특화형,5.236851044447436,187.07692307692307,2.2204
328389,1,혜택·대학생 특화형,3.940047672876344,50.42105263157903,3.0271
329641,1,혜택·대학생 특화형,4.637960008811082,102.33333333333333,4.43
331143,0,일반·범용 모집형,4.526307337562367,91.41666666666666,4.7402
326702,1,혜택·대학생 특화형,2.5790938648477013,12.185185185185185,0.304
332087,0,일반·범용 모집형,3.320775814351581,26.68181818181818,2.7257
319615,1,혜택·대학생 특화형,2.771580149284896,14.98387096774193,3.6598
330591,1,혜택·대학생 특화형,4.959072057744588,141.46153846153842,4.5133
330248,1,혜택·대학생 특화형,5.152401914723792,171.84615384615378,7.0278
329256,0,일반·범용 모집형,5.0569532691202985,156.1111111111111,3.0249
332571,0,일반·범용 모집형,5.43546720469527,228.39999999999986,4.2907
329894,1,혜택·대학생 특화형,6.311734809152914,549.9999999999997,3.8052
326445,0,일반·범용 모집형,4.176865585910105,64.16129032258068,5.8321
322039,1,혜택·대학생 특화형,3.019927002141048,19.489795918367346,3.8743
327639,1,혜택·대학생 특화형,4.547785502207139,93.42307692307695,6.9164
331981,1,혜택·대학생 특화형,4.137829674161839,61.66666666666665,2.4324
330024,1,혜택·대학생 특화형,4.081162825520036,58.21428571428571,4.908
330428,1,혜택·대학생 특화형,4.806360227086429,121.28571428571436,4.4759
331089,1,혜택·대학생 특화형,4.737792074229774,113.18181818181826,6.5863
331750,0,일반·범용 모집형,3.629660094453965,36.699999999999996,0.0
332294,0,일반·범용 모집형,2.8860890961041634,16.923076923076916,1.3636
328005,1,혜택·대학생 특화형,7.457279501601477,1731.4285714285681,4.2079
327279,0,일반·범용 모집형,2.933096702562506,17.785714285714285,1.8072
327773,1,혜택·대학생 특화형,4.102643365036796,59.50000000000001,4.0216
328439,1,혜택·대학생 특화형,4.986212486375117,145.38095238095224,2.3911
329764,0,일반·범용 모집형,3.5486026733498823,33.76470588235295,3.3101
330286,1,혜택·대학생 특화형,3.4293682586288514,29.857142857142847,2.6316
331094,1,혜택·대학생 특화형,4.626753757655266,101.18181818181824,6.1995
331572,0,일반·범용 모집형,3.123565645063876,21.727272727272727,1.2552
328830,1,혜택·대학생 특화형,4.380239324099785,78.85714285714278,5.6159
328497,1,혜택·대학생 특화형,4.327595590614364,74.76190476190479,7.3885
331241,1,혜택·대학생 특화형,3.4701902531491067,31.14285714285714,1.6055
327052,1,혜택·대학생 특화형,4.865823586051953,128.77777777777783,4.4866
331312,1,혜택·대학생 특화형,5.344723739362193,208.5000000000001,4.7962
331660,1,혜택·대학생 특화형,5.16967197712914,174.8571428571429,5.4739
324754,1,혜택·대학생 특화형,4.069235196135387,57.51219512195123,4.5377
329548,1,혜택·대학생 특화형,8.658295849537078,5756.714285714284,3.6157
313160,0,일반·범용 모집형,1.9874226429595845,6.296703296703302,4.363
325525,1,혜택·대학생 특화형,3.685301632766053,38.857142857142875,4.7794
327991,0,일반·범용 모집형,2.888054259755802,16.958333333333332,5.6511
328761,0,일반·범용 모집형,3.483800910197365,31.58333333333332,1.9789
329814,1,혜택·대학생 특화형,2.6007384653131225,12.473684210526322,1.2658
331271,1,혜택·대학생 특화형,3.795489189172194,43.499999999999964,0.9195
331748,1,혜택·대학생 특화형,3.0092764986617486,19.27272727272728,2.3585
331998,0,일반·범용 모집형,3.95800811866997,51.35294117647061,1.3746
332709,0,일반·범용 모집형,4.683453104382135,107.1428571428571,3.2
329315,1,혜택·대학생 특화형,4.829202231363416,124.11111111111107,3.2229
330796,1,혜택·대학생 특화형,5.147978855607132,171.0833333333332,3.02
330840,1,혜택·대학생 특화형,5.906042815053986,366.2499999999999,5.7793
332402,1,혜택·대학생 특화형,4.953006181259619,140.59999999999997,2.845
332340,1,혜택·대학생 특화형,5.853843169231934,347.5714285714284,5.3843
277028,1,혜택·대학생 특화형,1.5177645223386595,3.56201550387597,1.741
332561,0,일반·범용 모집형,4.897839799950911,132.99999999999997,4.0816
332264,1,혜택·대학생 특화형,4.701778224508016,109.1428571428571,5.1047
311996,1,혜택·대학생 특화형,2.8612585218209365,16.48351648351648,2.8
325382,0,일반·범용 모집형,2.994342419264936,18.97222222222221,2.3426
313698,1,혜택·대학생 특화형,2.6577203907471856,13.263736263736268,4.4739
327569,1,혜택·대학생 특화형,2.3178525651248343,9.153846153846155,2.9412
330021,0,일반·범용 모집형,3.210843653170937,23.80000000000001,1.6807
332817,1,혜택·대학생 특화형,4.787491742782047,119.00000000000009,2.3109
330090,0,일반·범용 모집형,4.692570376268924,108.13333333333328,3.5142
332132,1,혜택·대학생 특화형,4.138589264019858,61.714285714285715,6.0185
332350,1,혜택·대학생 특화형,4.841558964052322,125.66666666666664,6.4191
313732,1,혜택·대학생 특화형,3.625073265488041,36.52747252747255,7.491
321847,1,혜택·대학생 특화형,6.645957520686387,768.6666666666673,2.8139
313524,1,혜택·대학생 특화형,2.6752847980054755,13.51648351648352,2.5203
329787,1,혜택·대학생 특화형,4.576999309021395,96.22222222222221,1.6744
330953,1,혜택·대학생 특화형,3.7803945629497098,42.83333333333334,3.5019
331543,0,일반·범용 모집형,3.775630380522591,42.62499999999998,2.9326
325605,1,혜택·대학생 특화형,8.097040750556195,3283.7333333333295,4.1457
313843,1,혜택·대학생 특화형,2.0697796307680987,6.923076923076921,1.746
325566,1,혜택·대학생 특화형,4.729597764363144,112.25000000000011,2.8953
329769,1,혜택·대학생 특화형,6.176757874291093,480.42857142857093,5.055
332037,1,혜택·대학생 특화형,4.161413662525389,63.16216216216216,6.3757
330601,1,혜택·대학생 특화형,3.3598792323314246,27.785714285714292,1.7995
330770,1,혜택·대학생 특화형,5.816898552329789,334.92857142857133,1.9834
332562,1,혜택·대학생 특화형,5.338339040897522,207.16666666666657,0.3218
313872,1,혜택·대학생 특화형,4.197119320105471,65.49450549450546,4.1946
314370,0,일반·범용 모집형,1.914009517388538,5.780219780219782,3.0418
331292,0,일반·범용 모집형,5.025902766227044,151.30769230769226,3.2537
331136,1,혜택·대학생 특화형,4.676416925860781,106.38461538461534,4.9892
329192,1,혜택·대학생 특화형,3.6541938961260474,37.636363636363676,1.4493
331280,1,혜택·대학생 특화형,4.23023428291475,67.73333333333332,1.6732
333076,0,일반·범용 모집형,5.956947042225269,385.4285714285716,1.6308
331142,1,혜택·대학생 특화형,4.611305174555607,99.6153846153846,5.1737
331939,1,혜택·대학생 특화형,6.688977185177567,802.4999999999998,3.7259
331132,1,혜택·대학생 특화형,6.201812294476136,492.6428571428574,4.7702
320137,1,혜택·대학생 특화형,3.887666273923406,47.796874999999964,5.5247
314221,0,일반·범용 모집형,1.8259662246295911,5.20879120879121,3.1646
326943,1,혜택·대학생 특화형,3.7463618895272983,41.36666666666665,2.9815
329648,0,일반·범용 모집형,3.8521718938992895,46.095238095238116,3.9256
330694,1,혜택·대학생 특화형,4.119579033400642,60.53333333333334,2.4229
331044,0,일반·범용 모집형,4.096722684627069,59.14285714285717,5.314
331966,0,일반·범용 모집형,4.81380905109942,122.20000000000005,6.9558
324778,1,혜택·대학생 특화형,4.91212953768089,134.92857142857133,3.1763
314733,0,일반·범용 모집형,2.7753322081855325,15.043956043956051,1.607
331306,1,혜택·대학생 특화형,4.513211526417281,90.21428571428578,5.4632
331427,0,일반·범용 모집형,2.833213344056216,16.0,0.4808
332803,1,혜택·대학생 특화형,4.325078282802986,74.57142857142856,1.1494
332452,1,혜택·대학생 특화형,3.896345192708917,48.22222222222226,2.765
331357,0,일반·범용 모집형,2.19722457733622,8.000000000000005,2.6786
331682,1,혜택·대학생 특화형,3.961678595874007,51.545454545454554,2.8219
332424,1,혜택·대학생 특화형,3.2750460963352555,25.444444444444446,0.0
333963,0,일반·범용 모집형,4.262679877041316,70.00000000000007,1.4286
330665,1,혜택·대학생 특화형,5.1412979926163,169.93749999999994,3.972
330333,1,혜택·대학생 특화형,7.441853438770751,1704.9090909090921,4.9323
330299,1,혜택·대학생 특화형,2.9299808959912106,17.727272727272727,3.3333
331404,1,혜택·대학생 특화형,3.958088372271393,51.357142857142854,4.5897
332679,0,일반·범용 모집형,4.26619481914876,70.25,4.6263
333267,1,혜택·대학생 특화형,4.965837151196362,142.4285714285715,2.8084
327715,1,혜택·대학생 특화형,2.9982930944156645,19.051282051282048,1.8843
328720,1,혜택·대학생 특화형,3.745877598701198,41.346153846153854,0.4651
331329,1,혜택·대학생 특화형,3.0571409016826347,20.266666666666673,1.3158
332923,0,일반·범용 모집형,4.548599834499697,93.50000000000001,3.1194
333166,1,혜택·대학생 특화형,2.856470206220483,16.4,1.2195
333290,0,일반·범용 모집형,2.967204189939453,18.437499999999996,0.339
333463,0,일반·범용 모집형,3.8994442232212863,48.375000000000014,2.584
334395,0,일반·범용 모집형,2.747270914255491,14.599999999999998,0.6849
332384,1,혜택·대학생 특화형,5.410305868496084,222.70000000000005,2.7391
332851,1,혜택·대학생 특화형,5.357057861570636,211.0999999999999,6.1582
329474,1,혜택·대학생 특화형,5.0702273912985,158.2105263157893,4.6241
333470,1,혜택·대학생 특화형,2.917770732084279,17.499999999999996,1.7143
331238,1,혜택·대학생 특화형,5.298983811091197,199.1333333333332,5.3565
330402,1,혜택·대학생 특화형,4.120842229454203,60.61111111111114,3.0247
286402,0,일반·범용 모집형,2.911962390488533,17.392857142857157,1.0267
278095,0,일반·범용 모집형,0.7484098592349947,1.1136363636363633,0.0
299229,0,일반·범용 모집형,4.740574822994295,113.50000000000003,0.7342
293425,1,혜택·대학생 특화형,4.245315589131979,68.77777777777779,3.7695
298601,1,혜택·대학생 특화형,5.441334873382961,229.74999999999986,4.6246
293478,1,혜택·대학생 특화형,4.251664816810639,69.22222222222226,4.8689
297053,0,일반·범용 모집형,3.796237972434436,43.53333333333335,3.2159
298877,0,일반·범용 모집형,5.888086192654146,359.7142857142855,4.9643
305568,1,혜택·대학생 특화형,5.274423046348601,194.27777777777786,4.3752
307422,1,혜택·대학생 특화형,5.017279836814923,149.99999999999986,5.0303
306843,1,혜택·대학생 특화형,3.6125064753293614,36.05882352941173,4.5677
307036,1,혜택·대학생 특화형,4.741345140146264,113.58823529411764,4.1947
307553,1,혜택·대학생 특화형,3.915765991706981,49.18750000000002,2.6684
307737,0,일반·범용 모집형,4.132878226224343,61.357142857142826,2.6775
308259,1,혜택·대학생 특화형,4.856228171133856,127.53846153846143,0.4825
308780,1,혜택·대학생 특화형,4.763881877142913,116.20000000000003,4.7332
310102,1,혜택·대학생 특화형,6.139165903255334,462.66666666666697,3.8184
310315,1,혜택·대학생 특화형,3.213644775450648,23.8695652173913,2.3679
307847,1,혜택·대학생 특화형,3.022049581871364,19.533333333333324,1.0239
300779,1,혜택·대학생 특화형,2.684440335463077,13.650000000000007,2.0757
308673,0,일반·범용 모집형,4.8032756104833085,120.90909090909098,3.3083
309363,1,혜택·대학생 특화형,3.1657232178904677,22.705882352941195,1.5544
309583,1,혜택·대학생 특화형,3.75244093560368,41.62499999999996,3.003
310546,0,일반·범용 모집형,3.886238888272432,47.72727272727276,2.0952
298478,1,혜택·대학생 특화형,1.9694406464655076,6.166666666666668,2.4324
306317,1,혜택·대학생 특화형,2.851756921768385,16.31818181818182,2.507
307006,1,혜택·대학생 특화형,3.488208758651785,31.727272727272727,3.1519
307330,1,혜택·대학생 특화형,3.663561646129647,38.00000000000003,3.7152
308661,1,혜택·대학생 특화형,3.1704492309627264,22.81818181818182,1.1952
309062,1,혜택·대학생 특화형,6.140961558253893,463.49999999999983,2.7616
305233,1,혜택·대학생 특화형,3.140141784325697,22.10714285714287,0.9693
307222,0,일반·범용 모집형,3.2999436479569826,26.111111111111114,2.3404
307581,0,일반·범용 모집형,3.001597393006389,19.11764705882353,0.6154
308937,1,혜택·대학생 특화형,3.6777061535158113,38.555555555555564,0.8646
309518,0,일반·범용 모집형,3.151385583265785,22.368421052631593,1.8824
291073,1,혜택·대학생 특화형,2.025832091074455,6.582417582417582,1.1686
306612,1,혜택·대학생 특화형,6.904117089843469,995.368421052631,4.0874
306931,0,일반·범용 모집형,3.197598426420916,23.473684210526322,2.4664
307930,1,혜택·대학생 특화형,5.556103861305786,257.8125,2.9333
308641,1,혜택·대학생 특화형,2.789937360574394,15.279999999999998,1.3089
308654,1,혜택·대학생 특화형,3.951243718581429,51.00000000000008,5.075
308992,1,혜택·대학생 특화형,4.30406509320417,73.00000000000003,3.1963
309075,1,혜택·대학생 특화형,3.657388787022566,37.76000000000001,1.4831
309231,1,혜택·대학생 특화형,5.91943134420815,371.2,3.125
309450,1,혜택·대학생 특화형,4.9424357586287,139.1111111111111,1.1981
310142,1,혜택·대학생 특화형,3.690348962093296,39.05882352941175,5.2711
310960,0,일반·범용 모집형,3.729701448634191,40.66666666666665,0.0
310961,0,일반·범용 모집형,5.538645742616348,253.33333333333346,1.5789
310970,1,혜택·대학생 특화형,4.229263880121471,67.66666666666666,0.0
311043,1,혜택·대학생 특화형,4.914658225304227,135.27272727272725,3.0242
317903,1,혜택·대학생 특화형,4.414312298171851,81.62500000000001,3.0628
